Case,X,Y,Z,a,v,index
37,-0.3197303,0.6194752,0.47801,0
37,-0.2288994,0.6118518,0.4109651,1
37,-0.2684723,0.7655965,0.6215277,2
37,-0.4418626,0.6882902,0.5145124,3
37,-0.1092475,0.6071706,0.4011233,4
37,-0.2621471,0.9267849,0.5113225,5
37,-0.01208273,0.6301112,0.671613,6
37,-0.1771002,0.7084455,0.6160135,7
37,-0.369003,0.7815415,0.4979818,8
37,-0.06178272,0.7246993,0.6831731,9
37,-0.08189976,0.8996423,0.5021122,10
37,-0.02377722,1.038978,0.4180418,11
37,-0.1374396,0.9708613,0.4260783,12
37,0.08221602,0.8925573,0.6341234,13
37,-0.4692136,0.7860814,0.4753065,14
37,0.08616108,0.6794285,0.4597315,15
37,0.05292755,0.9826145,0.4835729,16
37,0.1461641,1.013827,0.5092649,17
37,-0.4787015,0.9138547,0.5084056,18
37,-0.3697257,0.9025645,0.6009443,19
37,0.06514013,1.126018,0.4755865,20
37,0.1775692,1.129011,0.5076259,21
37,-0.4844067,1.062822,0.5700217,22
37,-0.3670008,1.050887,0.5252202,23
37,-0.4484123,1.150846,0.4933372,24
37,0.2574697,0.7207106,0.4240328,25
37,-0.4132518,1.270209,0.5399511,26
37,-0.177464,1.075511,0.4322769,27
37,0.2334713,1.377326,0.6653941,28
37,-0.03673741,1.128299,0.5118486,29
37,-0.2002956,1.167941,0.6528581,30
37,0.3736222,0.6859351,0.5284964,31
37,0.08654445,1.316522,0.3963345,32
37,0.1170372,1.21386,0.5803795,33
37,0.378138,0.8843296,0.4934122,34
37,-0.03932703,1.25606,0.4623672,35
37,0.1570682,0.6124464,0.5121486,36
37,-0.4246038,1.398966,0.4703632,37
37,0.3984824,1.011159,0.4523668,38
37,0.2889054,0.6269898,0.5506321,39
37,0.3532325,1.320926,0.4683554,40
37,0.4518052,1.211723,0.4118828,41
37,0.4798469,1.061254,0.4938955,42
37,0.08975023,1.469856,0.398742,43
37,0.3646182,0.7896065,0.6771446,44
37,0.4955791,0.8052853,0.390992,45
37,0.204542,1.478765,0.5778103,46
37,0.3663836,1.165688,0.6543881,47
37,-0.3017452,1.359845,0.4633639,48
37,0.4593034,0.9393228,0.4208326,49
37,0.1559528,1.571309,0.5225978,50
37,0.3182267,1.590528,0.4734792,51
37,0.03726441,1.592769,0.6439481,52
37,0.4865476,0.7129642,0.5008296,53
37,0.4353801,1.377072,0.4880861,54
37,0.3141982,1.447388,0.3895034,55
37,0.446219,0.6164688,0.5011761,56
37,0.4586262,1.570512,0.4492537,57
37,0.4585413,1.477788,0.5007143,58
37,-0.07488546,1.53842,0.4838663,59
37,-0.224272,1.444457,0.5199275,60
37,-0.1784089,1.543609,0.6602624,61
37,-0.4725656,1.50854,0.6690124,62
37,-0.09854433,1.436943,0.4680179,63
37,-0.4996533,1.34722,0.4251502,64
37,-0.2748905,1.584423,0.5524777,65
37,-0.127295,1.223146,0.5357915,66
37,-0.3117619,1.499223,0.582576,67
37,-0.3768137,1.565236,0.4725447,68
