Case,X,Y,Z,a,v,index
39,0.3488177,0.778896,0.3913531,0
39,0.3008358,0.697028,0.4698466,1
39,0.4347376,0.6616335,0.617415,2
39,0.4536091,0.8791662,0.6571234,3
39,0.469316,0.7732154,0.4606436,4
39,0.303499,0.6022884,0.4126369,5
39,0.4362853,1.009791,0.5307456,6
39,0.4921825,1.09003,0.4084618,7
39,0.2136672,1.06798,0.677901,8
39,0.4540554,1.203233,0.47414,9
39,0.3462772,0.8885531,0.6170154,10
39,0.1992872,0.742202,0.6115313,11
39,0.1511558,0.6208963,0.5103515,12
39,0.09459203,0.7237913,0.6647127,13
39,0.3664721,1.22648,0.6737984,14
39,0.01683468,0.6572207,0.3929378,15
39,0.09791124,1.003045,0.6167279,16
39,0.2694829,1.346195,0.5306338,17
39,-0.04950175,0.7397292,0.4440751,18
39,0.4477885,1.34988,0.4857602,19
39,0.05844051,1.102358,0.6278341,20
39,-0.1490551,0.6450445,0.5281086,21
39,-0.05454108,0.9386307,0.5565094,22
39,0.2576457,0.8286129,0.520726,23
39,-0.1833769,0.7980596,0.455098,24
39,0.1739385,1.182791,0.4137509,25
39,0.06532264,1.192267,0.4687684,26
39,0.3663334,1.414148,0.4547345,27
39,-0.05846703,1.178781,0.4278109,28
39,0.1211624,1.277744,0.6436892,29
39,-0.2739692,0.6033288,0.432317,30
39,-0.360884,0.802093,0.5348967,31
39,-0.3686657,0.9135329,0.4526295,32
39,-0.271823,0.7781336,0.4022519,33
39,0.3106644,1.544148,0.4886189,34
39,-0.07319194,1.089597,0.6589849,35
39,-0.461977,0.9921564,0.4722921,36
39,-0.4426965,0.7587916,0.587417,37
39,-0.4118688,1.141658,0.458651,38
39,0.4530125,1.510748,0.6687251,39
39,-0.3675558,0.6743289,0.5057468,40
39,-0.4503772,0.6142411,0.4847772,41
39,0.4054822,1.590431,0.4501731,42
39,0.4940095,1.42846,0.4941229,43
39,-0.4615832,0.8611921,0.5825896,44
39,-0.1720218,1.029858,0.4144676,45
39,-0.1882941,1.121469,0.5804918,46
39,-0.005484343,1.017635,0.4188244,47
39,-0.4927758,1.080562,0.3962705,48
39,-0.129785,1.282464,0.4625255,49
39,0.1338615,1.55652,0.551564,50
39,0.05117142,1.337271,0.5618948,51
39,0.2737904,1.451555,0.6723876,52
39,0.2217969,1.588822,0.5973441,53
39,-0.0623205,1.34612,0.4472975,54
39,-0.3465214,1.333844,0.6195177,55
39,-0.3321229,1.441937,0.3890697,56
39,-0.03568828,1.524695,0.4482693,57
39,-0.3659637,1.221476,0.4681528,58
39,-0.4825236,1.350485,0.5207559,59
39,-0.2203856,1.46721,0.4050563,60
39,-0.4825652,1.23419,0.5719095,61
39,-0.1104492,1.58437,0.4343451,62
39,-0.2681144,1.55238,0.3999037,63
39,0.02951533,1.593865,0.4111564,64
39,-0.4725565,1.452929,0.5974635,65
39,-0.4162961,1.582988,0.4172495,66
39,-0.1087166,1.461608,0.4305564,67
