Case,X,Y,Z,a,v,index
14,-0.1152269,1.459708,0.5064238,0
14,0.08639407,1.14352,0.4645222,1
14,-0.2957572,1.355853,0.6788052,2
14,-0.1006594,1.210386,0.5298058,3
14,0.1747785,1.422019,0.5257176,4
14,0.0797019,1.585255,0.3887422,5
14,0.3974426,1.175603,0.5267141,6
14,0.1339665,1.035326,0.5769194,7
14,0.2134618,1.578127,0.4341098,8
14,0.2675947,1.354327,0.584536,9
14,0.3676519,0.9931097,0.4856099,10
14,-0.1867914,1.375142,0.4017658,11
14,-0.4080095,1.388047,0.4231214,12
14,0.3123724,1.482345,0.3977924,13
14,0.003992617,1.487729,0.4911775,14
14,-0.2670633,1.576562,0.4118035,15
14,0.4307281,1.530177,0.4531074,16
14,-0.2237729,0.7959017,0.4676057,17
14,-0.418207,1.518465,0.6276214,18
14,0.422358,1.407844,0.5637927,19
14,-0.3420761,0.8170471,0.5067483,20
14,-0.3194771,1.469309,0.5357494,21
14,-0.005096912,1.042447,0.5097423,22
14,-0.1188856,1.575455,0.4848359,23
14,0.4711949,0.8552654,0.5721122,24
14,-0.3687426,1.267335,0.3902456,25
14,-0.3698151,1.004688,0.5309439,26
14,-0.09956709,0.7048731,0.399122,27
14,0.01950109,1.240084,0.6290404,28
14,-0.3650328,0.6819937,0.4200721,29
14,-0.4998064,0.8295761,0.4160157,30
14,-0.4837612,0.945189,0.4714833,31
14,0.1039754,0.7678976,0.5011163,32
14,-0.4697825,1.084587,0.428592,33
14,0.08473557,0.6127239,0.4816009,34
14,-0.2064633,0.6379846,0.4088233,35
14,0.4887085,1.049595,0.60078,36
14,0.2644665,0.6705368,0.5023004,37
14,0.3045452,0.7759336,0.6305131,38
14,-0.4996241,1.242079,0.4167707,39
14,0.3852997,1.299301,0.4038782,40
14,-0.4974052,0.6693391,0.4960519,41
14,0.4931325,1.24607,0.4386404,42
14,0.4408292,0.627739,0.4277408,43
14,0.4145756,0.7570799,0.5169541,44
14,0.3012792,0.8860451,0.5486027,45
14,-0.02699968,0.600678,0.4611388,46
