Case,X,Y,Z,a,v,index
35,-0.4236917,1.379919,0.4368374,0
35,-0.3510343,1.262049,0.6754615,1
35,-0.3361703,1.401426,0.4734615,2
35,-0.2401728,1.387114,0.5305001,3
35,-0.2411543,1.5293,0.4689482,4
35,-0.3230801,1.584775,0.5149691,5
35,-0.3627274,1.492598,0.5886644,6
35,-0.4580184,1.515637,0.6277344,7
35,-0.1536907,1.287405,0.4931794,8
35,-0.05333394,1.303264,0.4615802,9
35,-0.05583203,1.143731,0.5118605,10
35,-0.07240149,1.501744,0.6493227,11
35,-0.1364601,1.570014,0.4945506,12
35,-0.471402,1.3013,0.5024425,13
35,0.02413112,1.492545,0.4163562,14
35,-0.1672006,1.120064,0.4997136,15
35,0.1189915,1.497894,0.4029373,16
35,0.2345369,1.550643,0.5258464,17
35,0.3629864,1.469936,0.4758146,18
35,0.1232017,1.228761,0.5685081,19
35,0.2808809,1.369057,0.5782223,20
35,0.08693916,1.057127,0.4891832,21
35,-0.4637375,1.189993,0.669399,22
35,-0.1352412,0.9581932,0.4719777,23
35,0.3867007,1.30795,0.4114349,24
35,-0.009540647,1.581754,0.4269821,25
35,0.3399487,1.200396,0.6406626,26
35,0.2704908,1.461383,0.5733212,27
35,0.4069086,1.589145,0.5113598,28
35,-0.04334083,0.9708633,0.4001192,29
35,0.2017173,1.167466,0.4864527,30
35,-0.007267088,0.871531,0.4361939,31
35,-0.2159352,0.9983559,0.5235081,32
35,0.09386945,1.591269,0.4348974,33
35,0.02137649,1.193545,0.5031351,34
35,-0.4985571,1.030431,0.5836225,35
35,-0.4144136,0.9731382,0.4479731,36
35,0.0853501,0.9439493,0.4311466,37
35,0.4943095,1.555588,0.6586945,38
35,0.4562805,1.378667,0.4841297,39
35,-0.270602,0.8584629,0.4969164,40
35,0.2002844,0.9856838,0.4431593,41
35,0.4247269,1.155584,0.5039406,42
35,-0.1098399,0.7017295,0.6167762,43
35,-0.3872759,1.125813,0.4513152,44
35,-0.3302666,0.927451,0.3976334,45
35,-0.2691538,0.6720788,0.456146,46
35,-0.3409866,1.028156,0.4278712,47
35,0.006391108,0.7155195,0.6343592,48
35,0.008321166,0.6248311,0.4446794,49
35,0.4186081,1.051881,0.6359789,50
35,0.1393548,0.6704996,0.4743227,51
35,0.288992,0.7344834,0.4194478,52
35,-0.09754995,1.06045,0.6458417,53
35,0.3994049,0.9462279,0.5603786,54
35,0.3050218,0.9214715,0.5234243,55
35,-0.3435917,0.8035582,0.5306813,56
35,0.3695582,0.8021809,0.4101326,57
35,-0.3611657,0.6928428,0.4200759,58
35,-0.4740769,0.823333,0.4142589,59
35,-0.491163,0.6561128,0.4600627,60
35,-0.1638312,0.6028852,0.4360459,61
35,0.207973,0.606837,0.4703799,62
35,0.3568868,0.6285788,0.6085702,63
35,0.4701678,0.8865024,0.6684105,64
35,0.4807681,0.7374817,0.6376997,65
35,0.4945419,0.629858,0.4728262,66
35,0.1833881,0.7634553,0.3983139,67
