Case,X,Y,Z,a,v,index
5,0.009501994,1.167466,0.4250892,0
5,0.1867266,1.462806,0.4004112,1
5,-0.09964421,1.560996,0.5840762,2
5,0.4607139,1.235311,0.6077518,3
5,-0.09557852,1.443615,0.455583,4
5,0.4994676,1.111667,0.6735857,5
5,0.4908717,1.357578,0.4065467,6
5,-0.2088888,1.513801,0.5992346,7
5,0.3572323,1.485583,0.5942967,8
5,0.4905676,1.503937,0.5319402,9
5,0.4629035,0.955566,0.4515643,10
5,0.3882641,1.591805,0.5138245,11
5,0.2695013,1.572758,0.6078927,12
5,0.3607178,1.316786,0.6724963,13
5,-0.2690013,1.350988,0.5618073,14
5,0.2826281,1.394963,0.6324131,15
5,0.0120346,1.052443,0.4088264,16
5,0.07632858,1.554364,0.6113071,17
5,-0.02103782,0.6345962,0.4546794,18
5,-0.1466841,1.075139,0.4559864,19
5,0.2457824,0.8231745,0.4119431,20
5,-0.1689799,0.7627676,0.5197287,21
5,-0.06207523,0.9589568,0.4834056,22
5,-0.2844818,0.9043791,0.579309,23
5,-0.3922611,1.213108,0.6550583,24
5,0.1517232,0.6683275,0.6136116,25
5,-0.4645724,1.385281,0.5008981,26
5,-0.4812332,1.020087,0.394954,27
5,-0.4058843,0.850158,0.5337645,28
5,0.4134564,0.7548617,0.3953737,29
5,-0.494221,1.142682,0.4702111,30
5,0.2820135,0.6767685,0.6193103,31
5,-0.4986836,1.598936,0.5330727,32
5,-0.3259166,1.523617,0.6045199,33
5,-0.2594055,0.6900633,0.4694803,34
5,0.04998565,0.7735882,0.4336926,35
5,0.3518623,0.8958032,0.6039322,36
5,-0.1714083,0.6104065,0.4445283,37
5,0.4850643,0.6582474,0.4952835,38
5,-0.3655504,0.6531602,0.4150147,39
5,0.3784437,0.6016917,0.5055303,40
5,0.4927448,0.8483266,0.5171516,41
5,-0.3169044,0.7844891,0.4521582,42
5,-0.4892783,0.7243062,0.6274907,43
