Case,X,Y,Z,a,v,index
32,0.05079788,1.308148,0.4454713,0
32,0.1459917,1.241543,0.5324818,1
32,0.1693931,1.078866,0.5214639,2
32,-0.0791142,1.223945,0.4632396,3
32,0.07027918,0.9611352,0.4084615,4
32,-0.09468779,1.316744,0.4208962,5
32,-0.07863191,1.090083,0.4765531,6
32,0.3448468,1.323277,0.4497615,7
32,0.1690649,0.9452651,0.4247045,8
32,0.04739827,1.205556,0.5280901,9
32,0.06696564,1.10451,0.644449,10
32,0.1252836,1.543598,0.4162791,11
32,-0.1906662,1.095382,0.6589955,12
32,0.3551239,1.467647,0.5112255,13
32,0.2571737,1.436243,0.3930522,14
32,0.22158,1.537907,0.612459,15
32,-0.1890076,0.9789701,0.3962172,16
32,0.3145724,0.8551703,0.40388,17
32,0.4381212,1.105805,0.5246326,18
32,0.03310418,1.59417,0.4340218,19
32,0.4954886,1.367148,0.3900992,20
32,0.3629673,0.9336675,0.411667,21
32,-0.07003108,0.9964809,0.5341753,22
32,0.4765726,1.520358,0.5306245,23
32,0.3246013,1.554535,0.45289,24
32,0.4103707,1.017673,0.3959478,25
32,0.4157097,1.208416,0.4612309,26
32,-0.05328238,1.432814,0.5687262,27
32,0.1747215,0.6907867,0.5038524,28
32,-0.2765987,1.434675,0.4220157,29
32,0.2005388,1.16468,0.4509435,30
32,-0.4699368,1.039769,0.4783872,31
32,0.3933087,0.8013205,0.4795975,32
32,-0.1685671,1.468921,0.5179951,33
32,-0.347912,1.167507,0.4305002,34
32,0.2746617,0.7620283,0.4968103,35
32,-0.3304916,1.520158,0.5307921,36
32,-0.1214219,0.8968913,0.3975698,37
32,-0.3169752,1.280689,0.5913181,38
32,-0.08816075,1.55222,0.5099338,39
32,-0.3481826,0.9532686,0.6646426,40
32,0.03939092,1.449044,0.4308476,41
32,0.08432215,0.7112563,0.6034427,42
32,-0.4401827,1.58776,0.456196,43
32,0.4561779,0.9181718,0.3975487,44
32,0.4785457,0.7720386,0.5278021,45
32,-0.2407038,1.541528,0.4832931,46
32,-0.4053341,1.378944,0.6003892,47
32,0.4135481,0.6522281,0.6516978,48
32,-0.4351551,1.492505,0.6791072,49
32,-0.2902859,0.8763486,0.6171073,50
32,0.3218424,0.6032621,0.5113252,51
32,-0.3832163,0.7834972,0.3896113,52
32,-0.4756298,1.290986,0.4850021,53
32,-0.1776757,1.235185,0.5995709,54
32,-0.484624,1.169293,0.4702243,55
32,-0.07033187,0.6573662,0.5441631,56
32,-0.4707502,0.9165218,0.5315636,57
32,-0.4929003,0.7798056,0.6855354,58
32,0.01394135,0.6228281,0.6247082,59
32,-0.2207002,0.7783105,0.5844969,60
32,-0.2913744,0.7142367,0.6118105,61
32,-0.1404151,0.7312087,0.6196802,62
32,-0.1889148,0.6383536,0.4960161,63
32,-0.4394311,0.6377807,0.6710414,64
32,-0.2761074,0.6109136,0.5574971,65
32,-0.0189079,0.910104,0.5033349,66
