Case,X,Y,Z,a,v,index
17,-0.2780068,1.470732,0.6197649,0
17,-0.3191495,1.34453,0.442414,1
17,-0.4779992,1.541077,0.653258,2
17,-0.2719156,1.589713,0.6541921,3
17,-0.4088144,1.447086,0.3934348,4
17,-0.1559264,1.556402,0.5525746,5
17,-0.1529751,1.429497,0.584254,6
17,-0.4471014,1.266195,0.6694033,7
17,-0.396771,1.159251,0.45423,8
17,0.05855238,1.58949,0.4885303,9
17,-0.08360159,1.214856,0.4104329,10
17,-0.01573643,1.493653,0.3998998,11
17,-0.4964016,1.072494,0.6096844,12
17,0.1883995,1.568918,0.6214122,13
17,-0.3531768,1.054007,0.6187137,14
17,-0.4945068,1.367984,0.413824,15
17,-0.116456,1.015527,0.5034194,16
17,0.03971308,1.153224,0.4435167,17
17,-0.01982215,0.955097,0.5445085,18
17,-0.4473267,0.9350852,0.4141915,19
17,0.1005943,1.451986,0.4071868,20
17,-0.2611245,0.8642624,0.5348231,21
17,0.1333507,1.009739,0.4829982,22
17,0.217596,1.420658,0.3921936,23
17,0.3763959,1.547666,0.6159764,24
17,0.3501114,1.230271,0.3870958,25
17,-0.1402781,0.701728,0.5315457,26
17,-0.4314097,0.7761112,0.4126102,27
17,0.02652007,0.7307147,0.4740283,28
17,0.1373619,0.7408451,0.6580269,29
17,0.208514,0.642377,0.5555493,30
17,0.3904971,1.434248,0.4339946,31
17,-0.2734228,0.7546922,0.4904831,32
17,0.4856389,1.162052,0.4370294,33
17,-0.01060444,0.6132415,0.4048257,34
17,0.3890041,0.7041485,0.5093218,35
17,0.4880969,0.6285436,0.4143507,36
17,0.333151,0.9140787,0.4496979,37
17,-0.397907,0.6199264,0.4059228,38
17,0.386224,1.100352,0.5789046,39
17,0.4374813,0.8487814,0.5350448,40
17,-0.2563644,0.6340743,0.3979418,41
17,0.4807322,1.024816,0.3945929,42
17,0.3039011,0.7754599,0.5556164,43
17,0.4820269,1.342244,0.4665359,44
17,0.4955317,1.585192,0.4907603,45
