Case,X,Y,Z,a,v,index
5,-0.4236917,1.379919,0.3934416,0
5,-0.3510343,1.262049,0.5408901,1
5,-0.3361703,1.401426,0.4683775,2
5,-0.2401728,1.387114,0.4227188,3
5,-0.2411543,1.5293,0.5235562,4
5,-0.3230801,1.584775,0.6610887,5
5,-0.3627274,1.492598,0.5944232,6
5,-0.4580184,1.515637,0.5044131,7
5,-0.1536907,1.287405,0.5239558,8
5,-0.05333394,1.303264,0.5257443,9
5,-0.05583203,1.143731,0.4010013,10
5,-0.07240149,1.501744,0.6554075,11
5,-0.1364601,1.570014,0.3906219,12
5,-0.471402,1.3013,0.6033168,13
5,0.02413112,1.492545,0.4107253,14
5,-0.1672006,1.120064,0.4846972,15
5,0.1189915,1.497894,0.4761335,16
5,0.2345369,1.550643,0.6847736,17
5,0.3629864,1.469936,0.3871298,18
5,0.1232017,1.228761,0.4699076,19
5,0.2808809,1.369057,0.6169432,20
5,0.08693916,1.057127,0.6396393,21
5,-0.4637375,1.189993,0.4607934,22
5,-0.1352412,0.9581932,0.4164242,23
5,0.3867007,1.30795,0.4302956,24
5,-0.009540647,1.581754,0.6550003,25
5,0.3399487,1.200396,0.5839632,26
5,0.2704908,1.461383,0.4841211,27
5,0.4069086,1.589145,0.6072161,28
5,-0.04334083,0.9708633,0.5134453,29
5,0.2017173,1.167466,0.5403451,30
5,-0.007267088,0.871531,0.5660462,31
5,-0.2159352,0.9983559,0.5272757,32
5,0.09386945,1.591269,0.6573978,33
5,0.02137649,1.193545,0.5098569,34
5,-0.4985571,1.030431,0.4559092,35
5,-0.4144136,0.9731382,0.5221376,36
5,0.0853501,0.9439493,0.4903439,37
5,0.4943095,1.555588,0.6691767,38
5,0.4562805,1.378667,0.5578167,39
5,-0.270602,0.8584629,0.4211437,40
5,0.2002844,0.9856838,0.6338377,41
5,0.4247269,1.155584,0.4304987,42
5,-0.1098399,0.7017295,0.4763691,43
5,-0.3872759,1.125813,0.5324218,44
5,-0.3302666,0.927451,0.6204023,45
5,-0.2691538,0.6720788,0.5368142,46
5,-0.3409866,1.028156,0.5820919,47
5,0.006391108,0.7155195,0.392554,48
5,0.008321166,0.6248311,0.5088199,49
5,0.4186081,1.051881,0.4804111,50
5,0.1393548,0.6704996,0.5079224,51
5,0.288992,0.7344834,0.5363176,52
5,-0.09754995,1.06045,0.5281115,53
5,0.3994049,0.9462279,0.4207317,54
5,0.3050218,0.9214715,0.5763383,55
5,-0.3435917,0.8035582,0.4149242,56
5,0.3695582,0.8021809,0.447868,57
5,-0.3611657,0.6928428,0.6176384,58
5,-0.4740769,0.823333,0.428202,59
5,-0.491163,0.6561128,0.4156556,60
5,-0.1638312,0.6028852,0.5937729,61
5,0.207973,0.606837,0.6237051,62
5,0.3568868,0.6285788,0.6651821,63
5,0.4701678,0.8865024,0.4524087,64
5,0.4807681,0.7374817,0.4073701,65
5,0.4945419,0.629858,0.6461127,66
5,0.1833881,0.7634553,0.4060358,67
