Case,X,Y,Z,a,v,index
8,-0.3458372,1.34005,0.39393,0
8,-0.4034975,1.438043,0.5920188,1
8,-0.2210229,1.252571,0.4243828,2
8,-0.2234449,1.139754,0.3909396,3
8,-0.3629966,1.547799,0.4464457,4
8,-0.3263729,1.170487,0.4993498,5
8,-0.3106747,1.453125,0.4848736,6
8,-0.1876021,1.374695,0.4630931,7
8,-0.434588,1.253718,0.5915319,8
8,-0.481371,1.346345,0.395388,9
8,-0.1214565,1.143061,0.612531,10
8,-0.3765599,1.061554,0.511726,11
8,-0.4696719,1.162914,0.4726256,12
8,-0.1314842,1.051242,0.4495901,13
8,0.01798838,1.112967,0.4794794,14
8,-0.1990624,0.9465977,0.4596821,15
8,-0.46455,1.549123,0.4801559,16
8,-0.3628358,0.8663869,0.4856481,17
8,0.1327474,1.145534,0.5167952,18
8,-0.03909609,1.015933,0.4919621,19
8,-0.0005242527,1.517046,0.5368698,20
8,0.07508183,1.251856,0.4759873,21
8,-0.4600436,0.9263271,0.6485695,22
8,0.06344026,0.9957095,0.4024854,23
8,-0.4929889,1.456939,0.5749584,24
8,-0.06884298,1.276343,0.6865754,25
8,-0.4636094,0.749092,0.5154057,26
8,-0.161178,1.53544,0.3982208,27
8,-0.3400123,0.652235,0.4814922,28
8,-0.3642945,0.7491822,0.6171627,29
8,0.2070844,1.030413,0.6689591,30
8,0.09054881,1.475584,0.4777049,31
8,0.2889305,0.9156278,0.5215679,32
8,-0.2217135,0.6874443,0.6225322,33
8,0.2499607,1.152338,0.3973372,34
8,-0.271061,1.569584,0.4034102,35
8,-0.01350144,1.204941,0.5502579,36
8,-0.1223787,0.8903338,0.502483,37
8,-0.4927061,1.075637,0.460227,38
8,-0.4341244,0.6346959,0.554672,39
8,0.07739168,1.577726,0.4225563,40
8,-0.1257834,1.440262,0.6358346,41
8,0.3622563,1.071604,0.5491011,42
8,0.2348415,0.8025746,0.5130674,43
8,0.4662862,0.9684478,0.5225563,44
8,0.4490998,0.8749988,0.531998,45
8,-0.2705262,0.8253342,0.4846722,46
8,0.1950276,1.453938,0.6474167,47
8,0.4645781,1.127269,0.5244566,48
8,0.2048156,0.7148217,0.4989501,49
8,0.1868493,1.568223,0.5278447,50
8,0.1889755,1.221253,0.5219468,51
8,0.3776906,0.7358972,0.5722457,52
8,-0.07403904,0.7198348,0.4244274,53
8,0.2808518,1.293569,0.4398678,54
8,0.3331667,0.8164567,0.4359016,55
8,-0.07380074,0.6130551,0.4815495,56
8,0.3597055,1.420712,0.429247,57
8,0.352183,0.6455948,0.6804878,58
8,0.4926065,1.278237,0.4082345,59
8,0.4458382,1.550118,0.4355716,60
8,0.342128,1.559139,0.4289473,61
8,-0.07970515,1.597633,0.4291738,62
8,0.04744184,0.654357,0.5244077,63
8,0.2439999,0.6294937,0.4118424,64
8,0.4939827,0.7944577,0.5610319,65
8,0.4795541,0.6492746,0.4696654,66
8,0.4879236,1.444523,0.397107,67
8,0.4114022,1.33564,0.6107468,68
8,0.3683658,0.9649266,0.4683337,69
8,0.1412664,0.6238554,0.4104527,70
