Case,X,Y,Z,a,v,index
15,-0.2514899,1.049975,0.5369043,0
15,-0.3765767,1.028103,0.415473,1
15,-0.3250244,0.8787388,0.4111933,2
15,-0.157049,1.030898,0.6459203,3
15,-0.1188707,1.159069,0.5101902,4
15,-0.1783729,0.735019,0.5150431,5
15,-0.05221164,0.7472163,0.6597391,6
15,-0.2727329,0.7722988,0.5434601,7
15,-0.03257033,0.6362029,0.5138601,8
15,0.03165966,0.9217459,0.6308733,9
15,0.1362704,1.04142,0.4281878,10
15,-0.1142328,0.9452485,0.4136589,11
15,-0.3140677,0.6624167,0.4474228,12
15,0.04417622,0.7052257,0.5198098,13
15,-0.347742,1.177143,0.4820651,14
15,-0.2290961,0.6047928,0.479991,15
15,-0.4668721,1.117046,0.4722052,16
15,-0.1186628,0.6642889,0.4724456,17
15,-0.4575211,0.9523044,0.3994292,18
15,-0.4395212,1.216139,0.4074056,19
15,-0.3731313,1.356198,0.5274635,20
15,-0.0008679628,1.059167,0.4448563,21
15,-0.4240541,0.6564543,0.5737258,22
15,-0.4945323,1.341327,0.5650155,23
15,-0.4334149,0.8223709,0.5773076,24
15,0.1885309,0.9556372,0.5958956,25
15,0.2384646,1.094679,0.4602511,26
15,-0.1436331,1.287358,0.4606424,27
15,-0.2283081,1.457681,0.3944791,28
15,-0.3745559,0.75365,0.5508696,29
15,-0.2862582,1.307155,0.4002972,30
15,0.2101701,0.7263932,0.5063787,31
15,-0.4962783,0.7370754,0.4452069,32
15,-0.3908693,1.468725,0.4404599,33
15,-0.4002871,1.566301,0.4550272,34
15,0.1451737,0.6356013,0.626236,35
15,-0.02644148,1.174369,0.441054,36
15,-0.4839745,1.515025,0.655399,37
15,0.2772475,0.8576009,0.4020553,38
15,-0.2826103,1.538617,0.6094275,39
15,0.141388,1.22203,0.3939255,40
15,-0.05218831,1.287675,0.5096633,41
15,0.2643947,0.6420445,0.4433168,42
15,-0.1180031,1.551017,0.4793206,43
15,0.07734817,1.126274,0.6345907,44
15,0.3323783,1.18156,0.4805555,45
15,0.4964567,1.112132,0.519603,46
15,0.3624989,1.282096,0.6566268,47
15,0.04661661,1.25694,0.4413084,48
15,0.1316653,1.313992,0.6337047,49
15,0.2098472,1.413127,0.4822008,50
15,0.1517617,1.546405,0.5246311,51
15,0.3769392,1.445287,0.4626101,52
15,0.3833847,1.101083,0.4005356,53
15,0.3806496,0.9001234,0.4921699,54
15,0.372864,0.7713265,0.5620478,55
15,0.4235351,0.6814964,0.4417179,56
15,0.02697742,1.519258,0.5055979,57
15,-0.2063714,1.598393,0.6671549,58
15,0.4374571,1.333073,0.5168207,59
15,0.4867771,0.9063942,0.5968181,60
15,0.4833586,1.225502,0.5124117,61
15,0.4841002,0.9981059,0.528901,62
15,0.4587163,0.8060363,0.433477,63
15,0.2646864,1.556109,0.5718512,64
15,0.3944745,1.006539,0.4661023,65
15,0.4396834,1.512322,0.5918883,66
15,0.3551027,1.563716,0.558138,67
15,0.4893495,1.423521,0.5820761,68
