Case,X,Y,Z,a,v,index
29,-0.1152269,1.459708,0.4198018,0
29,0.08639407,1.14352,0.5051686,1
29,-0.2957572,1.355853,0.5129618,2
29,-0.1006594,1.210386,0.4288564,3
29,0.1747785,1.422019,0.6566896,4
29,0.0797019,1.585255,0.5111256,5
29,0.3974426,1.175603,0.5820662,6
29,0.1339665,1.035326,0.4466049,7
29,0.2134618,1.578127,0.4106672,8
29,0.2675947,1.354327,0.4283574,9
29,0.3676519,0.9931097,0.4028124,10
29,-0.1867914,1.375142,0.6301026,11
29,-0.4080095,1.388047,0.4266861,12
29,0.3123724,1.482345,0.581563,13
29,0.003992617,1.487729,0.630714,14
29,-0.2670633,1.576562,0.4276099,15
29,0.4307281,1.530177,0.3960921,16
29,-0.2237729,0.7959017,0.6433313,17
29,-0.418207,1.518465,0.5899293,18
29,0.422358,1.407844,0.5261511,19
29,-0.3420761,0.8170471,0.540712,20
29,-0.3194771,1.469309,0.39177,21
29,-0.005096912,1.042447,0.6067066,22
29,-0.1188856,1.575455,0.4046586,23
29,0.4711949,0.8552654,0.5158923,24
29,-0.3687426,1.267335,0.3877253,25
29,-0.3698151,1.004688,0.556487,26
29,-0.09956709,0.7048731,0.6266702,27
29,0.01950109,1.240084,0.4324717,28
29,-0.3650328,0.6819937,0.5027789,29
29,-0.4998064,0.8295761,0.6654574,30
29,-0.4837612,0.945189,0.641174,31
29,0.1039754,0.7678976,0.420276,32
29,-0.4697825,1.084587,0.5978147,33
29,0.08473557,0.6127239,0.3975084,34
29,-0.2064633,0.6379846,0.6862808,35
29,0.4887085,1.049595,0.5563241,36
29,0.2644665,0.6705368,0.3880122,37
29,0.3045452,0.7759336,0.5485896,38
29,-0.4996241,1.242079,0.4572982,39
29,0.3852997,1.299301,0.619628,40
29,-0.4974052,0.6693391,0.6628109,41
29,0.4931325,1.24607,0.4969204,42
29,0.4408292,0.627739,0.4015928,43
29,0.4145756,0.7570799,0.4681218,44
29,0.3012792,0.8860451,0.4510586,45
29,-0.02699968,0.600678,0.5511684,46
