Case,X,Y,Z,a,v,index
27,-0.4043737,1.023242,0.5058337,0
27,-0.3413654,0.8406861,0.5792049,1
27,-0.2237309,0.8179217,0.5672085,2
27,-0.1360621,1.026659,0.6393722,3
27,-0.08939978,1.183312,0.521117,4
27,-0.1621246,0.6650287,0.4493681,5
27,-0.007927567,0.6799365,0.6766689,6
27,-0.2774536,0.7105929,0.6057548,7
27,0.1072642,0.6965817,0.5459623,8
27,-0.3681386,0.6182284,0.5461121,9
27,-0.4252845,0.7333893,0.6148341,10
27,-0.446298,0.8808436,0.4913583,11
27,0.02956063,1.010132,0.430849,12
27,0.3716919,1.02324,0.5361822,13
27,0.1819428,0.8249121,0.5978556,14
27,-0.4915114,0.6105524,0.4179431,15
27,0.1060021,1.090734,0.6161168,16
27,0.301729,0.9285388,0.4777861,17
27,0.2398115,0.6712039,0.515196,18
27,0.1034955,1.207892,0.4914688,19
27,0.3399343,0.817396,0.6503663,20
27,-0.3602212,1.349825,0.6327438,21
27,-0.4596093,1.15985,0.5684897,22
27,-0.1136853,1.445098,0.5806908,23
27,0.01870543,1.564901,0.5196767,24
27,-0.2197961,1.376015,0.5258527,25
27,0.4458845,1.273794,0.5356142,26
27,0.4837519,1.101624,0.5191803,27
27,0.3263878,1.443631,0.5040976,28
27,0.4580548,0.6942778,0.5548213,29
27,-0.4667735,1.294455,0.5859678,30
27,0.328733,1.309008,0.4298481,31
27,0.179319,1.519936,0.4879241,32
27,-0.4892363,1.402777,0.4958222,33
27,0.4886425,0.8995744,0.4726104,34
27,-0.2597047,1.510701,0.4324838,35
27,0.3473152,1.553221,0.4701077,36
27,0.4812436,1.541495,0.6716847,37
27,0.4376163,1.436062,0.6783522,38
27,-0.4740822,1.532675,0.6473242,39
27,-0.09351149,1.599919,0.6019827,40
27,-0.3740522,1.472814,0.4676761,41
27,0.3563902,0.6021509,0.66768,42
