Case,X,Y,Z,a,v,index
4,0.3928602,0.9319798,0.4505554,0
4,0.3870795,1.095788,0.4891814,1
4,0.4171665,0.8068701,0.5433502,2
4,0.4844628,1.198757,0.6400851,3
4,0.3665894,1.248484,0.4249042,4
4,0.4995946,1.094292,0.4876273,5
4,0.3406392,1.370426,0.4962091,6
4,0.3533887,1.460254,0.5910432,7
4,0.2779704,1.287637,0.5140622,8
4,0.4577059,1.284877,0.3982242,9
4,0.4731413,0.9768555,0.4598475,10
4,0.1951841,1.091925,0.3966034,11
4,0.1532867,1.190755,0.4924614,12
4,0.222015,1.447513,0.4435115,13
4,0.1834417,0.955593,0.4531576,14
4,0.4814941,1.373415,0.6087739,15
4,0.08935606,1.486865,0.5274556,16
4,0.2759793,1.562228,0.5874605,17
4,0.05329329,1.271901,0.5990489,18
4,0.06112123,1.04604,0.4990714,19
4,0.4321125,1.512334,0.5226668,20
4,0.04607958,0.8756838,0.4662818,21
4,0.1697345,1.593564,0.3922866,22
4,-0.006830394,1.173457,0.4309404,23
4,0.364178,1.586135,0.4070709,24
4,-0.09587669,1.270222,0.518622,25
4,0.2156248,0.8118621,0.51521,26
4,0.1674726,0.6480886,0.4289941,27
4,0.09865314,0.7440937,0.4276294,28
4,-0.126202,1.161137,0.4340167,29
4,0.07942116,0.6221603,0.4219681,30
4,0.477481,0.6392059,0.4915296,31
4,0.4214007,0.7166036,0.4638422,32
4,0.3175611,0.8377501,0.4949194,33
4,0.01867467,1.553024,0.4488217,34
4,0.35583,0.6402331,0.5197002,35
4,-0.07558656,1.028015,0.6086462,36
4,-0.05707234,1.491649,0.3994945,37
4,0.2728764,0.7059397,0.5108169,38
4,-0.1807685,1.017952,0.6364908,39
4,-0.008920401,0.7009346,0.3928058,40
4,-0.3394679,1.238357,0.5356963,41
4,-0.1998626,1.526071,0.4747146,42
4,-0.3262774,1.333005,0.5089632,43
4,-0.1624483,0.7004294,0.4863343,44
4,-0.003245026,0.9687978,0.5946605,45
4,-0.05698285,0.6232783,0.4429002,46
4,-0.3911032,0.8021678,0.5596341,47
4,-0.3685863,1.058924,0.4878242,48
4,-0.2979271,0.61435,0.5839366,49
4,-0.06178674,0.7834869,0.3953808,50
4,-0.3805791,0.9324174,0.3886753,51
4,-0.1330408,1.594822,0.5865527,52
4,-0.4479376,1.013614,0.5331376,53
4,-0.2860168,1.552818,0.5223535,54
4,-0.3984408,1.159038,0.4808073,55
4,-0.2963307,1.440388,0.3997488,56
4,-0.4727394,0.9153337,0.4234051,57
4,-0.4393538,1.595273,0.5478855,58
4,-0.3647738,0.7074432,0.4723363,59
4,-0.2845776,0.7512997,0.5783746,60
4,-0.4689756,1.27928,0.4483474,61
4,-0.4934732,0.6705472,0.6339155,62
4,-0.4886606,0.805245,0.4061685,63
4,-0.4916692,1.094366,0.442528,64
4,-0.4416841,1.431305,0.4391415,65
4,-0.4026059,0.6243059,0.4723276,66
4,-0.1953973,0.6158762,0.4173837,67
4,-0.179695,1.429937,0.5212869,68
4,0.2566507,0.6067536,0.4737344,69
