Case,X,Y,Z,a,v,index
5,-0.4236917,1.379919,0.5917996,0
5,-0.3510343,1.262049,0.5343078,1
5,-0.3361703,1.401426,0.3983746,2
5,-0.2401728,1.387114,0.6237897,3
5,-0.2411543,1.5293,0.4683389,4
5,-0.3230801,1.584775,0.4859663,5
5,-0.3627274,1.492598,0.4822288,6
5,-0.4580184,1.515637,0.4007646,7
5,-0.1536907,1.287405,0.3895377,8
5,-0.05333394,1.303264,0.5104707,9
5,-0.05583203,1.143731,0.5022572,10
5,-0.07240149,1.501744,0.4000045,11
5,-0.1364601,1.570014,0.5071567,12
5,-0.471402,1.3013,0.4324669,13
5,0.02413112,1.492545,0.506014,14
5,-0.1672006,1.120064,0.4345282,15
5,0.1189915,1.497894,0.4969409,16
5,0.2345369,1.550643,0.3986988,17
5,0.3629864,1.469936,0.5494125,18
5,0.1232017,1.228761,0.6474994,19
5,0.2808809,1.369057,0.4640647,20
5,0.08693916,1.057127,0.4206712,21
5,-0.4637375,1.189993,0.6464554,22
5,-0.1352412,0.9581932,0.5278201,23
5,0.3867007,1.30795,0.4787436,24
5,-0.009540647,1.581754,0.4163123,25
5,0.3399487,1.200396,0.496675,26
5,0.2704908,1.461383,0.4943937,27
5,0.4069086,1.589145,0.4938167,28
5,-0.04334083,0.9708633,0.4258869,29
5,0.2017173,1.167466,0.6506661,30
5,-0.007267088,0.871531,0.3895097,31
5,-0.2159352,0.9983559,0.6687545,32
5,0.09386945,1.591269,0.4911382,33
5,0.02137649,1.193545,0.4227376,34
5,-0.4985571,1.030431,0.4285379,35
5,-0.4144136,0.9731382,0.6783142,36
5,0.0853501,0.9439493,0.4593407,37
5,0.4943095,1.555588,0.6453505,38
5,0.4562805,1.378667,0.6073202,39
5,-0.270602,0.8584629,0.4414206,40
5,0.2002844,0.9856838,0.5537584,41
5,0.4247269,1.155584,0.4415139,42
5,-0.1098399,0.7017295,0.5284287,43
5,-0.3872759,1.125813,0.4290884,44
5,-0.3302666,0.927451,0.5135364,45
5,-0.2691538,0.6720788,0.4777412,46
5,-0.3409866,1.028156,0.4910228,47
5,0.006391108,0.7155195,0.5189838,48
5,0.008321166,0.6248311,0.575743,49
5,0.4186081,1.051881,0.6779394,50
5,0.1393548,0.6704996,0.4589011,51
5,0.288992,0.7344834,0.4586857,52
5,-0.09754995,1.06045,0.434305,53
5,0.3994049,0.9462279,0.3998266,54
5,0.3050218,0.9214715,0.5728809,55
5,-0.3435917,0.8035582,0.4328991,56
5,0.3695582,0.8021809,0.4242954,57
5,-0.3611657,0.6928428,0.5913495,58
5,-0.4740769,0.823333,0.6690136,59
5,-0.491163,0.6561128,0.6336514,60
5,-0.1638312,0.6028852,0.512026,61
5,0.207973,0.606837,0.4737406,62
5,0.3568868,0.6285788,0.4554044,63
5,0.4701678,0.8865024,0.4098101,64
5,0.4807681,0.7374817,0.5511059,65
5,0.4945419,0.629858,0.5221315,66
5,0.1833881,0.7634553,0.6611466,67
