Case,X,Y,Z,a,v,index
3,-0.2780068,1.470732,0.452679,0
3,-0.311669,1.367476,0.400212,1
3,-0.4416369,1.528287,0.4265456,2
3,-0.2730231,1.56808,0.6844628,3
3,-0.3850312,1.451385,0.5900384,4
3,-0.488465,1.357495,0.6748959,5
3,-0.3862573,1.271523,0.5808003,6
3,-0.1640204,1.570835,0.4388658,7
3,-0.1888795,1.413711,0.4689123,8
3,-0.006198049,1.4971,0.6013372,9
3,-0.495806,1.448394,0.6785728,10
3,-0.4873517,1.250602,0.4452622,11
3,-0.4265938,1.11304,0.4974859,12
3,-0.001387745,1.594367,0.4437445,13
3,-0.119002,1.485277,0.5750497,14
3,-0.3359566,1.151986,0.4028354,15
3,-0.1641217,1.190305,0.5065019,16
3,-0.4754477,1.025969,0.5117382,17
3,-0.3653596,0.9616824,0.6287425,18
3,0.1673894,1.534005,0.4395294,19
3,0.1249143,1.299602,0.5070224,20
3,-0.05445933,1.209683,0.3872668,21
3,-0.1496458,1.086043,0.4466807,22
3,-0.05480605,1.101994,0.4203156,23
3,0.2631181,1.508373,0.5854726,24
3,-0.4714012,0.9142951,0.5975253,25
3,0.0792824,1.171135,0.5132074,26
3,0.1958642,1.143649,0.5566886,27
3,0.04406834,0.9690115,0.4510622,28
3,0.3639746,1.488266,0.4916096,29
3,0.1805395,0.9927279,0.514076,30
3,-0.1285705,0.9379319,0.5921153,31
3,-0.2786028,0.8873794,0.5918351,32
3,0.3132661,1.591809,0.5368674,33
3,0.08881646,1.076876,0.4635901,34
3,0.345085,0.9538922,0.5621873,35
3,0.1564491,0.7184366,0.4680906,36
3,-0.3701381,0.860936,0.4644476,37
3,0.2545202,1.055502,0.5262579,38
3,-0.04273769,1.000663,0.4179514,39
3,0.09721261,1.595712,0.519467,40
3,0.08879751,0.8855755,0.4015352,41
3,0.4132206,0.8303999,0.6721725,42
3,0.2864301,1.297933,0.4671234,43
3,0.2117199,1.239411,0.5134012,44
3,0.4122747,1.388731,0.5887024,45
3,0.3201192,0.7763557,0.5329096,46
3,0.4353959,1.254677,0.4537631,47
3,-0.4987572,0.7581188,0.5495758,48
3,0.03205782,1.260852,0.5157394,49
3,-0.1143249,0.7264947,0.4632646,50
3,0.4229287,1.58591,0.4755584,51
3,-0.1882083,0.8242181,0.4691306,52
3,0.2861532,0.6611179,0.5048999,53
3,-0.2325762,0.7358916,0.6833109,54
3,-0.2026304,0.6036414,0.6288449,55
3,0.2391597,1.41082,0.6495464,56
3,0.4844208,1.500907,0.4834204,57
3,-0.3595264,0.6742043,0.4735946,58
3,0.001459897,0.6326764,0.6584418,59
3,-0.3393167,0.7691972,0.5140049,60
3,-0.1046062,0.6289529,0.3968099,61
3,0.1098998,0.6195414,0.6633455,62
3,-0.4616017,0.6556247,0.4977849,63
3,0.4212714,1.152434,0.6006789,64
3,0.377198,0.6910788,0.3979399,65
3,0.4599636,0.6160378,0.5176542,66
3,0.4745601,0.7107657,0.4370665,67
3,0.4373066,0.9991521,0.6169083,68
3,0.3621837,0.6008539,0.586627,69
3,0.4978318,0.8881812,0.4080151,70
