Case,X,Y,Z,a,v,index
22,-0.4512751,0.8891097,0.4716948,0
22,-0.4284178,0.9991384,0.3918732,1
22,-0.3900135,1.180639,0.5180287,2
22,-0.4094281,1.307068,0.411008,3
22,-0.3007981,0.8908958,0.4826814,4
22,-0.3099414,1.368162,0.4460042,5
22,-0.3859128,0.7754269,0.4744651,6
22,-0.3256114,0.6419181,0.4517807,7
22,-0.05527267,1.178871,0.5169115,8
22,0.01678163,1.079205,0.6063187,9
22,-0.2511931,0.770799,0.5213007,10
22,-0.1653779,1.466244,0.4041438,11
22,0.1403272,1.154643,0.4412194,12
22,-0.4862301,0.6625152,0.4400688,13
22,0.04512173,1.227386,0.4794889,14
22,-0.1144693,1.052389,0.5368928,15
22,-0.02249545,1.493781,0.5885189,16
22,-0.1191965,0.6047921,0.4427695,17
22,-0.4123527,1.51706,0.5158795,18
22,-0.1066378,0.7231603,0.4734152,19
22,0.0418278,0.6670396,0.5664482,20
22,0.1505885,1.481281,0.4777715,21
22,0.3374889,1.39797,0.4244119,22
22,-0.2447497,1.557319,0.5540249,23
22,0.1266304,0.7709303,0.4347102,24
22,0.1755745,0.6673403,0.5463831,25
22,0.3413255,1.568191,0.4801327,26
22,0.0342465,1.593977,0.4914435,27
22,0.2660382,0.772312,0.4717693,28
22,0.3426709,1.01746,0.4416583,29
22,0.1577493,1.59708,0.5054184,30
22,0.3897439,0.6955571,0.5191424,31
22,0.459448,0.8848189,0.5567401,32
22,0.3794029,1.256297,0.6691608,33
22,0.4912478,1.072582,0.4926334,34
22,0.303413,0.6001944,0.4496936,35
22,-0.1229964,1.578539,0.6548032,36
22,0.4795337,1.564472,0.53044,37
22,0.3569711,0.8379015,0.5060371,38
22,0.4356753,1.451411,0.4064201,39
22,0.4677022,1.344179,0.5531694,40
22,0.3855085,1.133822,0.3937211,41
