Case,X,Y,Z,a,v,index
23,-0.04318434,0.9942126,0.4848208,0
23,0.04893875,1.192551,0.410497,1
23,0.2411786,0.8545536,0.466298,2
23,0.4051219,1.14031,0.4034597,3
23,0.4555419,0.8775098,0.486854,4
23,0.1360509,0.6688324,0.398021,5
23,0.4383813,0.7071878,0.5575217,6
23,0.08793592,1.059492,0.4182335,7
23,0.4181769,1.012355,0.5637777,8
23,0.3297402,1.295802,0.4826484,9
23,0.3275615,0.6316664,0.5919884,10
23,-0.05099338,0.6060132,0.53953,11
23,0.4374301,1.477364,0.6277515,12
23,0.4594262,1.241617,0.5837144,13
23,-0.068198,1.123165,0.5790256,14
23,0.3293029,0.7627922,0.5233731,15
23,-0.2238823,0.7993555,0.4953957,16
23,0.00819242,1.523032,0.5576881,17
23,0.1183952,1.455125,0.6222506,18
23,-0.1839626,0.646596,0.5042673,19
23,0.02181423,0.7384076,0.4007256,20
23,0.4209535,1.367256,0.5143462,21
23,-0.09192592,0.7459952,0.6090215,22
23,0.2480849,1.508151,0.4594391,23
23,0.3852829,1.592826,0.5005152,24
23,-0.1817388,1.461983,0.4955609,25
23,0.2471834,1.396004,0.4817403,26
23,0.1156887,1.596273,0.628998,27
23,-0.2922724,0.9253495,0.405544,28
23,-0.4464157,1.068104,0.5323625,29
23,-0.306554,0.6809703,0.4977081,30
23,-0.4362023,1.350935,0.4691346,31
23,-0.3374475,1.411091,0.6047407,32
23,-0.4397666,1.213608,0.606382,33
23,-0.4461411,0.9074546,0.6262746,34
23,-0.4158199,1.535453,0.5093947,35
23,-0.3893818,0.7747118,0.4545726,36
23,-0.2187116,1.595814,0.5353231,37
23,-0.4364499,0.6165788,0.5311944,38
23,-0.4969251,0.7137784,0.3954097,39
23,-0.09372175,1.57646,0.6219599,40
