Case,X,Y,Z,a,v,index
28,0.2374204,1.416169,0.4554652,0
28,0.01707071,1.174902,0.6455646,1
28,0.1169671,1.083888,0.4632844,2
28,0.3886437,1.383337,0.517965,3
28,-0.1501259,1.511472,0.4163314,4
28,0.1741068,1.528488,0.5161671,5
28,0.3574032,1.55749,0.5342726,6
28,0.3633232,1.190615,0.557801,7
28,-0.2736042,1.473994,0.4162276,8
28,0.4045701,1.014522,0.4965537,9
28,0.08776224,1.433252,0.4225759,10
28,0.05818027,1.544065,0.4963263,11
28,0.1841953,0.783972,0.4620079,12
28,-0.04592878,1.585732,0.3924119,13
28,0.01133364,0.9981082,0.4039388,14
28,-0.1376089,1.133049,0.4685158,15
28,0.4812289,1.55835,0.4650024,16
28,0.3913856,0.8451251,0.5063623,17
28,-0.3587896,1.569553,0.6233441,18
28,-0.4691948,1.564839,0.6274126,19
28,-0.402465,1.395509,0.6828481,20
28,0.4987053,1.432522,0.4740368,21
28,0.2859144,0.8824232,0.4785489,22
28,-0.2344298,1.596866,0.4997983,23
28,-0.269043,1.351736,0.5100581,24
28,-0.03835362,0.7215165,0.5379739,25
28,-0.4881066,1.197614,0.4520416,26
28,-0.4869292,1.310638,0.5185277,27
28,-0.4715477,1.08322,0.5771815,28
28,0.4624163,0.7373957,0.4612819,29
28,-0.2286435,0.7129505,0.5007418,30
28,-0.4012097,0.9936879,0.6259586,31
28,0.3526391,0.6969854,0.4973424,32
28,-0.3666611,1.127537,0.5351815,33
28,0.1518359,0.6408662,0.591579,34
28,0.4897081,1.300762,0.4892654,35
28,-0.2991646,0.8779497,0.467394,36
28,0.43754,0.6008942,0.3883857,37
28,-0.4450197,0.783393,0.4330642,38
28,0.3079759,1.291732,0.4309327,39
28,-0.344888,0.6615737,0.5030866,40
28,-0.4813432,0.6105803,0.4678254,41
28,0.2669009,0.6119646,0.5648597,42
28,0.4741753,1.166401,0.4056847,43
28,-0.1079799,0.6355541,0.5338472,44
28,-0.4980966,0.9363323,0.509658,45
28,0.03700984,0.6349926,0.5706017,46
