Case,X,Y,Z,a,v,index
7,-0.3197303,0.6194752,0.4594594,0
7,-0.2288994,0.6118518,0.5108014,1
7,-0.2684723,0.7655965,0.4804254,2
7,-0.4418626,0.6882902,0.6423526,3
7,-0.1092475,0.6071706,0.5158523,4
7,-0.2621471,0.9267849,0.4090088,5
7,-0.01208273,0.6301112,0.4244517,6
7,-0.1771002,0.7084455,0.6235394,7
7,-0.369003,0.7815415,0.5447612,8
7,-0.06178272,0.7246993,0.6356078,9
7,-0.08189976,0.8996423,0.4943289,10
7,-0.02377722,1.038978,0.6154459,11
7,-0.1374396,0.9708613,0.5460002,12
7,0.08221602,0.8925573,0.5101815,13
7,-0.4692136,0.7860814,0.4483168,14
7,0.08616108,0.6794285,0.5308379,15
7,0.05292755,0.9826145,0.4510199,16
7,0.1461641,1.013827,0.4060096,17
7,-0.4787015,0.9138547,0.4003435,18
7,-0.3697257,0.9025645,0.4296753,19
7,0.06514013,1.126018,0.3995221,20
7,0.1775692,1.129011,0.4095268,21
7,-0.4844067,1.062822,0.392758,22
7,-0.3670008,1.050887,0.5011328,23
7,-0.4484123,1.150846,0.4739813,24
7,0.2574697,0.7207106,0.4014405,25
7,-0.4132518,1.270209,0.487331,26
7,-0.177464,1.075511,0.4308665,27
7,0.2334713,1.377326,0.5080917,28
7,-0.03673741,1.128299,0.3990667,29
7,-0.2002956,1.167941,0.4001609,30
7,0.3736222,0.6859351,0.4854955,31
7,0.08654445,1.316522,0.492337,32
7,0.1170372,1.21386,0.4880795,33
7,0.378138,0.8843296,0.5278324,34
7,-0.03932703,1.25606,0.472145,35
7,0.1570682,0.6124464,0.3982674,36
7,-0.4246038,1.398966,0.5633367,37
7,0.3984824,1.011159,0.4591473,38
7,0.2889054,0.6269898,0.6168885,39
7,0.3532325,1.320926,0.5238762,40
7,0.4518052,1.211723,0.3937269,41
7,0.4798469,1.061254,0.4722299,42
7,0.08975023,1.469856,0.4321665,43
7,0.3646182,0.7896065,0.6403702,44
7,0.4955791,0.8052853,0.5472796,45
7,0.204542,1.478765,0.5062872,46
7,0.3663836,1.165688,0.48899,47
7,-0.3017452,1.359845,0.5345802,48
7,0.4593034,0.9393228,0.4143854,49
7,0.1559528,1.571309,0.5114565,50
7,0.3182267,1.590528,0.5720984,51
7,0.03726441,1.592769,0.4787086,52
7,0.4865476,0.7129642,0.4368973,53
7,0.4353801,1.377072,0.5579976,54
7,0.3141982,1.447388,0.5089377,55
7,0.446219,0.6164688,0.5022375,56
7,0.4586262,1.570512,0.459428,57
7,0.4585413,1.477788,0.4595309,58
7,-0.07488546,1.53842,0.426249,59
7,-0.224272,1.444457,0.4505748,60
7,-0.1784089,1.543609,0.506003,61
7,-0.4725656,1.50854,0.4058386,62
7,-0.09854433,1.436943,0.6126988,63
7,-0.4996533,1.34722,0.4365533,64
7,-0.2748905,1.584423,0.6632783,65
7,-0.127295,1.223146,0.3988747,66
7,-0.3117619,1.499223,0.4915321,67
7,-0.3768137,1.565236,0.4677565,68
