Case,X,Y,Z,a,v,index
9,0.3488177,0.778896,0.4496549,0
9,0.3008358,0.697028,0.4918695,1
9,0.4347376,0.6616335,0.432769,2
9,0.4536091,0.8791662,0.51954,3
9,0.469316,0.7732154,0.4410706,4
9,0.303499,0.6022884,0.470168,5
9,0.4362853,1.009791,0.4535111,6
9,0.4921825,1.09003,0.6382507,7
9,0.2136672,1.06798,0.6734347,8
9,0.4540554,1.203233,0.4721485,9
9,0.3462772,0.8885531,0.4484864,10
9,0.1992872,0.742202,0.425901,11
9,0.1511558,0.6208963,0.459613,12
9,0.09459203,0.7237913,0.4870146,13
9,0.3664721,1.22648,0.6407374,14
9,0.01683468,0.6572207,0.523962,15
9,0.09791124,1.003045,0.6167362,16
9,0.2694829,1.346195,0.4331892,17
9,-0.04950175,0.7397292,0.4080932,18
9,0.4477885,1.34988,0.5517378,19
9,0.05844051,1.102358,0.6678462,20
9,-0.1490551,0.6450445,0.4887694,21
9,-0.05454108,0.9386307,0.6171394,22
9,0.2576457,0.8286129,0.4524801,23
9,-0.1833769,0.7980596,0.3941182,24
9,0.1739385,1.182791,0.533815,25
9,0.06532264,1.192267,0.4400164,26
9,0.3663334,1.414148,0.3973264,27
9,-0.05846703,1.178781,0.5104604,28
9,0.1211624,1.277744,0.6196914,29
9,-0.2739692,0.6033288,0.5358365,30
9,-0.360884,0.802093,0.6001379,31
9,-0.3686657,0.9135329,0.4419157,32
9,-0.271823,0.7781336,0.6665273,33
9,0.3106644,1.544148,0.5462099,34
9,-0.07319194,1.089597,0.4745712,35
9,-0.461977,0.9921564,0.4978905,36
9,-0.4426965,0.7587916,0.5070487,37
9,-0.4118688,1.141658,0.5623242,38
9,0.4530125,1.510748,0.5242951,39
9,-0.3675558,0.6743289,0.5133715,40
9,-0.4503772,0.6142411,0.4098704,41
9,0.4054822,1.590431,0.5965797,42
9,0.4940095,1.42846,0.5828549,43
9,-0.4615832,0.8611921,0.444118,44
9,-0.1720218,1.029858,0.3898015,45
9,-0.1882941,1.121469,0.4104673,46
9,-0.005484343,1.017635,0.5892813,47
9,-0.4927758,1.080562,0.657603,48
9,-0.129785,1.282464,0.410559,49
9,0.1338615,1.55652,0.4994131,50
9,0.05117142,1.337271,0.5191313,51
9,0.2737904,1.451555,0.4260311,52
9,0.2217969,1.588822,0.4218081,53
9,-0.0623205,1.34612,0.5333046,54
9,-0.3465214,1.333844,0.423203,55
9,-0.3321229,1.441937,0.4062011,56
9,-0.03568828,1.524695,0.4904382,57
9,-0.3659637,1.221476,0.5243621,58
9,-0.4825236,1.350485,0.4547294,59
9,-0.2203856,1.46721,0.5953576,60
9,-0.4825652,1.23419,0.5293746,61
9,-0.1104492,1.58437,0.4375369,62
9,-0.2681144,1.55238,0.6322503,63
9,0.02951533,1.593865,0.4933176,64
9,-0.4725565,1.452929,0.5756345,65
9,-0.4162961,1.582988,0.4399768,66
9,-0.1087166,1.461608,0.4360588,67
