Case,X,Y,Z,a,v,index
4,0.3928602,0.9319798,0.5249777,0
4,0.3870795,1.095788,0.6461198,1
4,0.4171665,0.8068701,0.4553353,2
4,0.4844628,1.198757,0.4301476,3
4,0.3665894,1.248484,0.4070956,4
4,0.4995946,1.094292,0.4427974,5
4,0.3406392,1.370426,0.4792707,6
4,0.3533887,1.460254,0.438152,7
4,0.2779704,1.287637,0.6166905,8
4,0.4577059,1.284877,0.4882442,9
4,0.4731413,0.9768555,0.4317478,10
4,0.1951841,1.091925,0.4062748,11
4,0.1532867,1.190755,0.405727,12
4,0.222015,1.447513,0.6309263,13
4,0.1834417,0.955593,0.4452495,14
4,0.4814941,1.373415,0.613402,15
4,0.08935606,1.486865,0.4145677,16
4,0.2759793,1.562228,0.6621654,17
4,0.05329329,1.271901,0.5979372,18
4,0.06112123,1.04604,0.4418429,19
4,0.4321125,1.512334,0.5337148,20
4,0.04607958,0.8756838,0.4456747,21
4,0.1697345,1.593564,0.5325901,22
4,-0.006830394,1.173457,0.5144299,23
4,0.364178,1.586135,0.5909123,24
4,-0.09587669,1.270222,0.4721578,25
4,0.2156248,0.8118621,0.5178601,26
4,0.1674726,0.6480886,0.3941244,27
4,0.09865314,0.7440937,0.5230003,28
4,-0.126202,1.161137,0.4290137,29
4,0.07942116,0.6221603,0.4439996,30
4,0.477481,0.6392059,0.5378022,31
4,0.4214007,0.7166036,0.5217354,32
4,0.3175611,0.8377501,0.4665458,33
4,0.01867467,1.553024,0.5605434,34
4,0.35583,0.6402331,0.6644952,35
4,-0.07558656,1.028015,0.5883576,36
4,-0.05707234,1.491649,0.5781482,37
4,0.2728764,0.7059397,0.4510901,38
4,-0.1807685,1.017952,0.5727431,39
4,-0.008920401,0.7009346,0.3919889,40
4,-0.3394679,1.238357,0.6865205,41
4,-0.1998626,1.526071,0.4517552,42
4,-0.3262774,1.333005,0.4456705,43
4,-0.1624483,0.7004294,0.5177646,44
4,-0.003245026,0.9687978,0.3874291,45
4,-0.05698285,0.6232783,0.6089141,46
4,-0.3911032,0.8021678,0.4120293,47
4,-0.3685863,1.058924,0.3983574,48
4,-0.2979271,0.61435,0.455245,49
4,-0.06178674,0.7834869,0.4135874,50
4,-0.3805791,0.9324174,0.4906264,51
4,-0.1330408,1.594822,0.5322416,52
4,-0.4479376,1.013614,0.3911822,53
4,-0.2860168,1.552818,0.5070271,54
4,-0.3984408,1.159038,0.5203269,55
4,-0.2963307,1.440388,0.5120296,56
4,-0.4727394,0.9153337,0.4661491,57
4,-0.4393538,1.595273,0.5404757,58
4,-0.3647738,0.7074432,0.418954,59
4,-0.2845776,0.7512997,0.6035526,60
4,-0.4689756,1.27928,0.6052484,61
4,-0.4934732,0.6705472,0.3890825,62
4,-0.4886606,0.805245,0.5004671,63
4,-0.4916692,1.094366,0.4676434,64
4,-0.4416841,1.431305,0.4401316,65
4,-0.4026059,0.6243059,0.469322,66
4,-0.1953973,0.6158762,0.4201712,67
4,-0.179695,1.429937,0.5826788,68
4,0.2566507,0.6067536,0.4657844,69
