Case,X,Y,Z,a,v,index
2,0.05079788,1.308148,0.3902507,0
2,0.1459917,1.241543,0.3930332,1
2,0.1693931,1.078866,0.4152144,2
2,-0.0791142,1.223945,0.5963596,3
2,0.07027918,0.9611352,0.543975,4
2,-0.09468779,1.316744,0.5137165,5
2,-0.07863191,1.090083,0.4288757,6
2,0.3448468,1.323277,0.5472698,7
2,0.1690649,0.9452651,0.4879522,8
2,0.04739827,1.205556,0.4149196,9
2,0.06696564,1.10451,0.5696674,10
2,0.1252836,1.543598,0.5099508,11
2,-0.1906662,1.095382,0.5932142,12
2,0.3551239,1.467647,0.6169101,13
2,0.2571737,1.436243,0.4062194,14
2,0.22158,1.537907,0.4561551,15
2,-0.1890076,0.9789701,0.5335139,16
2,0.3145724,0.8551703,0.6600243,17
2,0.4381212,1.105805,0.6297902,18
2,0.03310418,1.59417,0.5025201,19
2,0.4954886,1.367148,0.5997421,20
2,0.3629673,0.9336675,0.5140338,21
2,-0.07003108,0.9964809,0.3916046,22
2,0.4765726,1.520358,0.4528563,23
2,0.3246013,1.554535,0.647022,24
2,0.4103707,1.017673,0.4472381,25
2,0.4157097,1.208416,0.4750602,26
2,-0.05328238,1.432814,0.4501389,27
2,0.1747215,0.6907867,0.4857292,28
2,-0.2765987,1.434675,0.6434199,29
2,0.2005388,1.16468,0.4254255,30
2,-0.4699368,1.039769,0.520763,31
2,0.3933087,0.8013205,0.6549025,32
2,-0.1685671,1.468921,0.4097078,33
2,-0.347912,1.167507,0.4596123,34
2,0.2746617,0.7620283,0.430454,35
2,-0.3304916,1.520158,0.5261486,36
2,-0.1214219,0.8968913,0.68154,37
2,-0.3169752,1.280689,0.4533866,38
2,-0.08816075,1.55222,0.4764566,39
2,-0.3481826,0.9532686,0.4291865,40
2,0.03939092,1.449044,0.6444829,41
2,0.08432215,0.7112563,0.4614657,42
2,-0.4401827,1.58776,0.514031,43
2,0.4561779,0.9181718,0.4885845,44
2,0.4785457,0.7720386,0.443286,45
2,-0.2407038,1.541528,0.4177144,46
2,-0.4053341,1.378944,0.5253562,47
2,0.4135481,0.6522281,0.6545224,48
2,-0.4351551,1.492505,0.6534555,49
2,-0.2902859,0.8763486,0.4648159,50
2,0.3218424,0.6032621,0.5114688,51
2,-0.3832163,0.7834972,0.5715821,52
2,-0.4756298,1.290986,0.5247389,53
2,-0.1776757,1.235185,0.5360864,54
2,-0.484624,1.169293,0.4543709,55
2,-0.07033187,0.6573662,0.6176472,56
2,-0.4707502,0.9165218,0.3940855,57
2,-0.4929003,0.7798056,0.4242088,58
2,0.01394135,0.6228281,0.442501,59
2,-0.2207002,0.7783105,0.4901452,60
2,-0.2913744,0.7142367,0.6506907,61
2,-0.1404151,0.7312087,0.4760137,62
2,-0.1889148,0.6383536,0.5732412,63
2,-0.4394311,0.6377807,0.5074996,64
2,-0.2761074,0.6109136,0.4199876,65
2,-0.0189079,0.910104,0.5346305,66
