Case,X,Y,Z,a,v,index
65,0.009501994,1.167466,0.4017029,0
65,0.1867266,1.462806,0.4844598,1
65,-0.09964421,1.560996,0.488319,2
65,0.4607139,1.235311,0.5305371,3
65,-0.09557852,1.443615,0.6408075,4
65,0.4994676,1.111667,0.43564,5
65,0.4908717,1.357578,0.5256089,6
65,-0.2088888,1.513801,0.4709499,7
65,0.3572323,1.485583,0.430257,8
65,0.4905676,1.503937,0.5286447,9
65,0.4629035,0.955566,0.6861131,10
65,0.3882641,1.591805,0.4928032,11
65,0.2695013,1.572758,0.4867586,12
65,0.3607178,1.316786,0.4947561,13
65,-0.2690013,1.350988,0.5225241,14
65,0.2826281,1.394963,0.449675,15
65,0.0120346,1.052443,0.5598024,16
65,0.07632858,1.554364,0.3912741,17
65,-0.02103782,0.6345962,0.4763868,18
65,-0.1466841,1.075139,0.4159971,19
65,0.2457824,0.8231745,0.44162,20
65,-0.1689799,0.7627676,0.4582078,21
65,-0.06207523,0.9589568,0.40874,22
65,-0.2844818,0.9043791,0.421601,23
65,-0.3922611,1.213108,0.6735954,24
65,0.1517232,0.6683275,0.4241377,25
65,-0.4645724,1.385281,0.4605777,26
65,-0.4812332,1.020087,0.4957602,27
65,-0.4058843,0.850158,0.6763712,28
65,0.4134564,0.7548617,0.4019898,29
65,-0.494221,1.142682,0.5216876,30
65,0.2820135,0.6767685,0.4367942,31
65,-0.4986836,1.598936,0.4152444,32
65,-0.3259166,1.523617,0.4466195,33
65,-0.2594055,0.6900633,0.4258448,34
65,0.04998565,0.7735882,0.3969975,35
65,0.3518623,0.8958032,0.5396609,36
65,-0.1714083,0.6104065,0.4061134,37
65,0.4850643,0.6582474,0.5910281,38
65,-0.3655504,0.6531602,0.4567001,39
65,0.3784437,0.6016917,0.4166394,40
65,0.4927448,0.8483266,0.6620448,41
65,-0.3169044,0.7844891,0.4921803,42
65,-0.4892783,0.7243062,0.487224,43
