Case,X,Y,Z,a,v,index
70,-0.2139462,1.558106,0.5347513,0
70,-0.312893,1.363231,0.5793213,1
70,-0.1634072,1.425771,0.4578326,2
70,-0.3818776,1.513147,0.4160933,3
70,-0.4139592,1.297595,0.4598349,4
70,-0.4787642,1.571647,0.5120619,5
70,-0.4879319,1.119081,0.6777598,6
70,-0.02884799,1.574603,0.6561165,7
70,-0.3709755,1.188385,0.4827779,8
70,-0.1203653,1.13903,0.6065384,9
70,0.07355362,1.051338,0.5044768,10
70,-0.347259,1.022236,0.452628,11
70,-0.4823675,1.454529,0.4164591,12
70,0.008552849,1.213364,0.6727257,13
70,-0.04575506,0.9980557,0.4507594,14
70,0.1665425,1.538146,0.3998022,15
70,3.385544E-05,1.447765,0.5307453,16
70,-0.3680019,0.8980531,0.5983844,17
70,-0.4881732,0.9372178,0.6344858,18
70,-0.3772328,0.7559019,0.567204,19
70,-0.2645843,0.8185373,0.5790568,20
70,-0.2186997,0.6059503,0.4648088,21
70,0.2025394,0.7262005,0.3917018,22
70,0.411364,0.7432996,0.4515499,23
70,0.03496486,0.646644,0.3948974,24
70,-0.1395552,0.7348905,0.6341237,25
70,0.1429704,0.6020206,0.4776953,26
70,-0.3421207,0.6203352,0.4115595,27
70,0.2671021,1.491992,0.6300446,28
70,0.3027369,0.8099682,0.4784072,29
70,0.4015216,0.8833902,0.4486687,30
70,0.3538025,1.033955,0.5071366,31
70,0.3916457,1.46385,0.4583966,32
70,0.4734548,1.088447,0.3979366,33
70,0.3053972,0.640545,0.4102238,34
70,0.324824,1.224478,0.4499127,35
70,0.4673586,1.296658,0.5256092,36
70,0.3530414,1.359789,0.4191561,37
70,-0.4988022,0.6248736,0.5006626,38
70,0.4886268,0.6160533,0.4183037,39
70,0.3725733,1.594157,0.5243191,40
70,-0.478303,0.81604,0.626786,41
70,0.4835764,1.567441,0.6843579,42
