Case,X,Y,Z,a,v,index
156,0.1503742,1.105453,0.5561487,0
156,0.2652519,0.8869836,0.5014039,1
156,0.00965488,1.110198,0.4697779,2
156,0.4148624,1.108986,0.5805306,3
156,0.2683337,1.404044,0.5421068,4
156,0.3990864,1.320777,0.663837,5
156,-0.1407425,1.160795,0.6535779,6
156,0.125744,1.492939,0.4325677,7
156,-0.1260976,1.458038,0.6203957,8
156,-0.03289402,1.001854,0.4624207,9
156,0.4333869,1.512408,0.4930506,10
156,0.04926842,1.572926,0.4545583,11
156,0.4902207,1.1929,0.5954648,12
156,0.2572667,1.514809,0.4068274,13
156,-0.1939112,1.367578,0.4912052,14
156,0.4098923,0.9534307,0.4962229,15
156,0.4287662,0.7709529,0.5508446,16
156,0.1534364,0.7708679,0.516721,17
156,0.3271669,0.6391824,0.5168918,18
156,-0.2618656,1.493422,0.4813999,19
156,0.1788677,0.6150171,0.6791624,20
156,-0.04033139,0.6844602,0.5263257,21
156,-0.2123614,0.8288589,0.4042916,22
156,-0.1882064,0.703989,0.6054629,23
156,-0.405256,1.423318,0.5887911,24
156,-0.3478466,1.573303,0.4095555,25
156,-0.3598947,0.9974327,0.400813,26
156,0.4951141,0.6291238,0.6117836,27
156,0.296602,0.7740636,0.5103626,28
156,-0.4848161,1.247143,0.4770441,29
156,-0.3899602,1.104665,0.4804886,30
156,0.08525407,0.6781737,0.5813956,31
156,-0.3706748,0.8240129,0.5316914,32
156,-0.4931551,1.49756,0.3985579,33
156,-0.1096162,1.599438,0.4845872,34
156,-0.4510778,0.6402363,0.3882122,35
156,-0.3134905,0.6974298,0.4470736,36
156,-0.3163974,1.339981,0.3928564,37
156,-0.4786918,0.9309626,0.513196,38
156,-0.4987665,1.082841,0.5367122,39
