Case,X,Y,Z,a,v,index
64,0.2777024,0.8375412,0.4095727,0
64,0.1664311,0.670546,0.6094348,1
64,0.3422856,0.9741812,0.4830047,2
64,0.4003472,1.154662,0.5311334,3
64,0.2638447,0.6128839,0.6392745,4
64,0.3059537,1.315766,0.4409098,5
64,0.3984371,0.8395079,0.4741517,6
64,0.4277458,0.6271738,0.6247622,7
64,0.3543562,0.7339152,0.4923974,8
64,0.1216477,1.088341,0.5197456,9
64,-0.05402845,1.171433,0.4843226,10
64,0.4768794,0.7517662,0.5853462,11
64,-0.002332449,1.034669,0.5177597,12
64,-0.1427993,0.747343,0.4935746,13
64,0.4593524,1.056525,0.4516869,14
64,-0.3285619,0.6832511,0.4539665,15
64,-0.1551669,1.116339,0.5335394,16
64,-0.007177621,0.6364384,0.6402326,17
64,0.1095927,1.450091,0.4941098,18
64,0.1670853,0.8043686,0.4404276,19
64,-0.490806,0.6745516,0.4259512,20
64,-0.08754757,1.45082,0.5602641,21
64,-0.3920419,0.968031,0.5062201,22
64,0.48711,0.9058129,0.5077107,23
64,-0.3514071,1.211447,0.4551268,24
64,-0.1823549,0.6145123,0.4938841,25
64,-0.3712955,0.8320369,0.5496604,26
64,-0.2263582,0.822596,0.5503156,27
64,-0.4560768,1.059562,0.5285105,28
64,0.00383532,1.516025,0.6826317,29
64,0.4984918,1.36676,0.5205967,30
64,0.2285853,1.484399,0.6475627,31
64,-0.339658,1.075689,0.5588114,32
64,-0.2927218,1.314997,0.4778801,33
64,0.4307065,1.261246,0.4419663,34
64,-0.2014821,1.431201,0.5966035,35
64,-0.1183228,1.561711,0.6323481,36
64,-0.4787096,0.8862045,0.4191312,37
64,0.1500928,1.562711,0.4758922,38
64,0.2666546,1.588521,0.5229242,39
64,-0.4767739,1.220574,0.4087041,40
64,-0.3059981,1.480107,0.5441366,41
64,-0.4364218,1.32708,0.4270014,42
64,0.3323421,1.425084,0.4374687,43
64,0.4363207,1.468471,0.4423774,44
64,-0.4561355,1.516689,0.5065348,45
64,0.4200652,1.582513,0.5408643,46
64,-0.263252,1.599532,0.4120263,47
