Case,X,Y,Z,a,v,index
67,-0.4512751,0.8891097,0.5082996,0
67,-0.4284178,0.9991384,0.4529296,1
67,-0.3900135,1.180639,0.4178058,2
67,-0.4094281,1.307068,0.613462,3
67,-0.3007981,0.8908958,0.4412731,4
67,-0.3099414,1.368162,0.4783804,5
67,-0.3859128,0.7754269,0.4636191,6
67,-0.3256114,0.6419181,0.4393016,7
67,-0.05527267,1.178871,0.4329186,8
67,0.01678163,1.079205,0.3916605,9
67,-0.2511931,0.770799,0.4125155,10
67,-0.1653779,1.466244,0.419844,11
67,0.1403272,1.154643,0.6213658,12
67,-0.4862301,0.6625152,0.5573959,13
67,0.04512173,1.227386,0.6680701,14
67,-0.1144693,1.052389,0.4002814,15
67,-0.02249545,1.493781,0.4866692,16
67,-0.1191965,0.6047921,0.4944915,17
67,-0.4123527,1.51706,0.4359695,18
67,-0.1066378,0.7231603,0.4716223,19
67,0.0418278,0.6670396,0.4482026,20
67,0.1505885,1.481281,0.4509186,21
67,0.3374889,1.39797,0.4796342,22
67,-0.2447497,1.557319,0.429651,23
67,0.1266304,0.7709303,0.492335,24
67,0.1755745,0.6673403,0.5367002,25
67,0.3413255,1.568191,0.6368594,26
67,0.0342465,1.593977,0.6202249,27
67,0.2660382,0.772312,0.5408515,28
67,0.3426709,1.01746,0.4398589,29
67,0.1577493,1.59708,0.626079,30
67,0.3897439,0.6955571,0.5749667,31
67,0.459448,0.8848189,0.4120321,32
67,0.3794029,1.256297,0.5384068,33
67,0.4912478,1.072582,0.4454684,34
67,0.303413,0.6001944,0.593526,35
67,-0.1229964,1.578539,0.4056101,36
67,0.4795337,1.564472,0.4039509,37
67,0.3569711,0.8379015,0.4243912,38
67,0.4356753,1.451411,0.5013338,39
67,0.4677022,1.344179,0.4070378,40
67,0.3855085,1.133822,0.5803702,41
