Case,X,Y,Z,a,v,index
159,0.3399369,1.216096,0.3935554,0
159,0.06045675,1.242463,0.5139398,1
159,0.09575808,1.128646,0.4704739,2
159,-0.04675952,1.160851,0.5263691,3
159,0.324496,0.9866744,0.5092664,4
159,0.1130248,0.7565259,0.4813754,5
159,0.4371348,1.323224,0.4339563,6
159,0.01219052,0.993651,0.6024752,7
159,0.4899578,1.448773,0.4302433,8
159,-0.08088779,0.7157208,0.5401134,9
159,0.2798242,1.393262,0.6075803,10
159,0.4326222,1.079491,0.4805006,11
159,0.231475,1.499813,0.6722457,12
159,0.1813222,0.66944,0.4854679,13
159,0.2114862,0.8323228,0.6229575,14
159,0.347777,1.531862,0.4499918,15
159,0.04579347,0.6181342,0.4400634,16
159,0.3789772,0.7554146,0.489361,17
159,0.4534262,0.9606633,0.5232548,18
159,-0.1630268,0.6355991,0.4071893,19
159,0.4731272,1.594054,0.5160019,20
159,0.3481997,0.8743489,0.6088896,21
159,-0.09415591,1.049701,0.6353034,22
159,-0.3062166,0.7568684,0.5241958,23
159,0.09968913,1.580411,0.4332611,24
159,-0.01366416,1.448282,0.6285061,25
159,0.4947066,0.8434402,0.6530546,26
159,0.4692273,0.666739,0.4719459,27
159,0.3015789,0.6701624,0.5041225,28
159,-0.2236644,1.392837,0.448977,29
159,-0.3491482,0.8810123,0.6425769,30
159,-0.08311296,1.559227,0.4459977,31
159,0.4901053,1.173903,0.6852992,32
159,-0.4858206,0.7401143,0.6265101,33
159,-0.4827951,0.8773026,0.56646,34
159,-0.3259304,1.586941,0.5117515,35
159,-0.3852929,0.6316778,0.4555358,36
159,-0.4429477,1.002318,0.5224314,37
159,-0.4158984,1.272499,0.5863768,38
159,-0.4854766,1.113615,0.5469841,39
159,-0.2744391,0.6213977,0.6043842,40
159,-0.3660442,1.457761,0.4200934,41
159,-0.2118069,1.579481,0.4627841,42
159,-0.4868219,1.46849,0.5329508,43
159,-0.4970936,0.6127017,0.4911392,44
159,-0.3013878,1.302453,0.4468568,45
