Case,X,Y,Z,a,v,index
119,-0.1152269,1.459708,0.6767161,0
119,0.08639407,1.14352,0.6763471,1
119,-0.2957572,1.355853,0.6760708,2
119,-0.1006594,1.210386,0.4013508,3
119,0.1747785,1.422019,0.4152012,4
119,0.0797019,1.585255,0.5541391,5
119,0.3974426,1.175603,0.4646361,6
119,0.1339665,1.035326,0.4492194,7
119,0.2134618,1.578127,0.6455928,8
119,0.2675947,1.354327,0.3888601,9
119,0.3676519,0.9931097,0.5520691,10
119,-0.1867914,1.375142,0.5128303,11
119,-0.4080095,1.388047,0.6782192,12
119,0.3123724,1.482345,0.6785679,13
119,0.003992617,1.487729,0.397446,14
119,-0.2670633,1.576562,0.5743254,15
119,0.4307281,1.530177,0.4244378,16
119,-0.2237729,0.7959017,0.6305783,17
119,-0.418207,1.518465,0.4646438,18
119,0.422358,1.407844,0.5211533,19
119,-0.3420761,0.8170471,0.4557856,20
119,-0.3194771,1.469309,0.4110259,21
119,-0.005096912,1.042447,0.6497068,22
119,-0.1188856,1.575455,0.5337941,23
119,0.4711949,0.8552654,0.4389697,24
119,-0.3687426,1.267335,0.6269737,25
119,-0.3698151,1.004688,0.3957646,26
119,-0.09956709,0.7048731,0.3965632,27
119,0.01950109,1.240084,0.4416405,28
119,-0.3650328,0.6819937,0.5597579,29
119,-0.4998064,0.8295761,0.4994459,30
119,-0.4837612,0.945189,0.5789819,31
119,0.1039754,0.7678976,0.4328184,32
119,-0.4697825,1.084587,0.388668,33
119,0.08473557,0.6127239,0.3943736,34
119,-0.2064633,0.6379846,0.6480218,35
119,0.4887085,1.049595,0.4324883,36
119,0.2644665,0.6705368,0.4988,37
119,0.3045452,0.7759336,0.5065558,38
119,-0.4996241,1.242079,0.5071389,39
119,0.3852997,1.299301,0.4944671,40
119,-0.4974052,0.6693391,0.5088063,41
119,0.4931325,1.24607,0.5073535,42
119,0.4408292,0.627739,0.433054,43
119,0.4145756,0.7570799,0.4695033,44
119,0.3012792,0.8860451,0.490798,45
119,-0.02699968,0.600678,0.4814863,46
