Case,X,Y,Z,a,v,index
74,-0.1152269,1.459708,0.4887461,0
74,0.08639407,1.14352,0.5423191,1
74,-0.2957572,1.355853,0.6589562,2
74,-0.1006594,1.210386,0.5359621,3
74,0.1747785,1.422019,0.5453414,4
74,0.0797019,1.585255,0.3938198,5
74,0.3974426,1.175603,0.6205859,6
74,0.1339665,1.035326,0.4419897,7
74,0.2134618,1.578127,0.4220353,8
74,0.2675947,1.354327,0.5126115,9
74,0.3676519,0.9931097,0.4036149,10
74,-0.1867914,1.375142,0.4600601,11
74,-0.4080095,1.388047,0.6536072,12
74,0.3123724,1.482345,0.6331235,13
74,0.003992617,1.487729,0.4314262,14
74,-0.2670633,1.576562,0.4343719,15
74,0.4307281,1.530177,0.4790203,16
74,-0.2237729,0.7959017,0.4443665,17
74,-0.418207,1.518465,0.6704705,18
74,0.422358,1.407844,0.3930917,19
74,-0.3420761,0.8170471,0.4613336,20
74,-0.3194771,1.469309,0.5241904,21
74,-0.005096912,1.042447,0.5853567,22
74,-0.1188856,1.575455,0.5998286,23
74,0.4711949,0.8552654,0.5297704,24
74,-0.3687426,1.267335,0.4544856,25
74,-0.3698151,1.004688,0.5714993,26
74,-0.09956709,0.7048731,0.498213,27
74,0.01950109,1.240084,0.5630647,28
74,-0.3650328,0.6819937,0.568848,29
74,-0.4998064,0.8295761,0.5289664,30
74,-0.4837612,0.945189,0.6682272,31
74,0.1039754,0.7678976,0.4585664,32
74,-0.4697825,1.084587,0.4215445,33
74,0.08473557,0.6127239,0.5122546,34
74,-0.2064633,0.6379846,0.5315272,35
74,0.4887085,1.049595,0.4025664,36
74,0.2644665,0.6705368,0.5443653,37
74,0.3045452,0.7759336,0.609701,38
74,-0.4996241,1.242079,0.5316523,39
74,0.3852997,1.299301,0.4261709,40
74,-0.4974052,0.6693391,0.669826,41
74,0.4931325,1.24607,0.6395031,42
74,0.4408292,0.627739,0.5725639,43
74,0.4145756,0.7570799,0.4740813,44
74,0.3012792,0.8860451,0.4281745,45
74,-0.02699968,0.600678,0.567975,46
