Case,X,Y,Z,a,v,index
115,-0.2139462,1.558106,0.3872226,0
115,-0.312893,1.363231,0.4962463,1
115,-0.1634072,1.425771,0.5926796,2
115,-0.3818776,1.513147,0.4435585,3
115,-0.4139592,1.297595,0.6709586,4
115,-0.4787642,1.571647,0.4520794,5
115,-0.4879319,1.119081,0.5530401,6
115,-0.02884799,1.574603,0.4412403,7
115,-0.3709755,1.188385,0.5895401,8
115,-0.1203653,1.13903,0.6366543,9
115,0.07355362,1.051338,0.4601669,10
115,-0.347259,1.022236,0.6490763,11
115,-0.4823675,1.454529,0.4592676,12
115,0.008552849,1.213364,0.6157714,13
115,-0.04575506,0.9980557,0.4760418,14
115,0.1665425,1.538146,0.4813017,15
115,3.385544E-05,1.447765,0.4707652,16
115,-0.3680019,0.8980531,0.488045,17
115,-0.4881732,0.9372178,0.4732608,18
115,-0.3772328,0.7559019,0.5849043,19
115,-0.2645843,0.8185373,0.5458354,20
115,-0.2186997,0.6059503,0.5495628,21
115,0.2025394,0.7262005,0.4858358,22
115,0.411364,0.7432996,0.4182904,23
115,0.03496486,0.646644,0.5234667,24
115,-0.1395552,0.7348905,0.4939287,25
115,0.1429704,0.6020206,0.6217628,26
115,-0.3421207,0.6203352,0.4784108,27
115,0.2671021,1.491992,0.4170649,28
115,0.3027369,0.8099682,0.5842995,29
115,0.4015216,0.8833902,0.4010274,30
115,0.3538025,1.033955,0.5493228,31
115,0.3916457,1.46385,0.6725045,32
115,0.4734548,1.088447,0.5750421,33
115,0.3053972,0.640545,0.5376468,34
115,0.324824,1.224478,0.5905336,35
115,0.4673586,1.296658,0.5237248,36
115,0.3530414,1.359789,0.4453798,37
115,-0.4988022,0.6248736,0.4193566,38
115,0.4886268,0.6160533,0.6434969,39
115,0.3725733,1.594157,0.4279958,40
115,-0.478303,0.81604,0.4564071,41
115,0.4835764,1.567441,0.4061989,42
