Case,X,Y,Z,a,v,index
62,-0.2780068,1.470732,0.610864,0
62,-0.3191495,1.34453,0.6800317,1
62,-0.4779992,1.541077,0.4843051,2
62,-0.2719156,1.589713,0.6256611,3
62,-0.4088144,1.447086,0.6514208,4
62,-0.1559264,1.556402,0.5688033,5
62,-0.1529751,1.429497,0.5254292,6
62,-0.4471014,1.266195,0.4014692,7
62,-0.396771,1.159251,0.5234874,8
62,0.05855238,1.58949,0.4914854,9
62,-0.08360159,1.214856,0.4451971,10
62,-0.01573643,1.493653,0.5145837,11
62,-0.4964016,1.072494,0.4232768,12
62,0.1883995,1.568918,0.6516608,13
62,-0.3531768,1.054007,0.4830728,14
62,-0.4945068,1.367984,0.4077485,15
62,-0.116456,1.015527,0.5452706,16
62,0.03971308,1.153224,0.5782087,17
62,-0.01982215,0.955097,0.3950347,18
62,-0.4473267,0.9350852,0.5194437,19
62,0.1005943,1.451986,0.4172051,20
62,-0.2611245,0.8642624,0.4415061,21
62,0.1333507,1.009739,0.3995833,22
62,0.217596,1.420658,0.4877951,23
62,0.3763959,1.547666,0.5236174,24
62,0.3501114,1.230271,0.5752161,25
62,-0.1402781,0.701728,0.4267462,26
62,-0.4314097,0.7761112,0.3937455,27
62,0.02652007,0.7307147,0.5980225,28
62,0.1373619,0.7408451,0.5248353,29
62,0.208514,0.642377,0.4232937,30
62,0.3904971,1.434248,0.5067421,31
62,-0.2734228,0.7546922,0.3919931,32
62,0.4856389,1.162052,0.5663281,33
62,-0.01060444,0.6132415,0.5587302,34
62,0.3890041,0.7041485,0.6444982,35
62,0.4880969,0.6285436,0.5831667,36
62,0.333151,0.9140787,0.5695286,37
62,-0.397907,0.6199264,0.656844,38
62,0.386224,1.100352,0.5586787,39
62,0.4374813,0.8487814,0.4750322,40
62,-0.2563644,0.6340743,0.4522003,41
62,0.4807322,1.024816,0.4951495,42
62,0.3039011,0.7754599,0.5031448,43
62,0.4820269,1.342244,0.5315486,44
62,0.4955317,1.585192,0.5587811,45
