Case,X,Y,Z,a,v,index
9,0.3488177,0.778896,0.4462756,0
9,0.3008358,0.697028,0.4752531,1
9,0.4347376,0.6616335,0.458327,2
9,0.4536091,0.8791662,0.5196407,3
9,0.469316,0.7732154,0.6515834,4
9,0.303499,0.6022884,0.4130441,5
9,0.4362853,1.009791,0.4966916,6
9,0.4921825,1.09003,0.4386889,7
9,0.2136672,1.06798,0.583993,8
9,0.4540554,1.203233,0.5646165,9
9,0.3462772,0.8885531,0.405307,10
9,0.1992872,0.742202,0.5279572,11
9,0.1511558,0.6208963,0.474162,12
9,0.09459203,0.7237913,0.6710051,13
9,0.3664721,1.22648,0.4887623,14
9,0.01683468,0.6572207,0.5774397,15
9,0.09791124,1.003045,0.4234974,16
9,0.2694829,1.346195,0.5207438,17
9,-0.04950175,0.7397292,0.45406,18
9,0.4477885,1.34988,0.434527,19
9,0.05844051,1.102358,0.6167879,20
9,-0.1490551,0.6450445,0.4856279,21
9,-0.05454108,0.9386307,0.5822189,22
9,0.2576457,0.8286129,0.4110753,23
9,-0.1833769,0.7980596,0.5355688,24
9,0.1739385,1.182791,0.614357,25
9,0.06532264,1.192267,0.4171722,26
9,0.3663334,1.414148,0.5041754,27
9,-0.05846703,1.178781,0.5077469,28
9,0.1211624,1.277744,0.4188223,29
9,-0.2739692,0.6033288,0.5072025,30
9,-0.360884,0.802093,0.4890891,31
9,-0.3686657,0.9135329,0.5511424,32
9,-0.271823,0.7781336,0.4057831,33
9,0.3106644,1.544148,0.4398516,34
9,-0.07319194,1.089597,0.6493266,35
9,-0.461977,0.9921564,0.529793,36
9,-0.4426965,0.7587916,0.6455569,37
9,-0.4118688,1.141658,0.5702329,38
9,0.4530125,1.510748,0.4455622,39
9,-0.3675558,0.6743289,0.4687436,40
9,-0.4503772,0.6142411,0.5345412,41
9,0.4054822,1.590431,0.4130847,42
9,0.4940095,1.42846,0.6242721,43
9,-0.4615832,0.8611921,0.5613255,44
9,-0.1720218,1.029858,0.5083099,45
9,-0.1882941,1.121469,0.5078823,46
9,-0.005484343,1.017635,0.5163302,47
9,-0.4927758,1.080562,0.6609299,48
9,-0.129785,1.282464,0.4354461,49
9,0.1338615,1.55652,0.5071415,50
9,0.05117142,1.337271,0.4181905,51
9,0.2737904,1.451555,0.4271694,52
9,0.2217969,1.588822,0.4114501,53
9,-0.0623205,1.34612,0.5238637,54
9,-0.3465214,1.333844,0.533989,55
9,-0.3321229,1.441937,0.4901656,56
9,-0.03568828,1.524695,0.6008295,57
9,-0.3659637,1.221476,0.584401,58
9,-0.4825236,1.350485,0.3978192,59
9,-0.2203856,1.46721,0.3905847,60
9,-0.4825652,1.23419,0.4603072,61
9,-0.1104492,1.58437,0.4934596,62
9,-0.2681144,1.55238,0.4850934,63
9,0.02951533,1.593865,0.5890576,64
9,-0.4725565,1.452929,0.5226491,65
9,-0.4162961,1.582988,0.5285287,66
9,-0.1087166,1.461608,0.5817428,67
