Case,X,Y,Z,a,v,index
60,-0.2514899,1.049975,0.5137901,0
60,-0.3765767,1.028103,0.5156975,1
60,-0.3250244,0.8787388,0.5192995,2
60,-0.157049,1.030898,0.5388576,3
60,-0.1188707,1.159069,0.6864146,4
60,-0.1783729,0.735019,0.5478402,5
60,-0.05221164,0.7472163,0.5132269,6
60,-0.2727329,0.7722988,0.5313891,7
60,-0.03257033,0.6362029,0.389475,8
60,0.03165966,0.9217459,0.534954,9
60,0.1362704,1.04142,0.4126319,10
60,-0.1142328,0.9452485,0.4545967,11
60,-0.3140677,0.6624167,0.6065695,12
60,0.04417622,0.7052257,0.5511105,13
60,-0.347742,1.177143,0.4490442,14
60,-0.2290961,0.6047928,0.501317,15
60,-0.4668721,1.117046,0.576906,16
60,-0.1186628,0.6642889,0.4580905,17
60,-0.4575211,0.9523044,0.5864035,18
60,-0.4395212,1.216139,0.4549352,19
60,-0.3731313,1.356198,0.446306,20
60,-0.0008679628,1.059167,0.4673382,21
60,-0.4240541,0.6564543,0.4034207,22
60,-0.4945323,1.341327,0.3962654,23
60,-0.4334149,0.8223709,0.6277725,24
60,0.1885309,0.9556372,0.5009859,25
60,0.2384646,1.094679,0.6566201,26
60,-0.1436331,1.287358,0.4133937,27
60,-0.2283081,1.457681,0.43934,28
60,-0.3745559,0.75365,0.5094563,29
60,-0.2862582,1.307155,0.4931437,30
60,0.2101701,0.7263932,0.4050722,31
60,-0.4962783,0.7370754,0.4751167,32
60,-0.3908693,1.468725,0.5120684,33
60,-0.4002871,1.566301,0.436874,34
60,0.1451737,0.6356013,0.5205343,35
60,-0.02644148,1.174369,0.4755158,36
60,-0.4839745,1.515025,0.5413128,37
60,0.2772475,0.8576009,0.6365101,38
60,-0.2826103,1.538617,0.501542,39
60,0.141388,1.22203,0.4434821,40
60,-0.05218831,1.287675,0.3917934,41
60,0.2643947,0.6420445,0.4513161,42
60,-0.1180031,1.551017,0.4671849,43
60,0.07734817,1.126274,0.5941746,44
60,0.3323783,1.18156,0.638226,45
60,0.4964567,1.112132,0.5918131,46
60,0.3624989,1.282096,0.4642603,47
60,0.04661661,1.25694,0.5117487,48
60,0.1316653,1.313992,0.6837636,49
60,0.2098472,1.413127,0.5313738,50
60,0.1517617,1.546405,0.4370518,51
60,0.3769392,1.445287,0.5154111,52
60,0.3833847,1.101083,0.6374763,53
60,0.3806496,0.9001234,0.5144174,54
60,0.372864,0.7713265,0.4175839,55
60,0.4235351,0.6814964,0.5087536,56
60,0.02697742,1.519258,0.4961497,57
60,-0.2063714,1.598393,0.4492685,58
60,0.4374571,1.333073,0.4979014,59
60,0.4867771,0.9063942,0.4158385,60
60,0.4833586,1.225502,0.5138446,61
60,0.4841002,0.9981059,0.4546862,62
60,0.4587163,0.8060363,0.4420545,63
60,0.2646864,1.556109,0.5250461,64
60,0.3944745,1.006539,0.6332169,65
60,0.4396834,1.512322,0.3883742,66
60,0.3551027,1.563716,0.4720724,67
60,0.4893495,1.423521,0.4718724,68
