Case,X,Y,Z,a,v,index
54,0.3488177,0.778896,0.4710121,0
54,0.3008358,0.697028,0.5239434,1
54,0.4347376,0.6616335,0.5267532,2
54,0.4536091,0.8791662,0.6728461,3
54,0.469316,0.7732154,0.4960167,4
54,0.303499,0.6022884,0.6569005,5
54,0.4362853,1.009791,0.5189468,6
54,0.4921825,1.09003,0.3987339,7
54,0.2136672,1.06798,0.6371192,8
54,0.4540554,1.203233,0.4569492,9
54,0.3462772,0.8885531,0.4870458,10
54,0.1992872,0.742202,0.6078385,11
54,0.1511558,0.6208963,0.4066606,12
54,0.09459203,0.7237913,0.4265672,13
54,0.3664721,1.22648,0.4534749,14
54,0.01683468,0.6572207,0.5861639,15
54,0.09791124,1.003045,0.4634375,16
54,0.2694829,1.346195,0.5254843,17
54,-0.04950175,0.7397292,0.4433801,18
54,0.4477885,1.34988,0.6250734,19
54,0.05844051,1.102358,0.5266666,20
54,-0.1490551,0.6450445,0.4818023,21
54,-0.05454108,0.9386307,0.5243062,22
54,0.2576457,0.8286129,0.4216693,23
54,-0.1833769,0.7980596,0.3891201,24
54,0.1739385,1.182791,0.5678877,25
54,0.06532264,1.192267,0.629168,26
54,0.3663334,1.414148,0.4855723,27
54,-0.05846703,1.178781,0.4872392,28
54,0.1211624,1.277744,0.4364964,29
54,-0.2739692,0.6033288,0.391932,30
54,-0.360884,0.802093,0.5076745,31
54,-0.3686657,0.9135329,0.4928455,32
54,-0.271823,0.7781336,0.5529698,33
54,0.3106644,1.544148,0.4081768,34
54,-0.07319194,1.089597,0.4896806,35
54,-0.461977,0.9921564,0.5866451,36
54,-0.4426965,0.7587916,0.4615453,37
54,-0.4118688,1.141658,0.5147642,38
54,0.4530125,1.510748,0.4131804,39
54,-0.3675558,0.6743289,0.4930143,40
54,-0.4503772,0.6142411,0.4306321,41
54,0.4054822,1.590431,0.5307733,42
54,0.4940095,1.42846,0.4999988,43
54,-0.4615832,0.8611921,0.3958462,44
54,-0.1720218,1.029858,0.6326624,45
54,-0.1882941,1.121469,0.5217079,46
54,-0.005484343,1.017635,0.5144178,47
54,-0.4927758,1.080562,0.4429924,48
54,-0.129785,1.282464,0.4766039,49
54,0.1338615,1.55652,0.5912948,50
54,0.05117142,1.337271,0.6587402,51
54,0.2737904,1.451555,0.6391639,52
54,0.2217969,1.588822,0.4632016,53
54,-0.0623205,1.34612,0.6522293,54
54,-0.3465214,1.333844,0.5045732,55
54,-0.3321229,1.441937,0.5293541,56
54,-0.03568828,1.524695,0.402761,57
54,-0.3659637,1.221476,0.5101771,58
54,-0.4825236,1.350485,0.4076966,59
54,-0.2203856,1.46721,0.5289341,60
54,-0.4825652,1.23419,0.490963,61
54,-0.1104492,1.58437,0.6323046,62
54,-0.2681144,1.55238,0.4801441,63
54,0.02951533,1.593865,0.5680155,64
54,-0.4725565,1.452929,0.6441178,65
54,-0.4162961,1.582988,0.4015238,66
54,-0.1087166,1.461608,0.4097462,67
