Case,X,Y,Z,a,v,index
69,0.3399369,1.216096,0.502322,0
69,0.06045675,1.242463,0.4487564,1
69,0.09575808,1.128646,0.4928447,2
69,-0.04675952,1.160851,0.5018079,3
69,0.324496,0.9866744,0.4500227,4
69,0.1130248,0.7565259,0.5203763,5
69,0.4371348,1.323224,0.5052768,6
69,0.01219052,0.993651,0.4691983,7
69,0.4899578,1.448773,0.4543744,8
69,-0.08088779,0.7157208,0.45425,9
69,0.2798242,1.393262,0.3949072,10
69,0.4326222,1.079491,0.5999883,11
69,0.231475,1.499813,0.4901658,12
69,0.1813222,0.66944,0.6359897,13
69,0.2114862,0.8323228,0.404546,14
69,0.347777,1.531862,0.5118644,15
69,0.04579347,0.6181342,0.5224243,16
69,0.3789772,0.7554146,0.4948084,17
69,0.4534262,0.9606633,0.5770795,18
69,-0.1630268,0.6355991,0.6662105,19
69,0.4731272,1.594054,0.5403785,20
69,0.3481997,0.8743489,0.4982836,21
69,-0.09415591,1.049701,0.4397688,22
69,-0.3062166,0.7568684,0.6869146,23
69,0.09968913,1.580411,0.5128069,24
69,-0.01366416,1.448282,0.5008407,25
69,0.4947066,0.8434402,0.624359,26
69,0.4692273,0.666739,0.4671894,27
69,0.3015789,0.6701624,0.5399733,28
69,-0.2236644,1.392837,0.4085968,29
69,-0.3491482,0.8810123,0.4165048,30
69,-0.08311296,1.559227,0.43689,31
69,0.4901053,1.173903,0.5243707,32
69,-0.4858206,0.7401143,0.6298561,33
69,-0.4827951,0.8773026,0.6738487,34
69,-0.3259304,1.586941,0.5018941,35
69,-0.3852929,0.6316778,0.6505717,36
69,-0.4429477,1.002318,0.4956275,37
69,-0.4158984,1.272499,0.4186651,38
69,-0.4854766,1.113615,0.6525201,39
69,-0.2744391,0.6213977,0.5099083,40
69,-0.3660442,1.457761,0.4978735,41
69,-0.2118069,1.579481,0.4058977,42
69,-0.4868219,1.46849,0.4168501,43
69,-0.4970936,0.6127017,0.5361448,44
69,-0.3013878,1.302453,0.4927237,45
