Case,X,Y,Z,a,v,index
137,0.05079788,1.308148,0.4592631,0
137,0.1459917,1.241543,0.4506894,1
137,0.1693931,1.078866,0.5895034,2
137,-0.0791142,1.223945,0.5241746,3
137,0.07027918,0.9611352,0.5106472,4
137,-0.09468779,1.316744,0.6165696,5
137,-0.07863191,1.090083,0.461022,6
137,0.3448468,1.323277,0.5231531,7
137,0.1690649,0.9452651,0.5861291,8
137,0.04739827,1.205556,0.471134,9
137,0.06696564,1.10451,0.4127558,10
137,0.1252836,1.543598,0.4112124,11
137,-0.1906662,1.095382,0.4372511,12
137,0.3551239,1.467647,0.4528402,13
137,0.2571737,1.436243,0.529067,14
137,0.22158,1.537907,0.4917136,15
137,-0.1890076,0.9789701,0.5488582,16
137,0.3145724,0.8551703,0.4078764,17
137,0.4381212,1.105805,0.6693915,18
137,0.03310418,1.59417,0.4992846,19
137,0.4954886,1.367148,0.4956529,20
137,0.3629673,0.9336675,0.4515315,21
137,-0.07003108,0.9964809,0.549426,22
137,0.4765726,1.520358,0.607515,23
137,0.3246013,1.554535,0.5061502,24
137,0.4103707,1.017673,0.4772455,25
137,0.4157097,1.208416,0.4142381,26
137,-0.05328238,1.432814,0.423069,27
137,0.1747215,0.6907867,0.6738518,28
137,-0.2765987,1.434675,0.5247005,29
137,0.2005388,1.16468,0.4349262,30
137,-0.4699368,1.039769,0.447591,31
137,0.3933087,0.8013205,0.4808946,32
137,-0.1685671,1.468921,0.6184976,33
137,-0.347912,1.167507,0.5890415,34
137,0.2746617,0.7620283,0.6523432,35
137,-0.3304916,1.520158,0.5382137,36
137,-0.1214219,0.8968913,0.6559809,37
137,-0.3169752,1.280689,0.6519573,38
137,-0.08816075,1.55222,0.3973801,39
137,-0.3481826,0.9532686,0.6361073,40
137,0.03939092,1.449044,0.4818407,41
137,0.08432215,0.7112563,0.6624385,42
137,-0.4401827,1.58776,0.5338652,43
137,0.4561779,0.9181718,0.3913449,44
137,0.4785457,0.7720386,0.404949,45
137,-0.2407038,1.541528,0.6234229,46
137,-0.4053341,1.378944,0.6276631,47
137,0.4135481,0.6522281,0.4881078,48
137,-0.4351551,1.492505,0.4971337,49
137,-0.2902859,0.8763486,0.4946397,50
137,0.3218424,0.6032621,0.4025686,51
137,-0.3832163,0.7834972,0.4621187,52
137,-0.4756298,1.290986,0.6093901,53
137,-0.1776757,1.235185,0.4095567,54
137,-0.484624,1.169293,0.5993718,55
137,-0.07033187,0.6573662,0.4078992,56
137,-0.4707502,0.9165218,0.3994651,57
137,-0.4929003,0.7798056,0.4847005,58
137,0.01394135,0.6228281,0.6336237,59
137,-0.2207002,0.7783105,0.5865794,60
137,-0.2913744,0.7142367,0.4104207,61
137,-0.1404151,0.7312087,0.4085122,62
137,-0.1889148,0.6383536,0.5348751,63
137,-0.4394311,0.6377807,0.6277217,64
137,-0.2761074,0.6109136,0.5437806,65
137,-0.0189079,0.910104,0.4678259,66
