Case,X,Y,Z,a,v,index
153,-0.3197303,0.6194752,0.661348,0
153,-0.2087148,0.6101577,0.4790189,1
153,-0.2570816,0.7980679,0.4030116,2
153,-0.4690032,0.7035824,0.4489233,3
153,-0.0624736,0.6044362,0.5607626,4
153,0.05628341,0.6324747,0.5097873,5
153,-0.1454047,0.7282166,0.5054807,6
153,-0.3799525,0.8175563,0.5170486,7
153,-0.00446102,0.7480824,0.4851958,8
153,-0.02904853,0.9619017,0.443628,9
153,0.04199016,1.132201,0.5894188,10
153,-0.09693056,1.048947,0.6155528,11
153,-0.4669473,0.888384,0.512004,12
153,0.1763592,0.6927515,0.5570189,13
153,0.1357405,1.063312,0.6849273,14
153,0.2421894,0.8051753,0.4270631,15
153,0.3385248,1.003764,0.6083003,16
153,-0.3852154,0.9737144,0.471083,17
153,-0.4813076,1.145322,0.542953,18
153,-0.4830022,1.026774,0.5321032,19
153,-0.05220798,1.223658,0.5228742,20
153,0.3857364,0.7432073,0.5007699,21
153,-0.06575927,1.471786,0.5028816,22
153,0.2772986,0.9111686,0.5085278,23
153,0.0461691,1.477745,0.4327309,24
153,0.1881331,1.435242,0.4974692,25
153,-0.05229598,1.587889,0.5460795,26
153,0.431295,0.8449447,0.4741628,27
153,-0.2369038,1.430692,0.4740614,28
153,-0.3618361,1.267425,0.5938194,29
153,0.3197973,1.405741,0.4271026,30
153,0.297629,0.6198196,0.6195934,31
153,0.1581602,1.557489,0.4008873,32
153,-0.2277676,1.585827,0.5552006,33
153,0.4473408,1.089912,0.4632169,34
153,-0.3464934,1.466601,0.4742649,35
153,0.4660434,1.202582,0.4938637,36
153,-0.466611,1.316482,0.3980646,37
153,0.4438223,0.6372915,0.5802649,38
153,-0.4563255,1.553414,0.6554186,39
153,-0.4967608,1.444587,0.4262592,40
153,-0.3451278,1.590344,0.4132752,41
153,0.3506388,1.560984,0.5314693,42
153,0.4849116,1.592799,0.4854809,43
153,0.4533786,1.38444,0.6765237,44
153,0.4554065,0.9736408,0.683225,45
