Case,X,Y,Z,a,v,index
114,0.3399369,1.216096,0.5325695,0
114,0.06045675,1.242463,0.4682479,1
114,0.09575808,1.128646,0.5135253,2
114,-0.04675952,1.160851,0.4266661,3
114,0.324496,0.9866744,0.4563279,4
114,0.1130248,0.7565259,0.4865425,5
114,0.4371348,1.323224,0.4770899,6
114,0.01219052,0.993651,0.5958242,7
114,0.4899578,1.448773,0.6148688,8
114,-0.08088779,0.7157208,0.5945092,9
114,0.2798242,1.393262,0.6295879,10
114,0.4326222,1.079491,0.4430109,11
114,0.231475,1.499813,0.6465625,12
114,0.1813222,0.66944,0.594212,13
114,0.2114862,0.8323228,0.6035656,14
114,0.347777,1.531862,0.5424979,15
114,0.04579347,0.6181342,0.5154667,16
114,0.3789772,0.7554146,0.5179876,17
114,0.4534262,0.9606633,0.5240448,18
114,-0.1630268,0.6355991,0.5162991,19
114,0.4731272,1.594054,0.5428554,20
114,0.3481997,0.8743489,0.420398,21
114,-0.09415591,1.049701,0.5075958,22
114,-0.3062166,0.7568684,0.5257932,23
114,0.09968913,1.580411,0.5421053,24
114,-0.01366416,1.448282,0.4449186,25
114,0.4947066,0.8434402,0.4656841,26
114,0.4692273,0.666739,0.6602343,27
114,0.3015789,0.6701624,0.5002007,28
114,-0.2236644,1.392837,0.4214299,29
114,-0.3491482,0.8810123,0.6212566,30
114,-0.08311296,1.559227,0.6567423,31
114,0.4901053,1.173903,0.5186887,32
114,-0.4858206,0.7401143,0.4849173,33
114,-0.4827951,0.8773026,0.592154,34
114,-0.3259304,1.586941,0.4239645,35
114,-0.3852929,0.6316778,0.5412897,36
114,-0.4429477,1.002318,0.5091137,37
114,-0.4158984,1.272499,0.3952284,38
114,-0.4854766,1.113615,0.6666203,39
114,-0.2744391,0.6213977,0.4872911,40
114,-0.3660442,1.457761,0.4812042,41
114,-0.2118069,1.579481,0.6335238,42
114,-0.4868219,1.46849,0.4796713,43
114,-0.4970936,0.6127017,0.6496352,44
114,-0.3013878,1.302453,0.477058,45
