Case,X,Y,Z,a,v,index
6,0.1503742,1.105453,0.6562051,0
6,0.2652519,0.8869836,0.4020596,1
6,0.00965488,1.110198,0.4494565,2
6,0.4148624,1.108986,0.3887991,3
6,0.2683337,1.404044,0.4686702,4
6,0.3990864,1.320777,0.5444199,5
6,-0.1407425,1.160795,0.5101278,6
6,0.125744,1.492939,0.5212954,7
6,-0.1260976,1.458038,0.4123657,8
6,-0.03289402,1.001854,0.5760927,9
6,0.4333869,1.512408,0.4633295,10
6,0.04926842,1.572926,0.5051965,11
6,0.4902207,1.1929,0.3928324,12
6,0.2572667,1.514809,0.5913074,13
6,-0.1939112,1.367578,0.6809042,14
6,0.4098923,0.9534307,0.5524845,15
6,0.4287662,0.7709529,0.6837635,16
6,0.1534364,0.7708679,0.5324678,17
6,0.3271669,0.6391824,0.4788889,18
6,-0.2618656,1.493422,0.6223117,19
6,0.1788677,0.6150171,0.4655018,20
6,-0.04033139,0.6844602,0.4159023,21
6,-0.2123614,0.8288589,0.4533547,22
6,-0.1882064,0.703989,0.5129595,23
6,-0.405256,1.423318,0.4154022,24
6,-0.3478466,1.573303,0.3879513,25
6,-0.3598947,0.9974327,0.585363,26
6,0.4951141,0.6291238,0.4127839,27
6,0.296602,0.7740636,0.4216233,28
6,-0.4848161,1.247143,0.5975432,29
6,-0.3899602,1.104665,0.6168331,30
6,0.08525407,0.6781737,0.4048297,31
6,-0.3706748,0.8240129,0.4671629,32
6,-0.4931551,1.49756,0.4091153,33
6,-0.1096162,1.599438,0.4739935,34
6,-0.4510778,0.6402363,0.5205607,35
6,-0.3134905,0.6974298,0.6400391,36
6,-0.3163974,1.339981,0.4030155,37
6,-0.4786918,0.9309626,0.4811398,38
6,-0.4987665,1.082841,0.5219855,39
