Case,X,Y,Z,a,v,index
7,-0.4512751,0.8891097,0.3932734,0
7,-0.4284178,0.9991384,0.5566698,1
7,-0.3900135,1.180639,0.5455549,2
7,-0.4094281,1.307068,0.611544,3
7,-0.3007981,0.8908958,0.6484456,4
7,-0.3099414,1.368162,0.4141666,5
7,-0.3859128,0.7754269,0.65971,6
7,-0.3256114,0.6419181,0.6203891,7
7,-0.05527267,1.178871,0.4715767,8
7,0.01678163,1.079205,0.5034224,9
7,-0.2511931,0.770799,0.5814433,10
7,-0.1653779,1.466244,0.4263313,11
7,0.1403272,1.154643,0.5329731,12
7,-0.4862301,0.6625152,0.5758898,13
7,0.04512173,1.227386,0.5123979,14
7,-0.1144693,1.052389,0.4761117,15
7,-0.02249545,1.493781,0.4761339,16
7,-0.1191965,0.6047921,0.4787568,17
7,-0.4123527,1.51706,0.4333736,18
7,-0.1066378,0.7231603,0.4368961,19
7,0.0418278,0.6670396,0.4168037,20
7,0.1505885,1.481281,0.3878524,21
7,0.3374889,1.39797,0.4740878,22
7,-0.2447497,1.557319,0.4052722,23
7,0.1266304,0.7709303,0.5139414,24
7,0.1755745,0.6673403,0.5228468,25
7,0.3413255,1.568191,0.4685794,26
7,0.0342465,1.593977,0.4916971,27
7,0.2660382,0.772312,0.6450318,28
7,0.3426709,1.01746,0.5423949,29
7,0.1577493,1.59708,0.4516521,30
7,0.3897439,0.6955571,0.4147917,31
7,0.459448,0.8848189,0.4907829,32
7,0.3794029,1.256297,0.4428848,33
7,0.4912478,1.072582,0.6861175,34
7,0.303413,0.6001944,0.4234407,35
7,-0.1229964,1.578539,0.4990605,36
7,0.4795337,1.564472,0.4829983,37
7,0.3569711,0.8379015,0.6581673,38
7,0.4356753,1.451411,0.4672958,39
7,0.4677022,1.344179,0.5031826,40
7,0.3855085,1.133822,0.6431296,41
