Case,X,Y,Z,a,v,index
53,-0.04318434,0.9942126,0.5591742,0
53,0.04893875,1.192551,0.5180957,1
53,0.2411786,0.8545536,0.4871479,2
53,0.4051219,1.14031,0.4774683,3
53,0.4555419,0.8775098,0.6351336,4
53,0.1360509,0.6688324,0.6298246,5
53,0.4383813,0.7071878,0.516843,6
53,0.08793592,1.059492,0.3996171,7
53,0.4181769,1.012355,0.4466644,8
53,0.3297402,1.295802,0.4936387,9
53,0.3275615,0.6316664,0.4622356,10
53,-0.05099338,0.6060132,0.400925,11
53,0.4374301,1.477364,0.565271,12
53,0.4594262,1.241617,0.4971468,13
53,-0.068198,1.123165,0.6767462,14
53,0.3293029,0.7627922,0.5871944,15
53,-0.2238823,0.7993555,0.3967229,16
53,0.00819242,1.523032,0.5976731,17
53,0.1183952,1.455125,0.4059437,18
53,-0.1839626,0.646596,0.5318961,19
53,0.02181423,0.7384076,0.3920302,20
53,0.4209535,1.367256,0.4999381,21
53,-0.09192592,0.7459952,0.499227,22
53,0.2480849,1.508151,0.4532495,23
53,0.3852829,1.592826,0.447304,24
53,-0.1817388,1.461983,0.3949736,25
53,0.2471834,1.396004,0.4594051,26
53,0.1156887,1.596273,0.4960001,27
53,-0.2922724,0.9253495,0.4213359,28
53,-0.4464157,1.068104,0.395128,29
53,-0.306554,0.6809703,0.4292313,30
53,-0.4362023,1.350935,0.4345245,31
53,-0.3374475,1.411091,0.4570076,32
53,-0.4397666,1.213608,0.5932121,33
53,-0.4461411,0.9074546,0.513097,34
53,-0.4158199,1.535453,0.4738379,35
53,-0.3893818,0.7747118,0.5139334,36
53,-0.2187116,1.595814,0.5197342,37
53,-0.4364499,0.6165788,0.5042287,38
53,-0.4969251,0.7137784,0.5367627,39
53,-0.09372175,1.57646,0.3986998,40
