Case,X,Y,Z,a,v,index
15,-0.09231296,0.6553661,0.6064475,0
15,0.1036015,0.6733572,0.5137819,1
15,0.01235992,0.6099758,0.6351146,2
15,0.2154669,0.6265669,0.6363865,3
15,-0.2740204,0.6724259,0.607712,4
15,0.3446485,0.6320571,0.413895,5
15,0.3713085,0.7707636,0.4435896,6
15,-0.1668584,0.7924962,0.4289953,7
15,0.4507063,0.9519517,0.3951501,8
15,-0.3000184,0.8777623,0.564667,9
15,0.04450941,1.007814,0.4783958,10
15,-0.4381813,0.767274,0.6238567,11
15,0.2577174,0.7533494,0.4723463,12
15,-0.4070268,0.6073884,0.4460869,13
15,0.3478838,1.013041,0.4668521,14
15,-0.09455866,1.124677,0.6254382,15
15,-0.06408998,0.9785857,0.4967393,16
15,0.3659194,1.123966,0.4897771,17
15,0.4770021,0.6270764,0.4394193,18
15,0.4947848,1.152555,0.4158217,19
15,0.3144808,0.88965,0.5550004,20
15,0.4901394,0.7652312,0.6083831,21
15,0.07217544,1.143998,0.6762282,22
15,0.328065,1.230495,0.5605031,23
15,-0.4099138,1.00484,0.4253109,24
15,0.411155,1.399091,0.461805,25
15,-0.3480504,1.282832,0.6493862,26
15,-0.4171035,1.191808,0.4613908,27
15,0.2607092,1.432945,0.5347026,28
15,-0.4404407,1.355422,0.6069663,29
15,-0.4888638,1.083289,0.4034183,30
15,-0.462481,0.8916916,0.3973086,31
15,0.4243038,1.542533,0.4559622,32
15,0.4598138,1.275589,0.5906924,33
15,-0.3660868,1.522563,0.444153,34
15,0.2492132,1.553217,0.3911164,35
15,0.1300951,1.557388,0.3877568,36
15,-0.06219414,1.501617,0.627745,37
15,-0.3289775,1.399726,0.4256471,38
15,-0.2322729,1.561256,0.4902577,39
15,-0.485131,1.563861,0.6742005,40
