Case,X,Y,Z,a,v,index
52,-0.4512751,0.8891097,0.4445303,0
52,-0.4284178,0.9991384,0.5869816,1
52,-0.3900135,1.180639,0.5162529,2
52,-0.4094281,1.307068,0.3878701,3
52,-0.3007981,0.8908958,0.4859495,4
52,-0.3099414,1.368162,0.4565365,5
52,-0.3859128,0.7754269,0.4949601,6
52,-0.3256114,0.6419181,0.5149732,7
52,-0.05527267,1.178871,0.5944163,8
52,0.01678163,1.079205,0.628083,9
52,-0.2511931,0.770799,0.640668,10
52,-0.1653779,1.466244,0.4898269,11
52,0.1403272,1.154643,0.4412819,12
52,-0.4862301,0.6625152,0.5306348,13
52,0.04512173,1.227386,0.4053228,14
52,-0.1144693,1.052389,0.5313162,15
52,-0.02249545,1.493781,0.47359,16
52,-0.1191965,0.6047921,0.5144523,17
52,-0.4123527,1.51706,0.581971,18
52,-0.1066378,0.7231603,0.4016362,19
52,0.0418278,0.6670396,0.4547184,20
52,0.1505885,1.481281,0.5673527,21
52,0.3374889,1.39797,0.4749034,22
52,-0.2447497,1.557319,0.4022885,23
52,0.1266304,0.7709303,0.3903253,24
52,0.1755745,0.6673403,0.4114688,25
52,0.3413255,1.568191,0.4678777,26
52,0.0342465,1.593977,0.6712214,27
52,0.2660382,0.772312,0.38824,28
52,0.3426709,1.01746,0.5211104,29
52,0.1577493,1.59708,0.5116013,30
52,0.3897439,0.6955571,0.5828247,31
52,0.459448,0.8848189,0.595055,32
52,0.3794029,1.256297,0.5350077,33
52,0.4912478,1.072582,0.5134971,34
52,0.303413,0.6001944,0.4248084,35
52,-0.1229964,1.578539,0.6343081,36
52,0.4795337,1.564472,0.4171931,37
52,0.3569711,0.8379015,0.4410847,38
52,0.4356753,1.451411,0.3928916,39
52,0.4677022,1.344179,0.5238025,40
52,0.3855085,1.133822,0.5364935,41
