Case,X,Y,Z,a,v,index
35,-0.4236917,1.379919,0.4867786,0
35,-0.3510343,1.262049,0.5893559,1
35,-0.3361703,1.401426,0.5100301,2
35,-0.2401728,1.387114,0.6311048,3
35,-0.2411543,1.5293,0.6768843,4
35,-0.3230801,1.584775,0.6358376,5
35,-0.3627274,1.492598,0.651304,6
35,-0.4580184,1.515637,0.498101,7
35,-0.1536907,1.287405,0.4722878,8
35,-0.05333394,1.303264,0.4765724,9
35,-0.05583203,1.143731,0.454535,10
35,-0.07240149,1.501744,0.3944473,11
35,-0.1364601,1.570014,0.3871415,12
35,-0.471402,1.3013,0.477238,13
35,0.02413112,1.492545,0.4031605,14
35,-0.1672006,1.120064,0.5301452,15
35,0.1189915,1.497894,0.4689359,16
35,0.2345369,1.550643,0.492928,17
35,0.3629864,1.469936,0.5471638,18
35,0.1232017,1.228761,0.6193913,19
35,0.2808809,1.369057,0.4429787,20
35,0.08693916,1.057127,0.3953043,21
35,-0.4637375,1.189993,0.5324042,22
35,-0.1352412,0.9581932,0.5293518,23
35,0.3867007,1.30795,0.4001042,24
35,-0.009540647,1.581754,0.3878869,25
35,0.3399487,1.200396,0.4698895,26
35,0.2704908,1.461383,0.4450006,27
35,0.4069086,1.589145,0.439268,28
35,-0.04334083,0.9708633,0.4110606,29
35,0.2017173,1.167466,0.4622954,30
35,-0.007267088,0.871531,0.4254431,31
35,-0.2159352,0.9983559,0.3915857,32
35,0.09386945,1.591269,0.5681691,33
35,0.02137649,1.193545,0.530136,34
35,-0.4985571,1.030431,0.4120533,35
35,-0.4144136,0.9731382,0.6726869,36
35,0.0853501,0.9439493,0.5112584,37
35,0.4943095,1.555588,0.479187,38
35,0.4562805,1.378667,0.4754574,39
35,-0.270602,0.8584629,0.4001712,40
35,0.2002844,0.9856838,0.4957311,41
35,0.4247269,1.155584,0.5364919,42
35,-0.1098399,0.7017295,0.6569377,43
35,-0.3872759,1.125813,0.4765086,44
35,-0.3302666,0.927451,0.5167479,45
35,-0.2691538,0.6720788,0.5133852,46
35,-0.3409866,1.028156,0.4031788,47
35,0.006391108,0.7155195,0.6173914,48
35,0.008321166,0.6248311,0.4883698,49
35,0.4186081,1.051881,0.4029295,50
35,0.1393548,0.6704996,0.4926773,51
35,0.288992,0.7344834,0.4413951,52
35,-0.09754995,1.06045,0.5929843,53
35,0.3994049,0.9462279,0.445787,54
35,0.3050218,0.9214715,0.4612768,55
35,-0.3435917,0.8035582,0.4713093,56
35,0.3695582,0.8021809,0.6079394,57
35,-0.3611657,0.6928428,0.4778622,58
35,-0.4740769,0.823333,0.3910764,59
35,-0.491163,0.6561128,0.4687391,60
35,-0.1638312,0.6028852,0.6133373,61
35,0.207973,0.606837,0.6307526,62
35,0.3568868,0.6285788,0.5347881,63
35,0.4701678,0.8865024,0.5028309,64
35,0.4807681,0.7374817,0.6054952,65
35,0.4945419,0.629858,0.461728,66
35,0.1833881,0.7634553,0.4644196,67
