Case,X,Y,Z,a,v,index
54,0.3399369,1.216096,0.4214497,0
54,0.06045675,1.242463,0.6720222,1
54,0.09575808,1.128646,0.542327,2
54,-0.04675952,1.160851,0.48927,3
54,0.324496,0.9866744,0.4281582,4
54,0.1130248,0.7565259,0.607233,5
54,0.4371348,1.323224,0.5280334,6
54,0.01219052,0.993651,0.5742511,7
54,0.4899578,1.448773,0.4777451,8
54,-0.08088779,0.7157208,0.4088669,9
54,0.2798242,1.393262,0.4125267,10
54,0.4326222,1.079491,0.5785189,11
54,0.231475,1.499813,0.4998793,12
54,0.1813222,0.66944,0.5695144,13
54,0.2114862,0.8323228,0.4223802,14
54,0.347777,1.531862,0.3947371,15
54,0.04579347,0.6181342,0.4365424,16
54,0.3789772,0.7554146,0.4856476,17
54,0.4534262,0.9606633,0.4793055,18
54,-0.1630268,0.6355991,0.4493757,19
54,0.4731272,1.594054,0.5077547,20
54,0.3481997,0.8743489,0.4483524,21
54,-0.09415591,1.049701,0.4851938,22
54,-0.3062166,0.7568684,0.5111195,23
54,0.09968913,1.580411,0.4483347,24
54,-0.01366416,1.448282,0.4382229,25
54,0.4947066,0.8434402,0.6384706,26
54,0.4692273,0.666739,0.4905744,27
54,0.3015789,0.6701624,0.4184656,28
54,-0.2236644,1.392837,0.4334947,29
54,-0.3491482,0.8810123,0.5896368,30
54,-0.08311296,1.559227,0.5927735,31
54,0.4901053,1.173903,0.5456012,32
54,-0.4858206,0.7401143,0.670845,33
54,-0.4827951,0.8773026,0.4271272,34
54,-0.3259304,1.586941,0.4728569,35
54,-0.3852929,0.6316778,0.6508088,36
54,-0.4429477,1.002318,0.4419986,37
54,-0.4158984,1.272499,0.4208491,38
54,-0.4854766,1.113615,0.5518918,39
54,-0.2744391,0.6213977,0.6484442,40
54,-0.3660442,1.457761,0.6659331,41
54,-0.2118069,1.579481,0.4098651,42
54,-0.4868219,1.46849,0.596761,43
54,-0.4970936,0.6127017,0.4733375,44
54,-0.3013878,1.302453,0.4674479,45
