Case,X,Y,Z,a,v,index
50,0.009501994,1.167466,0.493247,0
50,0.1867266,1.462806,0.4448664,1
50,-0.09964421,1.560996,0.4329983,2
50,0.4607139,1.235311,0.4525744,3
50,-0.09557852,1.443615,0.6411178,4
50,0.4994676,1.111667,0.6241231,5
50,0.4908717,1.357578,0.5032489,6
50,-0.2088888,1.513801,0.6104492,7
50,0.3572323,1.485583,0.487083,8
50,0.4905676,1.503937,0.4781448,9
50,0.4629035,0.955566,0.5313467,10
50,0.3882641,1.591805,0.409943,11
50,0.2695013,1.572758,0.4372241,12
50,0.3607178,1.316786,0.4216733,13
50,-0.2690013,1.350988,0.5214481,14
50,0.2826281,1.394963,0.4365621,15
50,0.0120346,1.052443,0.4163446,16
50,0.07632858,1.554364,0.4582914,17
50,-0.02103782,0.6345962,0.597213,18
50,-0.1466841,1.075139,0.4414748,19
50,0.2457824,0.8231745,0.5390711,20
50,-0.1689799,0.7627676,0.6507289,21
50,-0.06207523,0.9589568,0.472879,22
50,-0.2844818,0.9043791,0.3947397,23
50,-0.3922611,1.213108,0.6776547,24
50,0.1517232,0.6683275,0.6695362,25
50,-0.4645724,1.385281,0.4445536,26
50,-0.4812332,1.020087,0.5473843,27
50,-0.4058843,0.850158,0.5145638,28
50,0.4134564,0.7548617,0.6485198,29
50,-0.494221,1.142682,0.6352477,30
50,0.2820135,0.6767685,0.5249951,31
50,-0.4986836,1.598936,0.4847516,32
50,-0.3259166,1.523617,0.6242136,33
50,-0.2594055,0.6900633,0.6739172,34
50,0.04998565,0.7735882,0.4622715,35
50,0.3518623,0.8958032,0.4006,36
50,-0.1714083,0.6104065,0.6269853,37
50,0.4850643,0.6582474,0.5326972,38
50,-0.3655504,0.6531602,0.6314882,39
50,0.3784437,0.6016917,0.5177053,40
50,0.4927448,0.8483266,0.4238714,41
50,-0.3169044,0.7844891,0.4100884,42
50,-0.4892783,0.7243062,0.4477676,43
