Case,X,Y,Z,a,v,index
59,-0.1152269,1.459708,0.6223468,0
59,0.08639407,1.14352,0.5036722,1
59,-0.2957572,1.355853,0.5096557,2
59,-0.1006594,1.210386,0.4326467,3
59,0.1747785,1.422019,0.6755795,4
59,0.0797019,1.585255,0.6073263,5
59,0.3974426,1.175603,0.6098309,6
59,0.1339665,1.035326,0.4046266,7
59,0.2134618,1.578127,0.5403903,8
59,0.2675947,1.354327,0.5095156,9
59,0.3676519,0.9931097,0.6033031,10
59,-0.1867914,1.375142,0.4283887,11
59,-0.4080095,1.388047,0.6352913,12
59,0.3123724,1.482345,0.4614796,13
59,0.003992617,1.487729,0.5738778,14
59,-0.2670633,1.576562,0.4706404,15
59,0.4307281,1.530177,0.5258892,16
59,-0.2237729,0.7959017,0.4830374,17
59,-0.418207,1.518465,0.483151,18
59,0.422358,1.407844,0.6107136,19
59,-0.3420761,0.8170471,0.6761272,20
59,-0.3194771,1.469309,0.5767488,21
59,-0.005096912,1.042447,0.5205109,22
59,-0.1188856,1.575455,0.394603,23
59,0.4711949,0.8552654,0.5234955,24
59,-0.3687426,1.267335,0.5811312,25
59,-0.3698151,1.004688,0.4703931,26
59,-0.09956709,0.7048731,0.4333519,27
59,0.01950109,1.240084,0.4586427,28
59,-0.3650328,0.6819937,0.5260994,29
59,-0.4998064,0.8295761,0.4688466,30
59,-0.4837612,0.945189,0.5282924,31
59,0.1039754,0.7678976,0.5019836,32
59,-0.4697825,1.084587,0.469332,33
59,0.08473557,0.6127239,0.4997126,34
59,-0.2064633,0.6379846,0.5332797,35
59,0.4887085,1.049595,0.4982159,36
59,0.2644665,0.6705368,0.5996009,37
59,0.3045452,0.7759336,0.4330499,38
59,-0.4996241,1.242079,0.4465303,39
59,0.3852997,1.299301,0.5183443,40
59,-0.4974052,0.6693391,0.479193,41
59,0.4931325,1.24607,0.4862627,42
59,0.4408292,0.627739,0.563325,43
59,0.4145756,0.7570799,0.4824589,44
59,0.3012792,0.8860451,0.6447412,45
59,-0.02699968,0.600678,0.4114519,46
