Case,X,Y,Z,a,v,index
37,-0.3197303,0.6194752,0.4774117,0
37,-0.2288994,0.6118518,0.4932498,1
37,-0.2684723,0.7655965,0.5796663,2
37,-0.4418626,0.6882902,0.3989941,3
37,-0.1092475,0.6071706,0.5766938,4
37,-0.2621471,0.9267849,0.4690509,5
37,-0.01208273,0.6301112,0.4322605,6
37,-0.1771002,0.7084455,0.4750714,7
37,-0.369003,0.7815415,0.5730383,8
37,-0.06178272,0.7246993,0.4102662,9
37,-0.08189976,0.8996423,0.5242048,10
37,-0.02377722,1.038978,0.4154026,11
37,-0.1374396,0.9708613,0.4527192,12
37,0.08221602,0.8925573,0.5216504,13
37,-0.4692136,0.7860814,0.4430511,14
37,0.08616108,0.6794285,0.5572104,15
37,0.05292755,0.9826145,0.4060681,16
37,0.1461641,1.013827,0.4442805,17
37,-0.4787015,0.9138547,0.6841726,18
37,-0.3697257,0.9025645,0.410063,19
37,0.06514013,1.126018,0.4524983,20
37,0.1775692,1.129011,0.4686183,21
37,-0.4844067,1.062822,0.6165974,22
37,-0.3670008,1.050887,0.6325763,23
37,-0.4484123,1.150846,0.505191,24
37,0.2574697,0.7207106,0.6295209,25
37,-0.4132518,1.270209,0.4025833,26
37,-0.177464,1.075511,0.633569,27
37,0.2334713,1.377326,0.4110158,28
37,-0.03673741,1.128299,0.3870239,29
37,-0.2002956,1.167941,0.4434272,30
37,0.3736222,0.6859351,0.462283,31
37,0.08654445,1.316522,0.6027625,32
37,0.1170372,1.21386,0.6427736,33
37,0.378138,0.8843296,0.4985237,34
37,-0.03932703,1.25606,0.403371,35
37,0.1570682,0.6124464,0.5433264,36
37,-0.4246038,1.398966,0.4186875,37
37,0.3984824,1.011159,0.5324454,38
37,0.2889054,0.6269898,0.6853848,39
37,0.3532325,1.320926,0.6262824,40
37,0.4518052,1.211723,0.4009109,41
37,0.4798469,1.061254,0.4181242,42
37,0.08975023,1.469856,0.4879211,43
37,0.3646182,0.7896065,0.4718042,44
37,0.4955791,0.8052853,0.602125,45
37,0.204542,1.478765,0.418722,46
37,0.3663836,1.165688,0.4512344,47
37,-0.3017452,1.359845,0.3907616,48
37,0.4593034,0.9393228,0.5347301,49
37,0.1559528,1.571309,0.5308843,50
37,0.3182267,1.590528,0.5356589,51
37,0.03726441,1.592769,0.4968173,52
37,0.4865476,0.7129642,0.4381251,53
37,0.4353801,1.377072,0.4637935,54
37,0.3141982,1.447388,0.66265,55
37,0.446219,0.6164688,0.3933128,56
37,0.4586262,1.570512,0.5305921,57
37,0.4585413,1.477788,0.5336294,58
37,-0.07488546,1.53842,0.6415527,59
37,-0.224272,1.444457,0.6779974,60
37,-0.1784089,1.543609,0.502046,61
37,-0.4725656,1.50854,0.6078435,62
37,-0.09854433,1.436943,0.4739293,63
37,-0.4996533,1.34722,0.5013696,64
37,-0.2748905,1.584423,0.5781516,65
37,-0.127295,1.223146,0.4442108,66
37,-0.3117619,1.499223,0.4411903,67
37,-0.3768137,1.565236,0.4473958,68
