Case,X,Y,Z,a,v,index
34,0.2777024,0.8375412,0.4069444,0
34,0.1664311,0.670546,0.4318464,1
34,0.3422856,0.9741812,0.4313539,2
34,0.4003472,1.154662,0.627601,3
34,0.2638447,0.6128839,0.4006384,4
34,0.3059537,1.315766,0.5696623,5
34,0.3984371,0.8395079,0.523284,6
34,0.4277458,0.6271738,0.4386209,7
34,0.3543562,0.7339152,0.6256917,8
34,0.1216477,1.088341,0.55063,9
34,-0.05402845,1.171433,0.6824616,10
34,0.4768794,0.7517662,0.5360705,11
34,-0.002332449,1.034669,0.5325063,12
34,-0.1427993,0.747343,0.5935665,13
34,0.4593524,1.056525,0.6368786,14
34,-0.3285619,0.6832511,0.681852,15
34,-0.1551669,1.116339,0.3966099,16
34,-0.007177621,0.6364384,0.5938184,17
34,0.1095927,1.450091,0.5151972,18
34,0.1670853,0.8043686,0.632575,19
34,-0.490806,0.6745516,0.582942,20
34,-0.08754757,1.45082,0.6792774,21
34,-0.3920419,0.968031,0.4760439,22
34,0.48711,0.9058129,0.4240718,23
34,-0.3514071,1.211447,0.5948558,24
34,-0.1823549,0.6145123,0.5222749,25
34,-0.3712955,0.8320369,0.3923608,26
34,-0.2263582,0.822596,0.6638336,27
34,-0.4560768,1.059562,0.4138778,28
34,0.00383532,1.516025,0.6808925,29
34,0.4984918,1.36676,0.5228304,30
34,0.2285853,1.484399,0.6567253,31
34,-0.339658,1.075689,0.5923266,32
34,-0.2927218,1.314997,0.5339215,33
34,0.4307065,1.261246,0.3959078,34
34,-0.2014821,1.431201,0.4799136,35
34,-0.1183228,1.561711,0.4908534,36
34,-0.4787096,0.8862045,0.4938329,37
34,0.1500928,1.562711,0.6827493,38
34,0.2666546,1.588521,0.4638838,39
34,-0.4767739,1.220574,0.52644,40
34,-0.3059981,1.480107,0.4616632,41
34,-0.4364218,1.32708,0.3944066,42
34,0.3323421,1.425084,0.4502293,43
34,0.4363207,1.468471,0.4354682,44
34,-0.4561355,1.516689,0.4432907,45
34,0.4200652,1.582513,0.3898744,46
34,-0.263252,1.599532,0.5823829,47
