Case,X,Y,Z,a,v,index
36,0.1503742,1.105453,0.5662262,0
36,0.2652519,0.8869836,0.5645852,1
36,0.00965488,1.110198,0.3879378,2
36,0.4148624,1.108986,0.4933836,3
36,0.2683337,1.404044,0.6122905,4
36,0.3990864,1.320777,0.6628981,5
36,-0.1407425,1.160795,0.6015439,6
36,0.125744,1.492939,0.4930664,7
36,-0.1260976,1.458038,0.6271091,8
36,-0.03289402,1.001854,0.401603,9
36,0.4333869,1.512408,0.5111836,10
36,0.04926842,1.572926,0.5212002,11
36,0.4902207,1.1929,0.6704969,12
36,0.2572667,1.514809,0.434151,13
36,-0.1939112,1.367578,0.4148002,14
36,0.4098923,0.9534307,0.4625803,15
36,0.4287662,0.7709529,0.4854126,16
36,0.1534364,0.7708679,0.6516876,17
36,0.3271669,0.6391824,0.4829659,18
36,-0.2618656,1.493422,0.5049664,19
36,0.1788677,0.6150171,0.5124938,20
36,-0.04033139,0.6844602,0.4004676,21
36,-0.2123614,0.8288589,0.4759791,22
36,-0.1882064,0.703989,0.6422067,23
36,-0.405256,1.423318,0.6114353,24
36,-0.3478466,1.573303,0.5636476,25
36,-0.3598947,0.9974327,0.4661857,26
36,0.4951141,0.6291238,0.5705425,27
36,0.296602,0.7740636,0.5545719,28
36,-0.4848161,1.247143,0.4639036,29
36,-0.3899602,1.104665,0.494943,30
36,0.08525407,0.6781737,0.6195127,31
36,-0.3706748,0.8240129,0.6174259,32
36,-0.4931551,1.49756,0.6212901,33
36,-0.1096162,1.599438,0.4901924,34
36,-0.4510778,0.6402363,0.5111969,35
36,-0.3134905,0.6974298,0.4913132,36
36,-0.3163974,1.339981,0.547825,37
36,-0.4786918,0.9309626,0.5667394,38
36,-0.4987665,1.082841,0.4214373,39
