Case,X,Y,Z,a,v,index
35,0.009501994,1.167466,0.6709915,0
35,0.1867266,1.462806,0.4312161,1
35,-0.09964421,1.560996,0.4493186,2
35,0.4607139,1.235311,0.444725,3
35,-0.09557852,1.443615,0.5122656,4
35,0.4994676,1.111667,0.6197208,5
35,0.4908717,1.357578,0.414129,6
35,-0.2088888,1.513801,0.4492013,7
35,0.3572323,1.485583,0.6564285,8
35,0.4905676,1.503937,0.5111701,9
35,0.4629035,0.955566,0.3987864,10
35,0.3882641,1.591805,0.3941008,11
35,0.2695013,1.572758,0.6642944,12
35,0.3607178,1.316786,0.6208925,13
35,-0.2690013,1.350988,0.58841,14
35,0.2826281,1.394963,0.5842569,15
35,0.0120346,1.052443,0.4317957,16
35,0.07632858,1.554364,0.6401839,17
35,-0.02103782,0.6345962,0.531186,18
35,-0.1466841,1.075139,0.655757,19
35,0.2457824,0.8231745,0.5912219,20
35,-0.1689799,0.7627676,0.4515533,21
35,-0.06207523,0.9589568,0.6043375,22
35,-0.2844818,0.9043791,0.6335821,23
35,-0.3922611,1.213108,0.5065917,24
35,0.1517232,0.6683275,0.4620793,25
35,-0.4645724,1.385281,0.4033816,26
35,-0.4812332,1.020087,0.3969664,27
35,-0.4058843,0.850158,0.5171629,28
35,0.4134564,0.7548617,0.4146835,29
35,-0.494221,1.142682,0.4046217,30
35,0.2820135,0.6767685,0.5833596,31
35,-0.4986836,1.598936,0.5087578,32
35,-0.3259166,1.523617,0.4436719,33
35,-0.2594055,0.6900633,0.3906233,34
35,0.04998565,0.7735882,0.3987293,35
35,0.3518623,0.8958032,0.4017541,36
35,-0.1714083,0.6104065,0.4513875,37
35,0.4850643,0.6582474,0.657055,38
35,-0.3655504,0.6531602,0.5979205,39
35,0.3784437,0.6016917,0.5752625,40
35,0.4927448,0.8483266,0.6608594,41
35,-0.3169044,0.7844891,0.5468166,42
35,-0.4892783,0.7243062,0.6433737,43
