Case,X,Y,Z,a,v,index
43,0.2374204,1.416169,0.3944038,0
43,0.01707071,1.174902,0.3931344,1
43,0.1169671,1.083888,0.4681556,2
43,0.3886437,1.383337,0.5780187,3
43,-0.1501259,1.511472,0.5019442,4
43,0.1741068,1.528488,0.5211489,5
43,0.3574032,1.55749,0.4155467,6
43,0.3633232,1.190615,0.4277865,7
43,-0.2736042,1.473994,0.4420789,8
43,0.4045701,1.014522,0.5460241,9
43,0.08776224,1.433252,0.5226809,10
43,0.05818027,1.544065,0.5053951,11
43,0.1841953,0.783972,0.5146912,12
43,-0.04592878,1.585732,0.433068,13
43,0.01133364,0.9981082,0.4313618,14
43,-0.1376089,1.133049,0.4465642,15
43,0.4812289,1.55835,0.6044005,16
43,0.3913856,0.8451251,0.3920456,17
43,-0.3587896,1.569553,0.553915,18
43,-0.4691948,1.564839,0.5194269,19
43,-0.402465,1.395509,0.4668128,20
43,0.4987053,1.432522,0.5735961,21
43,0.2859144,0.8824232,0.4068452,22
43,-0.2344298,1.596866,0.5672429,23
43,-0.269043,1.351736,0.6150693,24
43,-0.03835362,0.7215165,0.4251173,25
43,-0.4881066,1.197614,0.5143575,26
43,-0.4869292,1.310638,0.3876206,27
43,-0.4715477,1.08322,0.4400547,28
43,0.4624163,0.7373957,0.4944,29
43,-0.2286435,0.7129505,0.3903604,30
43,-0.4012097,0.9936879,0.6181752,31
43,0.3526391,0.6969854,0.4253,32
43,-0.3666611,1.127537,0.5121661,33
43,0.1518359,0.6408662,0.4825231,34
43,0.4897081,1.300762,0.6041044,35
43,-0.2991646,0.8779497,0.514598,36
43,0.43754,0.6008942,0.4653167,37
43,-0.4450197,0.783393,0.5365893,38
43,0.3079759,1.291732,0.5163034,39
43,-0.344888,0.6615737,0.5712281,40
43,-0.4813432,0.6105803,0.4437087,41
43,0.2669009,0.6119646,0.507433,42
43,0.4741753,1.166401,0.4332307,43
43,-0.1079799,0.6355541,0.4490017,44
43,-0.4980966,0.9363323,0.4923481,45
43,0.03700984,0.6349926,0.4031646,46
