Case,X,Y,Z,a,v,index
22,-0.3197303,0.6194752,0.540367,0
22,-0.2288994,0.6118518,0.3957195,1
22,-0.2684723,0.7655965,0.4563823,2
22,-0.4418626,0.6882902,0.4752471,3
22,-0.1092475,0.6071706,0.4915478,4
22,-0.2621471,0.9267849,0.5091276,5
22,-0.01208273,0.6301112,0.4117395,6
22,-0.1771002,0.7084455,0.4186771,7
22,-0.369003,0.7815415,0.5642509,8
22,-0.06178272,0.7246993,0.4388664,9
22,-0.08189976,0.8996423,0.6572209,10
22,-0.02377722,1.038978,0.5599723,11
22,-0.1374396,0.9708613,0.5163502,12
22,0.08221602,0.8925573,0.4196064,13
22,-0.4692136,0.7860814,0.410488,14
22,0.08616108,0.6794285,0.4250169,15
22,0.05292755,0.9826145,0.4262015,16
22,0.1461641,1.013827,0.443866,17
22,-0.4787015,0.9138547,0.6546342,18
22,-0.3697257,0.9025645,0.5938547,19
22,0.06514013,1.126018,0.5894918,20
22,0.1775692,1.129011,0.5069958,21
22,-0.4844067,1.062822,0.6811261,22
22,-0.3670008,1.050887,0.4132559,23
22,-0.4484123,1.150846,0.414277,24
22,0.2574697,0.7207106,0.531524,25
22,-0.4132518,1.270209,0.5015972,26
22,-0.177464,1.075511,0.4004559,27
22,0.2334713,1.377326,0.5878854,28
22,-0.03673741,1.128299,0.5336803,29
22,-0.2002956,1.167941,0.4273483,30
22,0.3736222,0.6859351,0.485859,31
22,0.08654445,1.316522,0.5461601,32
22,0.1170372,1.21386,0.6438495,33
22,0.378138,0.8843296,0.6494249,34
22,-0.03932703,1.25606,0.5672551,35
22,0.1570682,0.6124464,0.5218397,36
22,-0.4246038,1.398966,0.4999245,37
22,0.3984824,1.011159,0.5246131,38
22,0.2889054,0.6269898,0.4255703,39
22,0.3532325,1.320926,0.6009521,40
22,0.4518052,1.211723,0.6465895,41
22,0.4798469,1.061254,0.4932698,42
22,0.08975023,1.469856,0.4854017,43
22,0.3646182,0.7896065,0.400408,44
22,0.4955791,0.8052853,0.5284087,45
22,0.204542,1.478765,0.6745272,46
22,0.3663836,1.165688,0.4065982,47
22,-0.3017452,1.359845,0.3956411,48
22,0.4593034,0.9393228,0.6036862,49
22,0.1559528,1.571309,0.4655846,50
22,0.3182267,1.590528,0.6034755,51
22,0.03726441,1.592769,0.4414278,52
22,0.4865476,0.7129642,0.6486979,53
22,0.4353801,1.377072,0.3952742,54
22,0.3141982,1.447388,0.6217612,55
22,0.446219,0.6164688,0.6071135,56
22,0.4586262,1.570512,0.5828182,57
22,0.4585413,1.477788,0.5176712,58
22,-0.07488546,1.53842,0.6157608,59
22,-0.224272,1.444457,0.5264986,60
22,-0.1784089,1.543609,0.451454,61
22,-0.4725656,1.50854,0.3988667,62
22,-0.09854433,1.436943,0.449128,63
22,-0.4996533,1.34722,0.4102314,64
22,-0.2748905,1.584423,0.6003703,65
22,-0.127295,1.223146,0.4380171,66
22,-0.3117619,1.499223,0.6205431,67
22,-0.3768137,1.565236,0.4950747,68
