Case,X,Y,Z,a,v,index
37,-0.4512751,0.8891097,0.6559942,0
37,-0.4284178,0.9991384,0.5128101,1
37,-0.3900135,1.180639,0.6313438,2
37,-0.4094281,1.307068,0.6782434,3
37,-0.3007981,0.8908958,0.3880585,4
37,-0.3099414,1.368162,0.4974429,5
37,-0.3859128,0.7754269,0.4748678,6
37,-0.3256114,0.6419181,0.5136418,7
37,-0.05527267,1.178871,0.5447285,8
37,0.01678163,1.079205,0.6133788,9
37,-0.2511931,0.770799,0.4677873,10
37,-0.1653779,1.466244,0.6629356,11
37,0.1403272,1.154643,0.4163842,12
37,-0.4862301,0.6625152,0.5506002,13
37,0.04512173,1.227386,0.4192536,14
37,-0.1144693,1.052389,0.4153401,15
37,-0.02249545,1.493781,0.458762,16
37,-0.1191965,0.6047921,0.4950701,17
37,-0.4123527,1.51706,0.3968707,18
37,-0.1066378,0.7231603,0.4422553,19
37,0.0418278,0.6670396,0.4651436,20
37,0.1505885,1.481281,0.418079,21
37,0.3374889,1.39797,0.4601415,22
37,-0.2447497,1.557319,0.5121155,23
37,0.1266304,0.7709303,0.3932425,24
37,0.1755745,0.6673403,0.3990237,25
37,0.3413255,1.568191,0.4111796,26
37,0.0342465,1.593977,0.4043511,27
37,0.2660382,0.772312,0.4191036,28
37,0.3426709,1.01746,0.4303752,29
37,0.1577493,1.59708,0.6615703,30
37,0.3897439,0.6955571,0.5943383,31
37,0.459448,0.8848189,0.4604701,32
37,0.3794029,1.256297,0.5519453,33
37,0.4912478,1.072582,0.4245253,34
37,0.303413,0.6001944,0.5034357,35
37,-0.1229964,1.578539,0.5205749,36
37,0.4795337,1.564472,0.4886027,37
37,0.3569711,0.8379015,0.3887097,38
37,0.4356753,1.451411,0.5296907,39
37,0.4677022,1.344179,0.5195665,40
37,0.3855085,1.133822,0.5204573,41
