Case,X,Y,Z,a,v,index
45,-0.09231296,0.6553661,0.5821745,0
45,0.1036015,0.6733572,0.4635721,1
45,0.01235992,0.6099758,0.6794825,2
45,0.2154669,0.6265669,0.4377908,3
45,-0.2740204,0.6724259,0.4298467,4
45,0.3446485,0.6320571,0.4327995,5
45,0.3713085,0.7707636,0.4526209,6
45,-0.1668584,0.7924962,0.3942151,7
45,0.4507063,0.9519517,0.4144197,8
45,-0.3000184,0.8777623,0.4526837,9
45,0.04450941,1.007814,0.5218708,10
45,-0.4381813,0.767274,0.6079186,11
45,0.2577174,0.7533494,0.6781203,12
45,-0.4070268,0.6073884,0.5168731,13
45,0.3478838,1.013041,0.4492867,14
45,-0.09455866,1.124677,0.4843683,15
45,-0.06408998,0.9785857,0.6095272,16
45,0.3659194,1.123966,0.5399041,17
45,0.4770021,0.6270764,0.5534266,18
45,0.4947848,1.152555,0.6801,19
45,0.3144808,0.88965,0.5137771,20
45,0.4901394,0.7652312,0.6584094,21
45,0.07217544,1.143998,0.5544809,22
45,0.328065,1.230495,0.5961213,23
45,-0.4099138,1.00484,0.6726938,24
45,0.411155,1.399091,0.438896,25
45,-0.3480504,1.282832,0.4981219,26
45,-0.4171035,1.191808,0.4959469,27
45,0.2607092,1.432945,0.4159802,28
45,-0.4404407,1.355422,0.6749307,29
45,-0.4888638,1.083289,0.4595112,30
45,-0.462481,0.8916916,0.4804607,31
45,0.4243038,1.542533,0.576917,32
45,0.4598138,1.275589,0.5113686,33
45,-0.3660868,1.522563,0.4586207,34
45,0.2492132,1.553217,0.6002339,35
45,0.1300951,1.557388,0.5521137,36
45,-0.06219414,1.501617,0.4745752,37
45,-0.3289775,1.399726,0.6649539,38
45,-0.2322729,1.561256,0.5090773,39
45,-0.485131,1.563861,0.6442953,40
