Case,X,Y,Z,a,v,index
27,-0.4043737,1.023242,0.4903583,0
27,-0.3413654,0.8406861,0.4752979,1
27,-0.2237309,0.8179217,0.5514538,2
27,-0.1360621,1.026659,0.5078388,3
27,-0.08939978,1.183312,0.4326613,4
27,-0.1621246,0.6650287,0.4715602,5
27,-0.007927567,0.6799365,0.5705391,6
27,-0.2774536,0.7105929,0.4119878,7
27,0.1072642,0.6965817,0.4676059,8
27,-0.3681386,0.6182284,0.4508093,9
27,-0.4252845,0.7333893,0.3870841,10
27,-0.446298,0.8808436,0.6549796,11
27,0.02956063,1.010132,0.6112368,12
27,0.3716919,1.02324,0.3887382,13
27,0.1819428,0.8249121,0.4754829,14
27,-0.4915114,0.6105524,0.5379181,15
27,0.1060021,1.090734,0.3910244,16
27,0.301729,0.9285388,0.6631258,17
27,0.2398115,0.6712039,0.3971696,18
27,0.1034955,1.207892,0.4287833,19
27,0.3399343,0.817396,0.4095936,20
27,-0.3602212,1.349825,0.481778,21
27,-0.4596093,1.15985,0.5369401,22
27,-0.1136853,1.445098,0.46692,23
27,0.01870543,1.564901,0.4293037,24
27,-0.2197961,1.376015,0.6728855,25
27,0.4458845,1.273794,0.3899969,26
27,0.4837519,1.101624,0.510415,27
27,0.3263878,1.443631,0.5066909,28
27,0.4580548,0.6942778,0.4733671,29
27,-0.4667735,1.294455,0.425101,30
27,0.328733,1.309008,0.3929031,31
27,0.179319,1.519936,0.5343679,32
27,-0.4892363,1.402777,0.6721408,33
27,0.4886425,0.8995744,0.4444142,34
27,-0.2597047,1.510701,0.4447128,35
27,0.3473152,1.553221,0.6055452,36
27,0.4812436,1.541495,0.6776942,37
27,0.4376163,1.436062,0.6627581,38
27,-0.4740822,1.532675,0.4257001,39
27,-0.09351149,1.599919,0.486406,40
27,-0.3740522,1.472814,0.6524928,41
27,0.3563902,0.6021509,0.4136683,42
