Case,X,Y,Z,a,v,index
30,-0.09231296,0.6553661,0.3909361,0
30,0.1036015,0.6733572,0.6367139,1
30,0.01235992,0.6099758,0.4166168,2
30,0.2154669,0.6265669,0.4735157,3
30,-0.2740204,0.6724259,0.5807234,4
30,0.3446485,0.6320571,0.429165,5
30,0.3713085,0.7707636,0.4025221,6
30,-0.1668584,0.7924962,0.4812042,7
30,0.4507063,0.9519517,0.3964796,8
30,-0.3000184,0.8777623,0.5052855,9
30,0.04450941,1.007814,0.4052874,10
30,-0.4381813,0.767274,0.5533637,11
30,0.2577174,0.7533494,0.4592342,12
30,-0.4070268,0.6073884,0.4039149,13
30,0.3478838,1.013041,0.6070138,14
30,-0.09455866,1.124677,0.5129906,15
30,-0.06408998,0.9785857,0.5036667,16
30,0.3659194,1.123966,0.6795546,17
30,0.4770021,0.6270764,0.4883711,18
30,0.4947848,1.152555,0.6451625,19
30,0.3144808,0.88965,0.4898923,20
30,0.4901394,0.7652312,0.6753683,21
30,0.07217544,1.143998,0.4438466,22
30,0.328065,1.230495,0.4154359,23
30,-0.4099138,1.00484,0.5295967,24
30,0.411155,1.399091,0.5613569,25
30,-0.3480504,1.282832,0.5792559,26
30,-0.4171035,1.191808,0.4075227,27
30,0.2607092,1.432945,0.3946964,28
30,-0.4404407,1.355422,0.4182037,29
30,-0.4888638,1.083289,0.5587212,30
30,-0.462481,0.8916916,0.4052821,31
30,0.4243038,1.542533,0.4245363,32
30,0.4598138,1.275589,0.5660534,33
30,-0.3660868,1.522563,0.5340956,34
30,0.2492132,1.553217,0.4228911,35
30,0.1300951,1.557388,0.6834163,36
30,-0.06219414,1.501617,0.4170696,37
30,-0.3289775,1.399726,0.4525233,38
30,-0.2322729,1.561256,0.5383101,39
30,-0.485131,1.563861,0.4664669,40
