Case,X,Y,Z,a,v,index
23,-0.04318434,0.9942126,0.4494983,0
23,0.04893875,1.192551,0.638842,1
23,0.2411786,0.8545536,0.4962191,2
23,0.4051219,1.14031,0.4475876,3
23,0.4555419,0.8775098,0.432752,4
23,0.1360509,0.6688324,0.4525545,5
23,0.4383813,0.7071878,0.4441958,6
23,0.08793592,1.059492,0.5313737,7
23,0.4181769,1.012355,0.4205987,8
23,0.3297402,1.295802,0.4691175,9
23,0.3275615,0.6316664,0.4880972,10
23,-0.05099338,0.6060132,0.390608,11
23,0.4374301,1.477364,0.5833852,12
23,0.4594262,1.241617,0.390942,13
23,-0.068198,1.123165,0.4937724,14
23,0.3293029,0.7627922,0.6636448,15
23,-0.2238823,0.7993555,0.4613116,16
23,0.00819242,1.523032,0.5042164,17
23,0.1183952,1.455125,0.4861837,18
23,-0.1839626,0.646596,0.4598853,19
23,0.02181423,0.7384076,0.4327671,20
23,0.4209535,1.367256,0.3913382,21
23,-0.09192592,0.7459952,0.497056,22
23,0.2480849,1.508151,0.6061469,23
23,0.3852829,1.592826,0.6817778,24
23,-0.1817388,1.461983,0.5324453,25
23,0.2471834,1.396004,0.4676278,26
23,0.1156887,1.596273,0.5320555,27
23,-0.2922724,0.9253495,0.4190922,28
23,-0.4464157,1.068104,0.4998608,29
23,-0.306554,0.6809703,0.439032,30
23,-0.4362023,1.350935,0.5114784,31
23,-0.3374475,1.411091,0.5650617,32
23,-0.4397666,1.213608,0.6406703,33
23,-0.4461411,0.9074546,0.4008009,34
23,-0.4158199,1.535453,0.5149662,35
23,-0.3893818,0.7747118,0.6857219,36
23,-0.2187116,1.595814,0.4050185,37
23,-0.4364499,0.6165788,0.4877751,38
23,-0.4969251,0.7137784,0.4097763,39
23,-0.09372175,1.57646,0.5700197,40
