Case,X,Y,Z,a,v,index
29,-0.1152269,1.459708,0.4838714,0
29,0.08639407,1.14352,0.4117337,1
29,-0.2957572,1.355853,0.5124219,2
29,-0.1006594,1.210386,0.4564692,3
29,0.1747785,1.422019,0.494464,4
29,0.0797019,1.585255,0.3957524,5
29,0.3974426,1.175603,0.4843868,6
29,0.1339665,1.035326,0.4967982,7
29,0.2134618,1.578127,0.3911432,8
29,0.2675947,1.354327,0.4143535,9
29,0.3676519,0.9931097,0.4941419,10
29,-0.1867914,1.375142,0.4667715,11
29,-0.4080095,1.388047,0.3978081,12
29,0.3123724,1.482345,0.5130711,13
29,0.003992617,1.487729,0.4742816,14
29,-0.2670633,1.576562,0.4808561,15
29,0.4307281,1.530177,0.6187354,16
29,-0.2237729,0.7959017,0.4864945,17
29,-0.418207,1.518465,0.4333044,18
29,0.422358,1.407844,0.6051259,19
29,-0.3420761,0.8170471,0.6278136,20
29,-0.3194771,1.469309,0.4562238,21
29,-0.005096912,1.042447,0.5443107,22
29,-0.1188856,1.575455,0.6213433,23
29,0.4711949,0.8552654,0.4511428,24
29,-0.3687426,1.267335,0.6553086,25
29,-0.3698151,1.004688,0.4459826,26
29,-0.09956709,0.7048731,0.4963259,27
29,0.01950109,1.240084,0.4748645,28
29,-0.3650328,0.6819937,0.4116475,29
29,-0.4998064,0.8295761,0.4876428,30
29,-0.4837612,0.945189,0.6751769,31
29,0.1039754,0.7678976,0.4489213,32
29,-0.4697825,1.084587,0.388305,33
29,0.08473557,0.6127239,0.5013299,34
29,-0.2064633,0.6379846,0.5270452,35
29,0.4887085,1.049595,0.6708471,36
29,0.2644665,0.6705368,0.5074759,37
29,0.3045452,0.7759336,0.6397898,38
29,-0.4996241,1.242079,0.5090404,39
29,0.3852997,1.299301,0.5825413,40
29,-0.4974052,0.6693391,0.5893538,41
29,0.4931325,1.24607,0.5550073,42
29,0.4408292,0.627739,0.4932201,43
29,0.4145756,0.7570799,0.4358244,44
29,0.3012792,0.8860451,0.6852287,45
29,-0.02699968,0.600678,0.5403921,46
