Case,X,Y,Z,a,v,index
20,0.009501994,1.167466,0.5904336,0
20,0.1867266,1.462806,0.5246314,1
20,-0.09964421,1.560996,0.4755961,2
20,0.4607139,1.235311,0.4641511,3
20,-0.09557852,1.443615,0.5180869,4
20,0.4994676,1.111667,0.5733355,5
20,0.4908717,1.357578,0.5141587,6
20,-0.2088888,1.513801,0.5251687,7
20,0.3572323,1.485583,0.5306524,8
20,0.4905676,1.503937,0.4499033,9
20,0.4629035,0.955566,0.4272864,10
20,0.3882641,1.591805,0.4800491,11
20,0.2695013,1.572758,0.6867554,12
20,0.3607178,1.316786,0.671026,13
20,-0.2690013,1.350988,0.6805902,14
20,0.2826281,1.394963,0.4938402,15
20,0.0120346,1.052443,0.4416448,16
20,0.07632858,1.554364,0.5040107,17
20,-0.02103782,0.6345962,0.4217218,18
20,-0.1466841,1.075139,0.5052338,19
20,0.2457824,0.8231745,0.4530628,20
20,-0.1689799,0.7627676,0.4926319,21
20,-0.06207523,0.9589568,0.6180704,22
20,-0.2844818,0.9043791,0.5446848,23
20,-0.3922611,1.213108,0.5915838,24
20,0.1517232,0.6683275,0.4787324,25
20,-0.4645724,1.385281,0.4871714,26
20,-0.4812332,1.020087,0.4967183,27
20,-0.4058843,0.850158,0.643786,28
20,0.4134564,0.7548617,0.5547062,29
20,-0.494221,1.142682,0.4301918,30
20,0.2820135,0.6767685,0.4645064,31
20,-0.4986836,1.598936,0.6231341,32
20,-0.3259166,1.523617,0.471243,33
20,-0.2594055,0.6900633,0.4982295,34
20,0.04998565,0.7735882,0.5318729,35
20,0.3518623,0.8958032,0.4896288,36
20,-0.1714083,0.6104065,0.4704231,37
20,0.4850643,0.6582474,0.4150103,38
20,-0.3655504,0.6531602,0.4665392,39
20,0.3784437,0.6016917,0.5131419,40
20,0.4927448,0.8483266,0.4622228,41
20,-0.3169044,0.7844891,0.4631519,42
20,-0.4892783,0.7243062,0.4745938,43
