Case,X,Y,Z,a,v,index
22,-0.4512751,0.8891097,0.6723247,0
22,-0.4284178,0.9991384,0.5606482,1
22,-0.3900135,1.180639,0.4691662,2
22,-0.4094281,1.307068,0.4395274,3
22,-0.3007981,0.8908958,0.6097927,4
22,-0.3099414,1.368162,0.4267119,5
22,-0.3859128,0.7754269,0.3957417,6
22,-0.3256114,0.6419181,0.5353975,7
22,-0.05527267,1.178871,0.6474754,8
22,0.01678163,1.079205,0.4305322,9
22,-0.2511931,0.770799,0.5034778,10
22,-0.1653779,1.466244,0.6444367,11
22,0.1403272,1.154643,0.5206536,12
22,-0.4862301,0.6625152,0.5157909,13
22,0.04512173,1.227386,0.6576962,14
22,-0.1144693,1.052389,0.6424814,15
22,-0.02249545,1.493781,0.4106857,16
22,-0.1191965,0.6047921,0.3903116,17
22,-0.4123527,1.51706,0.5421305,18
22,-0.1066378,0.7231603,0.3877273,19
22,0.0418278,0.6670396,0.6408594,20
22,0.1505885,1.481281,0.451357,21
22,0.3374889,1.39797,0.5170112,22
22,-0.2447497,1.557319,0.5481557,23
22,0.1266304,0.7709303,0.6480131,24
22,0.1755745,0.6673403,0.4343429,25
22,0.3413255,1.568191,0.448344,26
22,0.0342465,1.593977,0.6789901,27
22,0.2660382,0.772312,0.4629095,28
22,0.3426709,1.01746,0.4149244,29
22,0.1577493,1.59708,0.4589308,30
22,0.3897439,0.6955571,0.5044848,31
22,0.459448,0.8848189,0.5792117,32
22,0.3794029,1.256297,0.6655678,33
22,0.4912478,1.072582,0.3925597,34
22,0.303413,0.6001944,0.6853231,35
22,-0.1229964,1.578539,0.6526591,36
22,0.4795337,1.564472,0.4388575,37
22,0.3569711,0.8379015,0.4235272,38
22,0.4356753,1.451411,0.407002,39
22,0.4677022,1.344179,0.5336316,40
22,0.3855085,1.133822,0.6851736,41
