Case,X,Y,Z,a,v,index
19,0.2777024,0.8375412,0.6747868,0
19,0.1664311,0.670546,0.3872303,1
19,0.3422856,0.9741812,0.5302014,2
19,0.4003472,1.154662,0.4192349,3
19,0.2638447,0.6128839,0.4454971,4
19,0.3059537,1.315766,0.484933,5
19,0.3984371,0.8395079,0.5932168,6
19,0.4277458,0.6271738,0.5521343,7
19,0.3543562,0.7339152,0.3886926,8
19,0.1216477,1.088341,0.4956763,9
19,-0.05402845,1.171433,0.5159044,10
19,0.4768794,0.7517662,0.484807,11
19,-0.002332449,1.034669,0.5785574,12
19,-0.1427993,0.747343,0.5684932,13
19,0.4593524,1.056525,0.5923024,14
19,-0.3285619,0.6832511,0.6626177,15
19,-0.1551669,1.116339,0.4115897,16
19,-0.007177621,0.6364384,0.4209615,17
19,0.1095927,1.450091,0.6686999,18
19,0.1670853,0.8043686,0.5343912,19
19,-0.490806,0.6745516,0.5288785,20
19,-0.08754757,1.45082,0.5744861,21
19,-0.3920419,0.968031,0.5153416,22
19,0.48711,0.9058129,0.4547345,23
19,-0.3514071,1.211447,0.5306788,24
19,-0.1823549,0.6145123,0.4834984,25
19,-0.3712955,0.8320369,0.5031636,26
19,-0.2263582,0.822596,0.6654552,27
19,-0.4560768,1.059562,0.6794812,28
19,0.00383532,1.516025,0.478814,29
19,0.4984918,1.36676,0.4576011,30
19,0.2285853,1.484399,0.5132892,31
19,-0.339658,1.075689,0.4770831,32
19,-0.2927218,1.314997,0.398105,33
19,0.4307065,1.261246,0.5191929,34
19,-0.2014821,1.431201,0.4893683,35
19,-0.1183228,1.561711,0.547426,36
19,-0.4787096,0.8862045,0.5616146,37
19,0.1500928,1.562711,0.5162574,38
19,0.2666546,1.588521,0.6784561,39
19,-0.4767739,1.220574,0.4909316,40
19,-0.3059981,1.480107,0.5159867,41
19,-0.4364218,1.32708,0.4004374,42
19,0.3323421,1.425084,0.4287001,43
19,0.4363207,1.468471,0.615353,44
19,-0.4561355,1.516689,0.3964469,45
19,0.4200652,1.582513,0.541739,46
19,-0.263252,1.599532,0.5263866,47
