Case,X,Y,Z,a,v,index
7,-0.3197303,0.6194752,0.5846251,0
7,-0.2288994,0.6118518,0.5492287,1
7,-0.2684723,0.7655965,0.532834,2
7,-0.4418626,0.6882902,0.4460411,3
7,-0.1092475,0.6071706,0.4177818,4
7,-0.2621471,0.9267849,0.4566568,5
7,-0.01208273,0.6301112,0.4218839,6
7,-0.1771002,0.7084455,0.6070929,7
7,-0.369003,0.7815415,0.417497,8
7,-0.06178272,0.7246993,0.4765249,9
7,-0.08189976,0.8996423,0.6382007,10
7,-0.02377722,1.038978,0.5158366,11
7,-0.1374396,0.9708613,0.517193,12
7,0.08221602,0.8925573,0.6406808,13
7,-0.4692136,0.7860814,0.4158978,14
7,0.08616108,0.6794285,0.4813045,15
7,0.05292755,0.9826145,0.5101461,16
7,0.1461641,1.013827,0.4625508,17
7,-0.4787015,0.9138547,0.515695,18
7,-0.3697257,0.9025645,0.4450427,19
7,0.06514013,1.126018,0.428311,20
7,0.1775692,1.129011,0.4189608,21
7,-0.4844067,1.062822,0.4197092,22
7,-0.3670008,1.050887,0.6157981,23
7,-0.4484123,1.150846,0.6091897,24
7,0.2574697,0.7207106,0.4179686,25
7,-0.4132518,1.270209,0.6272166,26
7,-0.177464,1.075511,0.5044317,27
7,0.2334713,1.377326,0.4361699,28
7,-0.03673741,1.128299,0.6789415,29
7,-0.2002956,1.167941,0.3918965,30
7,0.3736222,0.6859351,0.4261177,31
7,0.08654445,1.316522,0.5100216,32
7,0.1170372,1.21386,0.669283,33
7,0.378138,0.8843296,0.6697203,34
7,-0.03932703,1.25606,0.47409,35
7,0.1570682,0.6124464,0.5636393,36
7,-0.4246038,1.398966,0.4547564,37
7,0.3984824,1.011159,0.512045,38
7,0.2889054,0.6269898,0.4054773,39
7,0.3532325,1.320926,0.4554432,40
7,0.4518052,1.211723,0.6748568,41
7,0.4798469,1.061254,0.4196435,42
7,0.08975023,1.469856,0.4004763,43
7,0.3646182,0.7896065,0.5505691,44
7,0.4955791,0.8052853,0.401155,45
7,0.204542,1.478765,0.648589,46
7,0.3663836,1.165688,0.4118647,47
7,-0.3017452,1.359845,0.4107316,48
7,0.4593034,0.9393228,0.4467611,49
7,0.1559528,1.571309,0.616923,50
7,0.3182267,1.590528,0.458243,51
7,0.03726441,1.592769,0.4846037,52
7,0.4865476,0.7129642,0.5176101,53
7,0.4353801,1.377072,0.429066,54
7,0.3141982,1.447388,0.6674236,55
7,0.446219,0.6164688,0.6339166,56
7,0.4586262,1.570512,0.5114989,57
7,0.4585413,1.477788,0.4071907,58
7,-0.07488546,1.53842,0.6074126,59
7,-0.224272,1.444457,0.4099846,60
7,-0.1784089,1.543609,0.6755711,61
7,-0.4725656,1.50854,0.395092,62
7,-0.09854433,1.436943,0.4452792,63
7,-0.4996533,1.34722,0.5369198,64
7,-0.2748905,1.584423,0.489691,65
7,-0.127295,1.223146,0.6617694,66
7,-0.3117619,1.499223,0.6485726,67
7,-0.3768137,1.565236,0.3881117,68
