Case,X,Y,Z,a,v,index
5,-0.4236917,1.379919,0.403674,0
5,-0.3510343,1.262049,0.5127407,1
5,-0.3361703,1.401426,0.5179132,2
5,-0.2401728,1.387114,0.4456077,3
5,-0.2411543,1.5293,0.39621,4
5,-0.3230801,1.584775,0.5130936,5
5,-0.3627274,1.492598,0.6778957,6
5,-0.4580184,1.515637,0.495224,7
5,-0.1536907,1.287405,0.5326979,8
5,-0.05333394,1.303264,0.4368037,9
5,-0.05583203,1.143731,0.5133513,10
5,-0.07240149,1.501744,0.4332669,11
5,-0.1364601,1.570014,0.5287342,12
5,-0.471402,1.3013,0.4525813,13
5,0.02413112,1.492545,0.6072372,14
5,-0.1672006,1.120064,0.4931382,15
5,0.1189915,1.497894,0.520759,16
5,0.2345369,1.550643,0.4127669,17
5,0.3629864,1.469936,0.6087773,18
5,0.1232017,1.228761,0.4435983,19
5,0.2808809,1.369057,0.6481866,20
5,0.08693916,1.057127,0.4076969,21
5,-0.4637375,1.189993,0.5349274,22
5,-0.1352412,0.9581932,0.4048832,23
5,0.3867007,1.30795,0.5186669,24
5,-0.009540647,1.581754,0.438205,25
5,0.3399487,1.200396,0.5682826,26
5,0.2704908,1.461383,0.4674642,27
5,0.4069086,1.589145,0.4743547,28
5,-0.04334083,0.9708633,0.4659262,29
5,0.2017173,1.167466,0.6567599,30
5,-0.007267088,0.871531,0.3947708,31
5,-0.2159352,0.9983559,0.5131677,32
5,0.09386945,1.591269,0.501313,33
5,0.02137649,1.193545,0.5923663,34
5,-0.4985571,1.030431,0.5378004,35
5,-0.4144136,0.9731382,0.5651628,36
5,0.0853501,0.9439493,0.4234047,37
5,0.4943095,1.555588,0.6852853,38
5,0.4562805,1.378667,0.4141021,39
5,-0.270602,0.8584629,0.4322862,40
5,0.2002844,0.9856838,0.4129281,41
5,0.4247269,1.155584,0.4410074,42
5,-0.1098399,0.7017295,0.4475667,43
5,-0.3872759,1.125813,0.4927379,44
5,-0.3302666,0.927451,0.5006779,45
5,-0.2691538,0.6720788,0.4550433,46
5,-0.3409866,1.028156,0.4116584,47
5,0.006391108,0.7155195,0.4974793,48
5,0.008321166,0.6248311,0.3944778,49
5,0.4186081,1.051881,0.4661265,50
5,0.1393548,0.6704996,0.4674487,51
5,0.288992,0.7344834,0.5270327,52
5,-0.09754995,1.06045,0.5541985,53
5,0.3994049,0.9462279,0.4582945,54
5,0.3050218,0.9214715,0.4711641,55
5,-0.3435917,0.8035582,0.4964677,56
5,0.3695582,0.8021809,0.4264652,57
5,-0.3611657,0.6928428,0.6506011,58
5,-0.4740769,0.823333,0.5892137,59
5,-0.491163,0.6561128,0.4370502,60
5,-0.1638312,0.6028852,0.5394374,61
5,0.207973,0.606837,0.6064178,62
5,0.3568868,0.6285788,0.5116559,63
5,0.4701678,0.8865024,0.4592678,64
5,0.4807681,0.7374817,0.5973475,65
5,0.4945419,0.629858,0.6352109,66
5,0.1833881,0.7634553,0.4415097,67
