Case,X,Y,Z,a,v,index
95,0.009501994,1.167466,0.4867627,0
95,0.1867266,1.462806,0.6718292,1
95,-0.09964421,1.560996,0.5054235,2
95,0.4607139,1.235311,0.6499631,3
95,-0.09557852,1.443615,0.507887,4
95,0.4994676,1.111667,0.5146241,5
95,0.4908717,1.357578,0.5899696,6
95,-0.2088888,1.513801,0.4133279,7
95,0.3572323,1.485583,0.5114574,8
95,0.4905676,1.503937,0.4122988,9
95,0.4629035,0.955566,0.4759144,10
95,0.3882641,1.591805,0.4687038,11
95,0.2695013,1.572758,0.6263071,12
95,0.3607178,1.316786,0.6021175,13
95,-0.2690013,1.350988,0.5193242,14
95,0.2826281,1.394963,0.5064272,15
95,0.0120346,1.052443,0.3927673,16
95,0.07632858,1.554364,0.6752746,17
95,-0.02103782,0.6345962,0.6666576,18
95,-0.1466841,1.075139,0.3907886,19
95,0.2457824,0.8231745,0.4971797,20
95,-0.1689799,0.7627676,0.6410713,21
95,-0.06207523,0.9589568,0.4216686,22
95,-0.2844818,0.9043791,0.515126,23
95,-0.3922611,1.213108,0.480679,24
95,0.1517232,0.6683275,0.3990295,25
95,-0.4645724,1.385281,0.4371403,26
95,-0.4812332,1.020087,0.5450267,27
95,-0.4058843,0.850158,0.44048,28
95,0.4134564,0.7548617,0.658064,29
95,-0.494221,1.142682,0.3930824,30
95,0.2820135,0.6767685,0.4750836,31
95,-0.4986836,1.598936,0.4104138,32
95,-0.3259166,1.523617,0.4068446,33
95,-0.2594055,0.6900633,0.6340035,34
95,0.04998565,0.7735882,0.4397122,35
95,0.3518623,0.8958032,0.5231805,36
95,-0.1714083,0.6104065,0.4533485,37
95,0.4850643,0.6582474,0.5207065,38
95,-0.3655504,0.6531602,0.6501377,39
95,0.3784437,0.6016917,0.5885906,40
95,0.4927448,0.8483266,0.3969145,41
95,-0.3169044,0.7844891,0.4477397,42
95,-0.4892783,0.7243062,0.6170646,43
