Case,X,Y,Z,a,v,index
99,0.3399369,1.216096,0.439703,0
99,0.06045675,1.242463,0.5439688,1
99,0.09575808,1.128646,0.3898012,2
99,-0.04675952,1.160851,0.5066768,3
99,0.324496,0.9866744,0.4334102,4
99,0.1130248,0.7565259,0.4133588,5
99,0.4371348,1.323224,0.6542263,6
99,0.01219052,0.993651,0.5591552,7
99,0.4899578,1.448773,0.3940702,8
99,-0.08088779,0.7157208,0.4525062,9
99,0.2798242,1.393262,0.4284531,10
99,0.4326222,1.079491,0.6264026,11
99,0.231475,1.499813,0.5167699,12
99,0.1813222,0.66944,0.5411083,13
99,0.2114862,0.8323228,0.4065906,14
99,0.347777,1.531862,0.4810694,15
99,0.04579347,0.6181342,0.4424067,16
99,0.3789772,0.7554146,0.4671001,17
99,0.4534262,0.9606633,0.5141709,18
99,-0.1630268,0.6355991,0.4459858,19
99,0.4731272,1.594054,0.4644225,20
99,0.3481997,0.8743489,0.4743189,21
99,-0.09415591,1.049701,0.4937703,22
99,-0.3062166,0.7568684,0.5385526,23
99,0.09968913,1.580411,0.4260466,24
99,-0.01366416,1.448282,0.4987374,25
99,0.4947066,0.8434402,0.476914,26
99,0.4692273,0.666739,0.441262,27
99,0.3015789,0.6701624,0.457374,28
99,-0.2236644,1.392837,0.4936402,29
99,-0.3491482,0.8810123,0.5201135,30
99,-0.08311296,1.559227,0.5819962,31
99,0.4901053,1.173903,0.6183314,32
99,-0.4858206,0.7401143,0.5057873,33
99,-0.4827951,0.8773026,0.42575,34
99,-0.3259304,1.586941,0.5360026,35
99,-0.3852929,0.6316778,0.4072054,36
99,-0.4429477,1.002318,0.3923344,37
99,-0.4158984,1.272499,0.426926,38
99,-0.4854766,1.113615,0.4125589,39
99,-0.2744391,0.6213977,0.5433537,40
99,-0.3660442,1.457761,0.5120608,41
99,-0.2118069,1.579481,0.4928183,42
99,-0.4868219,1.46849,0.4337617,43
99,-0.4970936,0.6127017,0.5144484,44
99,-0.3013878,1.302453,0.571712,45
