Case,X,Y,Z,a,v,index
45,-0.2514899,1.049975,0.4845679,0
45,-0.3765767,1.028103,0.3925224,1
45,-0.3250244,0.8787388,0.4458634,2
45,-0.157049,1.030898,0.5544314,3
45,-0.1188707,1.159069,0.5837286,4
45,-0.1783729,0.735019,0.5849952,5
45,-0.05221164,0.7472163,0.5589128,6
45,-0.2727329,0.7722988,0.4525246,7
45,-0.03257033,0.6362029,0.6787834,8
45,0.03165966,0.9217459,0.6339282,9
45,0.1362704,1.04142,0.5356996,10
45,-0.1142328,0.9452485,0.5275607,11
45,-0.3140677,0.6624167,0.4837017,12
45,0.04417622,0.7052257,0.4007845,13
45,-0.347742,1.177143,0.503001,14
45,-0.2290961,0.6047928,0.4522709,15
45,-0.4668721,1.117046,0.4770374,16
45,-0.1186628,0.6642889,0.4003327,17
45,-0.4575211,0.9523044,0.429801,18
45,-0.4395212,1.216139,0.4077952,19
45,-0.3731313,1.356198,0.5881202,20
45,-0.0008679628,1.059167,0.4178324,21
45,-0.4240541,0.6564543,0.510428,22
45,-0.4945323,1.341327,0.5140285,23
45,-0.4334149,0.8223709,0.4896991,24
45,0.1885309,0.9556372,0.4710855,25
45,0.2384646,1.094679,0.4566045,26
45,-0.1436331,1.287358,0.4965011,27
45,-0.2283081,1.457681,0.4040902,28
45,-0.3745559,0.75365,0.4477955,29
45,-0.2862582,1.307155,0.4198343,30
45,0.2101701,0.7263932,0.5301877,31
45,-0.4962783,0.7370754,0.4200166,32
45,-0.3908693,1.468725,0.4701938,33
45,-0.4002871,1.566301,0.6274724,34
45,0.1451737,0.6356013,0.5887029,35
45,-0.02644148,1.174369,0.4635137,36
45,-0.4839745,1.515025,0.5172008,37
45,0.2772475,0.8576009,0.5955518,38
45,-0.2826103,1.538617,0.3930598,39
45,0.141388,1.22203,0.4895692,40
45,-0.05218831,1.287675,0.5588768,41
45,0.2643947,0.6420445,0.470266,42
45,-0.1180031,1.551017,0.4990924,43
45,0.07734817,1.126274,0.608579,44
45,0.3323783,1.18156,0.480549,45
45,0.4964567,1.112132,0.5130996,46
45,0.3624989,1.282096,0.513044,47
45,0.04661661,1.25694,0.5324963,48
45,0.1316653,1.313992,0.4403802,49
45,0.2098472,1.413127,0.61913,50
45,0.1517617,1.546405,0.5111288,51
45,0.3769392,1.445287,0.536033,52
45,0.3833847,1.101083,0.6704708,53
45,0.3806496,0.9001234,0.5926595,54
45,0.372864,0.7713265,0.5228866,55
45,0.4235351,0.6814964,0.4028793,56
45,0.02697742,1.519258,0.6289645,57
45,-0.2063714,1.598393,0.530852,58
45,0.4374571,1.333073,0.5123338,59
45,0.4867771,0.9063942,0.3913577,60
45,0.4833586,1.225502,0.4642078,61
45,0.4841002,0.9981059,0.5452848,62
45,0.4587163,0.8060363,0.4055023,63
45,0.2646864,1.556109,0.6749893,64
45,0.3944745,1.006539,0.6695604,65
45,0.4396834,1.512322,0.4979792,66
45,0.3551027,1.563716,0.3977913,67
45,0.4893495,1.423521,0.4014011,68
