Case,X,Y,Z,a,v,index
47,-0.2780068,1.470732,0.6290438,0
47,-0.3191495,1.34453,0.4082399,1
47,-0.4779992,1.541077,0.4803928,2
47,-0.2719156,1.589713,0.4300463,3
47,-0.4088144,1.447086,0.5265939,4
47,-0.1559264,1.556402,0.6334423,5
47,-0.1529751,1.429497,0.462504,6
47,-0.4471014,1.266195,0.5916067,7
47,-0.396771,1.159251,0.4074488,8
47,0.05855238,1.58949,0.4640832,9
47,-0.08360159,1.214856,0.4675634,10
47,-0.01573643,1.493653,0.5256349,11
47,-0.4964016,1.072494,0.4802465,12
47,0.1883995,1.568918,0.456259,13
47,-0.3531768,1.054007,0.5320019,14
47,-0.4945068,1.367984,0.487774,15
47,-0.116456,1.015527,0.4029892,16
47,0.03971308,1.153224,0.4280198,17
47,-0.01982215,0.955097,0.504569,18
47,-0.4473267,0.9350852,0.6032202,19
47,0.1005943,1.451986,0.5208958,20
47,-0.2611245,0.8642624,0.4847738,21
47,0.1333507,1.009739,0.4698225,22
47,0.217596,1.420658,0.5231136,23
47,0.3763959,1.547666,0.4762788,24
47,0.3501114,1.230271,0.4427675,25
47,-0.1402781,0.701728,0.5145398,26
47,-0.4314097,0.7761112,0.5084928,27
47,0.02652007,0.7307147,0.602864,28
47,0.1373619,0.7408451,0.5022155,29
47,0.208514,0.642377,0.5441393,30
47,0.3904971,1.434248,0.501597,31
47,-0.2734228,0.7546922,0.4221605,32
47,0.4856389,1.162052,0.5153918,33
47,-0.01060444,0.6132415,0.445233,34
47,0.3890041,0.7041485,0.5020258,35
47,0.4880969,0.6285436,0.5161158,36
47,0.333151,0.9140787,0.5037767,37
47,-0.397907,0.6199264,0.3977106,38
47,0.386224,1.100352,0.4092818,39
47,0.4374813,0.8487814,0.5258039,40
47,-0.2563644,0.6340743,0.5405829,41
47,0.4807322,1.024816,0.400168,42
47,0.3039011,0.7754599,0.6044233,43
47,0.4820269,1.342244,0.4481081,44
47,0.4955317,1.585192,0.4295357,45
