Case,X,Y,Z,a,v,index
105,-0.09231296,0.6553661,0.4455548,0
105,0.1036015,0.6733572,0.3947933,1
105,0.01235992,0.6099758,0.5895736,2
105,0.2154669,0.6265669,0.4199007,3
105,-0.2740204,0.6724259,0.4345894,4
105,0.3446485,0.6320571,0.6373577,5
105,0.3713085,0.7707636,0.425899,6
105,-0.1668584,0.7924962,0.4647937,7
105,0.4507063,0.9519517,0.6382556,8
105,-0.3000184,0.8777623,0.4625158,9
105,0.04450941,1.007814,0.4002244,10
105,-0.4381813,0.767274,0.4455756,11
105,0.2577174,0.7533494,0.4273843,12
105,-0.4070268,0.6073884,0.5010314,13
105,0.3478838,1.013041,0.4886489,14
105,-0.09455866,1.124677,0.5187325,15
105,-0.06408998,0.9785857,0.52405,16
105,0.3659194,1.123966,0.5056398,17
105,0.4770021,0.6270764,0.6217533,18
105,0.4947848,1.152555,0.472409,19
105,0.3144808,0.88965,0.4101598,20
105,0.4901394,0.7652312,0.5183603,21
105,0.07217544,1.143998,0.4088542,22
105,0.328065,1.230495,0.4565781,23
105,-0.4099138,1.00484,0.5313867,24
105,0.411155,1.399091,0.4714292,25
105,-0.3480504,1.282832,0.6613817,26
105,-0.4171035,1.191808,0.526154,27
105,0.2607092,1.432945,0.474496,28
105,-0.4404407,1.355422,0.5178875,29
105,-0.4888638,1.083289,0.4541016,30
105,-0.462481,0.8916916,0.4808177,31
105,0.4243038,1.542533,0.4185321,32
105,0.4598138,1.275589,0.5542635,33
105,-0.3660868,1.522563,0.429605,34
105,0.2492132,1.553217,0.621148,35
105,0.1300951,1.557388,0.4711854,36
105,-0.06219414,1.501617,0.5927371,37
105,-0.3289775,1.399726,0.462034,38
105,-0.2322729,1.561256,0.6862571,39
105,-0.485131,1.563861,0.5215838,40
