Case,X,Y,Z,a,v,index
8,-0.04318434,0.9942126,0.4832542,0
8,0.04893875,1.192551,0.5977685,1
8,0.2411786,0.8545536,0.6520151,2
8,0.4051219,1.14031,0.4008708,3
8,0.4555419,0.8775098,0.6531439,4
8,0.1360509,0.6688324,0.5677476,5
8,0.4383813,0.7071878,0.4738005,6
8,0.08793592,1.059492,0.5292609,7
8,0.4181769,1.012355,0.5736468,8
8,0.3297402,1.295802,0.470296,9
8,0.3275615,0.6316664,0.4298044,10
8,-0.05099338,0.6060132,0.6147212,11
8,0.4374301,1.477364,0.4803451,12
8,0.4594262,1.241617,0.3949109,13
8,-0.068198,1.123165,0.5084782,14
8,0.3293029,0.7627922,0.5254313,15
8,-0.2238823,0.7993555,0.5057559,16
8,0.00819242,1.523032,0.4146411,17
8,0.1183952,1.455125,0.6415197,18
8,-0.1839626,0.646596,0.4836802,19
8,0.02181423,0.7384076,0.4641052,20
8,0.4209535,1.367256,0.6691662,21
8,-0.09192592,0.7459952,0.5286372,22
8,0.2480849,1.508151,0.5180432,23
8,0.3852829,1.592826,0.5312672,24
8,-0.1817388,1.461983,0.4111831,25
8,0.2471834,1.396004,0.4171755,26
8,0.1156887,1.596273,0.4411216,27
8,-0.2922724,0.9253495,0.6037422,28
8,-0.4464157,1.068104,0.4693651,29
8,-0.306554,0.6809703,0.4909473,30
8,-0.4362023,1.350935,0.5641792,31
8,-0.3374475,1.411091,0.6232432,32
8,-0.4397666,1.213608,0.4916345,33
8,-0.4461411,0.9074546,0.6505157,34
8,-0.4158199,1.535453,0.4378822,35
8,-0.3893818,0.7747118,0.5098777,36
8,-0.2187116,1.595814,0.4632624,37
8,-0.4364499,0.6165788,0.5254999,38
8,-0.4969251,0.7137784,0.4720141,39
8,-0.09372175,1.57646,0.3905593,40
