Case,X,Y,Z,a,v,index
49,0.2777024,0.8375412,0.6455072,0
49,0.1664311,0.670546,0.5315359,1
49,0.3422856,0.9741812,0.4376393,2
49,0.4003472,1.154662,0.489489,3
49,0.2638447,0.6128839,0.5944777,4
49,0.3059537,1.315766,0.616467,5
49,0.3984371,0.8395079,0.3920097,6
49,0.4277458,0.6271738,0.4737438,7
49,0.3543562,0.7339152,0.4119231,8
49,0.1216477,1.088341,0.4959841,9
49,-0.05402845,1.171433,0.6105571,10
49,0.4768794,0.7517662,0.52686,11
49,-0.002332449,1.034669,0.4389644,12
49,-0.1427993,0.747343,0.5735853,13
49,0.4593524,1.056525,0.4019955,14
49,-0.3285619,0.6832511,0.4182895,15
49,-0.1551669,1.116339,0.6300184,16
49,-0.007177621,0.6364384,0.666724,17
49,0.1095927,1.450091,0.6481158,18
49,0.1670853,0.8043686,0.3972771,19
49,-0.490806,0.6745516,0.4593839,20
49,-0.08754757,1.45082,0.4285385,21
49,-0.3920419,0.968031,0.6531101,22
49,0.48711,0.9058129,0.4841231,23
49,-0.3514071,1.211447,0.4496089,24
49,-0.1823549,0.6145123,0.4301784,25
49,-0.3712955,0.8320369,0.4132931,26
49,-0.2263582,0.822596,0.568869,27
49,-0.4560768,1.059562,0.5182692,28
49,0.00383532,1.516025,0.492465,29
49,0.4984918,1.36676,0.423684,30
49,0.2285853,1.484399,0.5526946,31
49,-0.339658,1.075689,0.4433866,32
49,-0.2927218,1.314997,0.5465059,33
49,0.4307065,1.261246,0.5394357,34
49,-0.2014821,1.431201,0.453902,35
49,-0.1183228,1.561711,0.6061707,36
49,-0.4787096,0.8862045,0.5502983,37
49,0.1500928,1.562711,0.4579323,38
49,0.2666546,1.588521,0.455442,39
49,-0.4767739,1.220574,0.462812,40
49,-0.3059981,1.480107,0.4560902,41
49,-0.4364218,1.32708,0.6638777,42
49,0.3323421,1.425084,0.4851889,43
49,0.4363207,1.468471,0.4672559,44
49,-0.4561355,1.516689,0.5309455,45
49,0.4200652,1.582513,0.411323,46
49,-0.263252,1.599532,0.4271597,47
