Case,X,Y,Z,a,v,index
30,-0.2514899,1.049975,0.5930297,0
30,-0.3765767,1.028103,0.5408258,1
30,-0.3250244,0.8787388,0.5014151,2
30,-0.157049,1.030898,0.4112629,3
30,-0.1188707,1.159069,0.481299,4
30,-0.1783729,0.735019,0.452585,5
30,-0.05221164,0.7472163,0.501519,6
30,-0.2727329,0.7722988,0.6844549,7
30,-0.03257033,0.6362029,0.5556178,8
30,0.03165966,0.9217459,0.4703989,9
30,0.1362704,1.04142,0.4453692,10
30,-0.1142328,0.9452485,0.6811467,11
30,-0.3140677,0.6624167,0.5376787,12
30,0.04417622,0.7052257,0.407753,13
30,-0.347742,1.177143,0.5585383,14
30,-0.2290961,0.6047928,0.5447565,15
30,-0.4668721,1.117046,0.4978899,16
30,-0.1186628,0.6642889,0.474411,17
30,-0.4575211,0.9523044,0.5190827,18
30,-0.4395212,1.216139,0.6660428,19
30,-0.3731313,1.356198,0.6862413,20
30,-0.0008679628,1.059167,0.56054,21
30,-0.4240541,0.6564543,0.5224354,22
30,-0.4945323,1.341327,0.6737808,23
30,-0.4334149,0.8223709,0.4298003,24
30,0.1885309,0.9556372,0.4748954,25
30,0.2384646,1.094679,0.4429428,26
30,-0.1436331,1.287358,0.4035808,27
30,-0.2283081,1.457681,0.4852052,28
30,-0.3745559,0.75365,0.6702842,29
30,-0.2862582,1.307155,0.6749716,30
30,0.2101701,0.7263932,0.5130807,31
30,-0.4962783,0.7370754,0.4834141,32
30,-0.3908693,1.468725,0.5669116,33
30,-0.4002871,1.566301,0.4131252,34
30,0.1451737,0.6356013,0.4549918,35
30,-0.02644148,1.174369,0.4630765,36
30,-0.4839745,1.515025,0.6841307,37
30,0.2772475,0.8576009,0.4539735,38
30,-0.2826103,1.538617,0.3948219,39
30,0.141388,1.22203,0.4129643,40
30,-0.05218831,1.287675,0.5086272,41
30,0.2643947,0.6420445,0.4197882,42
30,-0.1180031,1.551017,0.5146466,43
30,0.07734817,1.126274,0.6389909,44
30,0.3323783,1.18156,0.4172327,45
30,0.4964567,1.112132,0.6702006,46
30,0.3624989,1.282096,0.6502954,47
30,0.04661661,1.25694,0.4647784,48
30,0.1316653,1.313992,0.5218806,49
30,0.2098472,1.413127,0.3972552,50
30,0.1517617,1.546405,0.5965532,51
30,0.3769392,1.445287,0.4659936,52
30,0.3833847,1.101083,0.404256,53
30,0.3806496,0.9001234,0.4665794,54
30,0.372864,0.7713265,0.4016741,55
30,0.4235351,0.6814964,0.4311078,56
30,0.02697742,1.519258,0.4229721,57
30,-0.2063714,1.598393,0.6072265,58
30,0.4374571,1.333073,0.4059138,59
30,0.4867771,0.9063942,0.6235099,60
30,0.4833586,1.225502,0.52359,61
30,0.4841002,0.9981059,0.4589387,62
30,0.4587163,0.8060363,0.4841605,63
30,0.2646864,1.556109,0.5628168,64
30,0.3944745,1.006539,0.6426411,65
30,0.4396834,1.512322,0.4010079,66
30,0.3551027,1.563716,0.5157994,67
30,0.4893495,1.423521,0.4046833,68
