Case,X,Y,Z,a,v,index
45,-0.09231296,0.6553661,0.4686809,0
45,0.1036015,0.6733572,0.4677368,1
45,0.01235992,0.6099758,0.6058818,2
45,0.2154669,0.6265669,0.6494169,3
45,-0.2740204,0.6724259,0.5210145,4
45,0.3446485,0.6320571,0.5362363,5
45,0.3713085,0.7707636,0.4802654,6
45,-0.1668584,0.7924962,0.4018098,7
45,0.4507063,0.9519517,0.4756552,8
45,-0.3000184,0.8777623,0.4524487,9
45,0.04450941,1.007814,0.6539176,10
45,-0.4381813,0.767274,0.5064672,11
45,0.2577174,0.7533494,0.5590693,12
45,-0.4070268,0.6073884,0.4503195,13
45,0.3478838,1.013041,0.3992371,14
45,-0.09455866,1.124677,0.4846228,15
45,-0.06408998,0.9785857,0.5316982,16
45,0.3659194,1.123966,0.6847243,17
45,0.4770021,0.6270764,0.4288132,18
45,0.4947848,1.152555,0.6549734,19
45,0.3144808,0.88965,0.48152,20
45,0.4901394,0.7652312,0.4766873,21
45,0.07217544,1.143998,0.6082603,22
45,0.328065,1.230495,0.519984,23
45,-0.4099138,1.00484,0.4134656,24
45,0.411155,1.399091,0.4093792,25
45,-0.3480504,1.282832,0.3932825,26
45,-0.4171035,1.191808,0.5180044,27
45,0.2607092,1.432945,0.4758506,28
45,-0.4404407,1.355422,0.461893,29
45,-0.4888638,1.083289,0.4635642,30
45,-0.462481,0.8916916,0.5057122,31
45,0.4243038,1.542533,0.4309516,32
45,0.4598138,1.275589,0.4526247,33
45,-0.3660868,1.522563,0.6051838,34
45,0.2492132,1.553217,0.4231025,35
45,0.1300951,1.557388,0.4197601,36
45,-0.06219414,1.501617,0.465158,37
45,-0.3289775,1.399726,0.5788852,38
45,-0.2322729,1.561256,0.4425945,39
45,-0.485131,1.563861,0.6550957,40
