Case,X,Y,Z,a,v,index
43,0.2374204,1.416169,0.420431,0
43,0.01707071,1.174902,0.5020922,1
43,0.1169671,1.083888,0.4977981,2
43,0.3886437,1.383337,0.5842442,3
43,-0.1501259,1.511472,0.5198981,4
43,0.1741068,1.528488,0.4282508,5
43,0.3574032,1.55749,0.6137342,6
43,0.3633232,1.190615,0.6036733,7
43,-0.2736042,1.473994,0.4685766,8
43,0.4045701,1.014522,0.6786625,9
43,0.08776224,1.433252,0.6740466,10
43,0.05818027,1.544065,0.5266873,11
43,0.1841953,0.783972,0.4341669,12
43,-0.04592878,1.585732,0.430644,13
43,0.01133364,0.9981082,0.4713736,14
43,-0.1376089,1.133049,0.4021362,15
43,0.4812289,1.55835,0.4376967,16
43,0.3913856,0.8451251,0.5129075,17
43,-0.3587896,1.569553,0.4743885,18
43,-0.4691948,1.564839,0.392707,19
43,-0.402465,1.395509,0.5691577,20
43,0.4987053,1.432522,0.3992307,21
43,0.2859144,0.8824232,0.5622891,22
43,-0.2344298,1.596866,0.5161395,23
43,-0.269043,1.351736,0.4194431,24
43,-0.03835362,0.7215165,0.5825503,25
43,-0.4881066,1.197614,0.4111965,26
43,-0.4869292,1.310638,0.5358613,27
43,-0.4715477,1.08322,0.5987777,28
43,0.4624163,0.7373957,0.4869434,29
43,-0.2286435,0.7129505,0.4205006,30
43,-0.4012097,0.9936879,0.5320007,31
43,0.3526391,0.6969854,0.5409516,32
43,-0.3666611,1.127537,0.5160642,33
43,0.1518359,0.6408662,0.6793485,34
43,0.4897081,1.300762,0.4046918,35
43,-0.2991646,0.8779497,0.4233493,36
43,0.43754,0.6008942,0.4959121,37
43,-0.4450197,0.783393,0.558589,38
43,0.3079759,1.291732,0.675518,39
43,-0.344888,0.6615737,0.5951319,40
43,-0.4813432,0.6105803,0.455513,41
43,0.2669009,0.6119646,0.6785272,42
43,0.4741753,1.166401,0.6281365,43
43,-0.1079799,0.6355541,0.5246513,44
43,-0.4980966,0.9363323,0.6387733,45
43,0.03700984,0.6349926,0.4986585,46
