Case,X,Y,Z,a,v,index
32,-0.2780068,1.470732,0.4032419,0
32,-0.3191495,1.34453,0.6201843,1
32,-0.4779992,1.541077,0.4199945,2
32,-0.2719156,1.589713,0.5286311,3
32,-0.4088144,1.447086,0.4526226,4
32,-0.1559264,1.556402,0.4295754,5
32,-0.1529751,1.429497,0.4853083,6
32,-0.4471014,1.266195,0.4380378,7
32,-0.396771,1.159251,0.4358304,8
32,0.05855238,1.58949,0.3950802,9
32,-0.08360159,1.214856,0.4559874,10
32,-0.01573643,1.493653,0.5262051,11
32,-0.4964016,1.072494,0.5061415,12
32,0.1883995,1.568918,0.5221701,13
32,-0.3531768,1.054007,0.4487596,14
32,-0.4945068,1.367984,0.5206086,15
32,-0.116456,1.015527,0.4667327,16
32,0.03971308,1.153224,0.4933604,17
32,-0.01982215,0.955097,0.3875923,18
32,-0.4473267,0.9350852,0.5766778,19
32,0.1005943,1.451986,0.5178033,20
32,-0.2611245,0.8642624,0.4034892,21
32,0.1333507,1.009739,0.6526105,22
32,0.217596,1.420658,0.3926654,23
32,0.3763959,1.547666,0.4810815,24
32,0.3501114,1.230271,0.5991502,25
32,-0.1402781,0.701728,0.499075,26
32,-0.4314097,0.7761112,0.4479139,27
32,0.02652007,0.7307147,0.4467128,28
32,0.1373619,0.7408451,0.6711709,29
32,0.208514,0.642377,0.5193484,30
32,0.3904971,1.434248,0.4531319,31
32,-0.2734228,0.7546922,0.4950184,32
32,0.4856389,1.162052,0.3984156,33
32,-0.01060444,0.6132415,0.5120565,34
32,0.3890041,0.7041485,0.5078614,35
32,0.4880969,0.6285436,0.4654563,36
32,0.333151,0.9140787,0.6746669,37
32,-0.397907,0.6199264,0.6667393,38
32,0.386224,1.100352,0.440786,39
32,0.4374813,0.8487814,0.5776343,40
32,-0.2563644,0.6340743,0.5075452,41
32,0.4807322,1.024816,0.5374091,42
32,0.3039011,0.7754599,0.537869,43
32,0.4820269,1.342244,0.5051798,44
32,0.4955317,1.585192,0.4700481,45
