Case,X,Y,Z,a,v,index
44,-0.1152269,1.459708,0.5919432,0
44,0.08639407,1.14352,0.4379149,1
44,-0.2957572,1.355853,0.4372774,2
44,-0.1006594,1.210386,0.484982,3
44,0.1747785,1.422019,0.4072605,4
44,0.0797019,1.585255,0.4754625,5
44,0.3974426,1.175603,0.427598,6
44,0.1339665,1.035326,0.5647267,7
44,0.2134618,1.578127,0.4363393,8
44,0.2675947,1.354327,0.4492854,9
44,0.3676519,0.9931097,0.4176264,10
44,-0.1867914,1.375142,0.6193772,11
44,-0.4080095,1.388047,0.4464308,12
44,0.3123724,1.482345,0.4913771,13
44,0.003992617,1.487729,0.6060399,14
44,-0.2670633,1.576562,0.417561,15
44,0.4307281,1.530177,0.4136779,16
44,-0.2237729,0.7959017,0.5095522,17
44,-0.418207,1.518465,0.5177044,18
44,0.422358,1.407844,0.3885235,19
44,-0.3420761,0.8170471,0.4087189,20
44,-0.3194771,1.469309,0.441543,21
44,-0.005096912,1.042447,0.4213367,22
44,-0.1188856,1.575455,0.3879406,23
44,0.4711949,0.8552654,0.6760142,24
44,-0.3687426,1.267335,0.4640462,25
44,-0.3698151,1.004688,0.5146141,26
44,-0.09956709,0.7048731,0.6820073,27
44,0.01950109,1.240084,0.6629785,28
44,-0.3650328,0.6819937,0.5225272,29
44,-0.4998064,0.8295761,0.4016314,30
44,-0.4837612,0.945189,0.4402983,31
44,0.1039754,0.7678976,0.5261634,32
44,-0.4697825,1.084587,0.504499,33
44,0.08473557,0.6127239,0.4954019,34
44,-0.2064633,0.6379846,0.5305033,35
44,0.4887085,1.049595,0.4494522,36
44,0.2644665,0.6705368,0.6505167,37
44,0.3045452,0.7759336,0.4014086,38
44,-0.4996241,1.242079,0.4815702,39
44,0.3852997,1.299301,0.5667441,40
44,-0.4974052,0.6693391,0.591844,41
44,0.4931325,1.24607,0.4771774,42
44,0.4408292,0.627739,0.5207118,43
44,0.4145756,0.7570799,0.4887623,44
44,0.3012792,0.8860451,0.4970398,45
44,-0.02699968,0.600678,0.5875297,46
