Case,X,Y,Z,a,v,index
20,-0.4236917,1.379919,0.4372108,0
20,-0.3510343,1.262049,0.3908939,1
20,-0.3361703,1.401426,0.4930387,2
20,-0.2401728,1.387114,0.4755509,3
20,-0.2411543,1.5293,0.5462598,4
20,-0.3230801,1.584775,0.4434797,5
20,-0.3627274,1.492598,0.4192481,6
20,-0.4580184,1.515637,0.5829533,7
20,-0.1536907,1.287405,0.3954365,8
20,-0.05333394,1.303264,0.5181128,9
20,-0.05583203,1.143731,0.5701482,10
20,-0.07240149,1.501744,0.519084,11
20,-0.1364601,1.570014,0.456636,12
20,-0.471402,1.3013,0.5337595,13
20,0.02413112,1.492545,0.5188155,14
20,-0.1672006,1.120064,0.52262,15
20,0.1189915,1.497894,0.4468507,16
20,0.2345369,1.550643,0.3933313,17
20,0.3629864,1.469936,0.5915267,18
20,0.1232017,1.228761,0.6234423,19
20,0.2808809,1.369057,0.3966773,20
20,0.08693916,1.057127,0.4071098,21
20,-0.4637375,1.189993,0.4551112,22
20,-0.1352412,0.9581932,0.5843225,23
20,0.3867007,1.30795,0.5049266,24
20,-0.009540647,1.581754,0.5482861,25
20,0.3399487,1.200396,0.3955381,26
20,0.2704908,1.461383,0.449797,27
20,0.4069086,1.589145,0.3915174,28
20,-0.04334083,0.9708633,0.4440801,29
20,0.2017173,1.167466,0.5017316,30
20,-0.007267088,0.871531,0.5158613,31
20,-0.2159352,0.9983559,0.4249278,32
20,0.09386945,1.591269,0.4827852,33
20,0.02137649,1.193545,0.4587429,34
20,-0.4985571,1.030431,0.6340765,35
20,-0.4144136,0.9731382,0.5503612,36
20,0.0853501,0.9439493,0.4823605,37
20,0.4943095,1.555588,0.5040879,38
20,0.4562805,1.378667,0.4979397,39
20,-0.270602,0.8584629,0.4461174,40
20,0.2002844,0.9856838,0.394521,41
20,0.4247269,1.155584,0.5913538,42
20,-0.1098399,0.7017295,0.4059593,43
20,-0.3872759,1.125813,0.5336192,44
20,-0.3302666,0.927451,0.4010771,45
20,-0.2691538,0.6720788,0.6684717,46
20,-0.3409866,1.028156,0.3904549,47
20,0.006391108,0.7155195,0.6341334,48
20,0.008321166,0.6248311,0.5130491,49
20,0.4186081,1.051881,0.415649,50
20,0.1393548,0.6704996,0.5522314,51
20,0.288992,0.7344834,0.5253212,52
20,-0.09754995,1.06045,0.5262908,53
20,0.3994049,0.9462279,0.3974369,54
20,0.3050218,0.9214715,0.5784289,55
20,-0.3435917,0.8035582,0.5350446,56
20,0.3695582,0.8021809,0.6690354,57
20,-0.3611657,0.6928428,0.4045919,58
20,-0.4740769,0.823333,0.4231393,59
20,-0.491163,0.6561128,0.4393964,60
20,-0.1638312,0.6028852,0.6742536,61
20,0.207973,0.606837,0.449682,62
20,0.3568868,0.6285788,0.4460084,63
20,0.4701678,0.8865024,0.5863576,64
20,0.4807681,0.7374817,0.4748703,65
20,0.4945419,0.629858,0.4899682,66
20,0.1833881,0.7634553,0.6801727,67
