Case,X,Y,Z,a,v,index
22,-0.3197303,0.6194752,0.4459872,0
22,-0.2288994,0.6118518,0.486136,1
22,-0.2684723,0.7655965,0.6653201,2
22,-0.4418626,0.6882902,0.5550543,3
22,-0.1092475,0.6071706,0.4760178,4
22,-0.2621471,0.9267849,0.6492136,5
22,-0.01208273,0.6301112,0.3958712,6
22,-0.1771002,0.7084455,0.5314064,7
22,-0.369003,0.7815415,0.4836311,8
22,-0.06178272,0.7246993,0.619966,9
22,-0.08189976,0.8996423,0.6178485,10
22,-0.02377722,1.038978,0.4800368,11
22,-0.1374396,0.9708613,0.6850518,12
22,0.08221602,0.8925573,0.3931521,13
22,-0.4692136,0.7860814,0.4888012,14
22,0.08616108,0.6794285,0.5769117,15
22,0.05292755,0.9826145,0.4432268,16
22,0.1461641,1.013827,0.5099948,17
22,-0.4787015,0.9138547,0.5044272,18
22,-0.3697257,0.9025645,0.5162476,19
22,0.06514013,1.126018,0.6502874,20
22,0.1775692,1.129011,0.3937656,21
22,-0.4844067,1.062822,0.5211394,22
22,-0.3670008,1.050887,0.4212956,23
22,-0.4484123,1.150846,0.646445,24
22,0.2574697,0.7207106,0.5782576,25
22,-0.4132518,1.270209,0.5195238,26
22,-0.177464,1.075511,0.6713493,27
22,0.2334713,1.377326,0.5310265,28
22,-0.03673741,1.128299,0.6066313,29
22,-0.2002956,1.167941,0.6799453,30
22,0.3736222,0.6859351,0.4591256,31
22,0.08654445,1.316522,0.5610887,32
22,0.1170372,1.21386,0.4561765,33
22,0.378138,0.8843296,0.5051087,34
22,-0.03932703,1.25606,0.5240963,35
22,0.1570682,0.6124464,0.4669771,36
22,-0.4246038,1.398966,0.4526464,37
22,0.3984824,1.011159,0.6594282,38
22,0.2889054,0.6269898,0.6682988,39
22,0.3532325,1.320926,0.5031735,40
22,0.4518052,1.211723,0.5039579,41
22,0.4798469,1.061254,0.5520967,42
22,0.08975023,1.469856,0.4859514,43
22,0.3646182,0.7896065,0.5702897,44
22,0.4955791,0.8052853,0.4271969,45
22,0.204542,1.478765,0.6097082,46
22,0.3663836,1.165688,0.3879458,47
22,-0.3017452,1.359845,0.6058009,48
22,0.4593034,0.9393228,0.4243733,49
22,0.1559528,1.571309,0.4415371,50
22,0.3182267,1.590528,0.426075,51
22,0.03726441,1.592769,0.431371,52
22,0.4865476,0.7129642,0.4555006,53
22,0.4353801,1.377072,0.5152107,54
22,0.3141982,1.447388,0.685399,55
22,0.446219,0.6164688,0.4958575,56
22,0.4586262,1.570512,0.4238257,57
22,0.4585413,1.477788,0.6083024,58
22,-0.07488546,1.53842,0.6663457,59
22,-0.224272,1.444457,0.4614611,60
22,-0.1784089,1.543609,0.4620099,61
22,-0.4725656,1.50854,0.6237837,62
22,-0.09854433,1.436943,0.6686647,63
22,-0.4996533,1.34722,0.5589422,64
22,-0.2748905,1.584423,0.4613157,65
22,-0.127295,1.223146,0.6055123,66
22,-0.3117619,1.499223,0.4978754,67
22,-0.3768137,1.565236,0.488293,68
