Case,X,Y,Z,a,v,index
15,-0.2514899,1.049975,0.5085173,0
15,-0.3765767,1.028103,0.5273015,1
15,-0.3250244,0.8787388,0.4093297,2
15,-0.157049,1.030898,0.5139148,3
15,-0.1188707,1.159069,0.4086673,4
15,-0.1783729,0.735019,0.600302,5
15,-0.05221164,0.7472163,0.4519712,6
15,-0.2727329,0.7722988,0.5574915,7
15,-0.03257033,0.6362029,0.6007722,8
15,0.03165966,0.9217459,0.4394834,9
15,0.1362704,1.04142,0.470647,10
15,-0.1142328,0.9452485,0.4185173,11
15,-0.3140677,0.6624167,0.6022127,12
15,0.04417622,0.7052257,0.390436,13
15,-0.347742,1.177143,0.6334327,14
15,-0.2290961,0.6047928,0.4864893,15
15,-0.4668721,1.117046,0.3880598,16
15,-0.1186628,0.6642889,0.6699085,17
15,-0.4575211,0.9523044,0.3913559,18
15,-0.4395212,1.216139,0.6183324,19
15,-0.3731313,1.356198,0.4661998,20
15,-0.0008679628,1.059167,0.5090426,21
15,-0.4240541,0.6564543,0.4793831,22
15,-0.4945323,1.341327,0.6607656,23
15,-0.4334149,0.8223709,0.4222971,24
15,0.1885309,0.9556372,0.5648676,25
15,0.2384646,1.094679,0.3994534,26
15,-0.1436331,1.287358,0.4169375,27
15,-0.2283081,1.457681,0.4066892,28
15,-0.3745559,0.75365,0.6371272,29
15,-0.2862582,1.307155,0.6194804,30
15,0.2101701,0.7263932,0.4054652,31
15,-0.4962783,0.7370754,0.4853297,32
15,-0.3908693,1.468725,0.4598441,33
15,-0.4002871,1.566301,0.4241512,34
15,0.1451737,0.6356013,0.4539334,35
15,-0.02644148,1.174369,0.5399938,36
15,-0.4839745,1.515025,0.5328228,37
15,0.2772475,0.8576009,0.4281615,38
15,-0.2826103,1.538617,0.5711269,39
15,0.141388,1.22203,0.6230113,40
15,-0.05218831,1.287675,0.4395115,41
15,0.2643947,0.6420445,0.4000306,42
15,-0.1180031,1.551017,0.432374,43
15,0.07734817,1.126274,0.5004239,44
15,0.3323783,1.18156,0.5059723,45
15,0.4964567,1.112132,0.4091772,46
15,0.3624989,1.282096,0.4042847,47
15,0.04661661,1.25694,0.5301137,48
15,0.1316653,1.313992,0.5631104,49
15,0.2098472,1.413127,0.4364702,50
15,0.1517617,1.546405,0.4408475,51
15,0.3769392,1.445287,0.6161756,52
15,0.3833847,1.101083,0.3987268,53
15,0.3806496,0.9001234,0.6205184,54
15,0.372864,0.7713265,0.3968224,55
15,0.4235351,0.6814964,0.6374458,56
15,0.02697742,1.519258,0.4729831,57
15,-0.2063714,1.598393,0.4305071,58
15,0.4374571,1.333073,0.3987492,59
15,0.4867771,0.9063942,0.6126583,60
15,0.4833586,1.225502,0.4622528,61
15,0.4841002,0.9981059,0.6785122,62
15,0.4587163,0.8060363,0.4988195,63
15,0.2646864,1.556109,0.6844103,64
15,0.3944745,1.006539,0.5103699,65
15,0.4396834,1.512322,0.4993961,66
15,0.3551027,1.563716,0.473262,67
15,0.4893495,1.423521,0.4011856,68
