Case,X,Y,Z,a,v,index
22,-0.4512751,0.8891097,0.4737235,0
22,-0.4284178,0.9991384,0.4000539,1
22,-0.3900135,1.180639,0.397247,2
22,-0.4094281,1.307068,0.4489719,3
22,-0.3007981,0.8908958,0.4835243,4
22,-0.3099414,1.368162,0.6429422,5
22,-0.3859128,0.7754269,0.5963007,6
22,-0.3256114,0.6419181,0.4469715,7
22,-0.05527267,1.178871,0.4399471,8
22,0.01678163,1.079205,0.4577914,9
22,-0.2511931,0.770799,0.3920238,10
22,-0.1653779,1.466244,0.6411982,11
22,0.1403272,1.154643,0.3871801,12
22,-0.4862301,0.6625152,0.3894569,13
22,0.04512173,1.227386,0.6204307,14
22,-0.1144693,1.052389,0.5145603,15
22,-0.02249545,1.493781,0.6391791,16
22,-0.1191965,0.6047921,0.5894566,17
22,-0.4123527,1.51706,0.395562,18
22,-0.1066378,0.7231603,0.4139455,19
22,0.0418278,0.6670396,0.6025182,20
22,0.1505885,1.481281,0.4637949,21
22,0.3374889,1.39797,0.4093002,22
22,-0.2447497,1.557319,0.545866,23
22,0.1266304,0.7709303,0.4474672,24
22,0.1755745,0.6673403,0.5033296,25
22,0.3413255,1.568191,0.662667,26
22,0.0342465,1.593977,0.4490262,27
22,0.2660382,0.772312,0.3902457,28
22,0.3426709,1.01746,0.5821985,29
22,0.1577493,1.59708,0.4372317,30
22,0.3897439,0.6955571,0.5105126,31
22,0.459448,0.8848189,0.4417933,32
22,0.3794029,1.256297,0.4378525,33
22,0.4912478,1.072582,0.4626225,34
22,0.303413,0.6001944,0.4335345,35
22,-0.1229964,1.578539,0.4314014,36
22,0.4795337,1.564472,0.5701404,37
22,0.3569711,0.8379015,0.446197,38
22,0.4356753,1.451411,0.3886296,39
22,0.4677022,1.344179,0.4656715,40
22,0.3855085,1.133822,0.5024765,41
