Case,X,Y,Z,a,v,index
24,0.3399369,1.216096,0.6561522,0
24,0.06045675,1.242463,0.4407509,1
24,0.09575808,1.128646,0.6509951,2
24,-0.04675952,1.160851,0.596656,3
24,0.324496,0.9866744,0.4066589,4
24,0.1130248,0.7565259,0.524122,5
24,0.4371348,1.323224,0.4720559,6
24,0.01219052,0.993651,0.4982671,7
24,0.4899578,1.448773,0.670447,8
24,-0.08088779,0.7157208,0.5700809,9
24,0.2798242,1.393262,0.4916993,10
24,0.4326222,1.079491,0.4265093,11
24,0.231475,1.499813,0.5768887,12
24,0.1813222,0.66944,0.590945,13
24,0.2114862,0.8323228,0.4106254,14
24,0.347777,1.531862,0.5373815,15
24,0.04579347,0.6181342,0.6469015,16
24,0.3789772,0.7554146,0.4857317,17
24,0.4534262,0.9606633,0.5250879,18
24,-0.1630268,0.6355991,0.5603061,19
24,0.4731272,1.594054,0.5112905,20
24,0.3481997,0.8743489,0.5616857,21
24,-0.09415591,1.049701,0.4326424,22
24,-0.3062166,0.7568684,0.4314474,23
24,0.09968913,1.580411,0.5941636,24
24,-0.01366416,1.448282,0.6676924,25
24,0.4947066,0.8434402,0.5065148,26
24,0.4692273,0.666739,0.5794014,27
24,0.3015789,0.6701624,0.507333,28
24,-0.2236644,1.392837,0.6302685,29
24,-0.3491482,0.8810123,0.5490322,30
24,-0.08311296,1.559227,0.4484036,31
24,0.4901053,1.173903,0.5050562,32
24,-0.4858206,0.7401143,0.6498453,33
24,-0.4827951,0.8773026,0.4792917,34
24,-0.3259304,1.586941,0.4238641,35
24,-0.3852929,0.6316778,0.5841725,36
24,-0.4429477,1.002318,0.5532851,37
24,-0.4158984,1.272499,0.4213349,38
24,-0.4854766,1.113615,0.6844428,39
24,-0.2744391,0.6213977,0.4170235,40
24,-0.3660442,1.457761,0.3964989,41
24,-0.2118069,1.579481,0.4283455,42
24,-0.4868219,1.46849,0.6597376,43
24,-0.4970936,0.6127017,0.547865,44
24,-0.3013878,1.302453,0.4783844,45
