Case,X,Y,Z,a,v,index
30,-0.09231296,0.6553661,0.5041159,0
30,0.1036015,0.6733572,0.5071295,1
30,0.01235992,0.6099758,0.4394614,2
30,0.2154669,0.6265669,0.6375633,3
30,-0.2740204,0.6724259,0.4622027,4
30,0.3446485,0.6320571,0.5019358,5
30,0.3713085,0.7707636,0.4808152,6
30,-0.1668584,0.7924962,0.456832,7
30,0.4507063,0.9519517,0.4071405,8
30,-0.3000184,0.8777623,0.4678995,9
30,0.04450941,1.007814,0.4861292,10
30,-0.4381813,0.767274,0.5460365,11
30,0.2577174,0.7533494,0.5894825,12
30,-0.4070268,0.6073884,0.4141207,13
30,0.3478838,1.013041,0.5613403,14
30,-0.09455866,1.124677,0.6317494,15
30,-0.06408998,0.9785857,0.5101982,16
30,0.3659194,1.123966,0.5016876,17
30,0.4770021,0.6270764,0.4500557,18
30,0.4947848,1.152555,0.6861479,19
30,0.3144808,0.88965,0.5488009,20
30,0.4901394,0.7652312,0.45706,21
30,0.07217544,1.143998,0.3882837,22
30,0.328065,1.230495,0.3934292,23
30,-0.4099138,1.00484,0.6714705,24
30,0.411155,1.399091,0.4246445,25
30,-0.3480504,1.282832,0.422866,26
30,-0.4171035,1.191808,0.3881932,27
30,0.2607092,1.432945,0.6531578,28
30,-0.4404407,1.355422,0.4465086,29
30,-0.4888638,1.083289,0.641861,30
30,-0.462481,0.8916916,0.6540885,31
30,0.4243038,1.542533,0.4110058,32
30,0.4598138,1.275589,0.3977307,33
30,-0.3660868,1.522563,0.5331076,34
30,0.2492132,1.553217,0.5770029,35
30,0.1300951,1.557388,0.582787,36
30,-0.06219414,1.501617,0.5284165,37
30,-0.3289775,1.399726,0.4997014,38
30,-0.2322729,1.561256,0.40436,39
30,-0.485131,1.563861,0.390738,40
