Case,X,Y,Z,a,v,index
19,0.2777024,0.8375412,0.4306478,0
19,0.1664311,0.670546,0.3960577,1
19,0.3422856,0.9741812,0.4315487,2
19,0.4003472,1.154662,0.6071478,3
19,0.2638447,0.6128839,0.4827547,4
19,0.3059537,1.315766,0.5156006,5
19,0.3984371,0.8395079,0.5193862,6
19,0.4277458,0.6271738,0.4287977,7
19,0.3543562,0.7339152,0.5120668,8
19,0.1216477,1.088341,0.6124266,9
19,-0.05402845,1.171433,0.5936793,10
19,0.4768794,0.7517662,0.4749525,11
19,-0.002332449,1.034669,0.6287806,12
19,-0.1427993,0.747343,0.4511551,13
19,0.4593524,1.056525,0.5019024,14
19,-0.3285619,0.6832511,0.3928152,15
19,-0.1551669,1.116339,0.4214559,16
19,-0.007177621,0.6364384,0.4767627,17
19,0.1095927,1.450091,0.4224474,18
19,0.1670853,0.8043686,0.4671428,19
19,-0.490806,0.6745516,0.5544848,20
19,-0.08754757,1.45082,0.5063717,21
19,-0.3920419,0.968031,0.6292609,22
19,0.48711,0.9058129,0.450871,23
19,-0.3514071,1.211447,0.4734996,24
19,-0.1823549,0.6145123,0.5405261,25
19,-0.3712955,0.8320369,0.4154451,26
19,-0.2263582,0.822596,0.5329298,27
19,-0.4560768,1.059562,0.4421757,28
19,0.00383532,1.516025,0.4553492,29
19,0.4984918,1.36676,0.5122914,30
19,0.2285853,1.484399,0.5181439,31
19,-0.339658,1.075689,0.5025848,32
19,-0.2927218,1.314997,0.4532632,33
19,0.4307065,1.261246,0.6024209,34
19,-0.2014821,1.431201,0.6481532,35
19,-0.1183228,1.561711,0.3953747,36
19,-0.4787096,0.8862045,0.4503086,37
19,0.1500928,1.562711,0.3886925,38
19,0.2666546,1.588521,0.5566486,39
19,-0.4767739,1.220574,0.6340395,40
19,-0.3059981,1.480107,0.4692564,41
19,-0.4364218,1.32708,0.5411855,42
19,0.3323421,1.425084,0.458692,43
19,0.4363207,1.468471,0.4386066,44
19,-0.4561355,1.516689,0.5701676,45
19,0.4200652,1.582513,0.6321625,46
19,-0.263252,1.599532,0.649507,47
