Case,X,Y,Z,a,v,index
28,0.2374204,1.416169,0.4294426,0
28,0.01707071,1.174902,0.4163257,1
28,0.1169671,1.083888,0.5535743,2
28,0.3886437,1.383337,0.3907042,3
28,-0.1501259,1.511472,0.4488743,4
28,0.1741068,1.528488,0.4151817,5
28,0.3574032,1.55749,0.5999153,6
28,0.3633232,1.190615,0.6665486,7
28,-0.2736042,1.473994,0.5103211,8
28,0.4045701,1.014522,0.5122042,9
28,0.08776224,1.433252,0.49205,10
28,0.05818027,1.544065,0.4866458,11
28,0.1841953,0.783972,0.4349324,12
28,-0.04592878,1.585732,0.4060135,13
28,0.01133364,0.9981082,0.6538457,14
28,-0.1376089,1.133049,0.4060179,15
28,0.4812289,1.55835,0.4972452,16
28,0.3913856,0.8451251,0.4310601,17
28,-0.3587896,1.569553,0.4922666,18
28,-0.4691948,1.564839,0.6714386,19
28,-0.402465,1.395509,0.5738341,20
28,0.4987053,1.432522,0.6514127,21
28,0.2859144,0.8824232,0.451806,22
28,-0.2344298,1.596866,0.6297274,23
28,-0.269043,1.351736,0.4321074,24
28,-0.03835362,0.7215165,0.5556638,25
28,-0.4881066,1.197614,0.5156609,26
28,-0.4869292,1.310638,0.4780063,27
28,-0.4715477,1.08322,0.5235056,28
28,0.4624163,0.7373957,0.4539824,29
28,-0.2286435,0.7129505,0.4087386,30
28,-0.4012097,0.9936879,0.6755385,31
28,0.3526391,0.6969854,0.606023,32
28,-0.3666611,1.127537,0.3873932,33
28,0.1518359,0.6408662,0.5007735,34
28,0.4897081,1.300762,0.3980199,35
28,-0.2991646,0.8779497,0.4887309,36
28,0.43754,0.6008942,0.602916,37
28,-0.4450197,0.783393,0.5574793,38
28,0.3079759,1.291732,0.4092422,39
28,-0.344888,0.6615737,0.5293475,40
28,-0.4813432,0.6105803,0.6141152,41
28,0.2669009,0.6119646,0.3900262,42
28,0.4741753,1.166401,0.4996388,43
28,-0.1079799,0.6355541,0.6339612,44
28,-0.4980966,0.9363323,0.6698604,45
28,0.03700984,0.6349926,0.6063526,46
