Case,X,Y,Z,a,v,index
4,0.3928602,0.9319798,0.5575954,0
4,0.3870795,1.095788,0.434048,1
4,0.4171665,0.8068701,0.4830724,2
4,0.4844628,1.198757,0.4183203,3
4,0.3665894,1.248484,0.6741493,4
4,0.4995946,1.094292,0.4010682,5
4,0.3406392,1.370426,0.4454361,6
4,0.3533887,1.460254,0.3934575,7
4,0.2779704,1.287637,0.4829391,8
4,0.4577059,1.284877,0.5444168,9
4,0.4731413,0.9768555,0.4557807,10
4,0.1951841,1.091925,0.4256186,11
4,0.1532867,1.190755,0.4038348,12
4,0.222015,1.447513,0.6785635,13
4,0.1834417,0.955593,0.5078242,14
4,0.4814941,1.373415,0.5848455,15
4,0.08935606,1.486865,0.4149885,16
4,0.2759793,1.562228,0.5231538,17
4,0.05329329,1.271901,0.529122,18
4,0.06112123,1.04604,0.4490417,19
4,0.4321125,1.512334,0.5180729,20
4,0.04607958,0.8756838,0.6256007,21
4,0.1697345,1.593564,0.4143109,22
4,-0.006830394,1.173457,0.4363237,23
4,0.364178,1.586135,0.4513984,24
4,-0.09587669,1.270222,0.5046293,25
4,0.2156248,0.8118621,0.6155353,26
4,0.1674726,0.6480886,0.5332944,27
4,0.09865314,0.7440937,0.4524903,28
4,-0.126202,1.161137,0.5189883,29
4,0.07942116,0.6221603,0.4770478,30
4,0.477481,0.6392059,0.4445843,31
4,0.4214007,0.7166036,0.4689507,32
4,0.3175611,0.8377501,0.4099242,33
4,0.01867467,1.553024,0.4705486,34
4,0.35583,0.6402331,0.6265634,35
4,-0.07558656,1.028015,0.5214279,36
4,-0.05707234,1.491649,0.38877,37
4,0.2728764,0.7059397,0.478891,38
4,-0.1807685,1.017952,0.5218258,39
4,-0.008920401,0.7009346,0.6392697,40
4,-0.3394679,1.238357,0.4125725,41
4,-0.1998626,1.526071,0.6264129,42
4,-0.3262774,1.333005,0.437377,43
4,-0.1624483,0.7004294,0.5762261,44
4,-0.003245026,0.9687978,0.5899279,45
4,-0.05698285,0.6232783,0.6307467,46
4,-0.3911032,0.8021678,0.5032269,47
4,-0.3685863,1.058924,0.4144057,48
4,-0.2979271,0.61435,0.4839236,49
4,-0.06178674,0.7834869,0.5231174,50
4,-0.3805791,0.9324174,0.4345306,51
4,-0.1330408,1.594822,0.5668104,52
4,-0.4479376,1.013614,0.4304208,53
4,-0.2860168,1.552818,0.4267488,54
4,-0.3984408,1.159038,0.5677528,55
4,-0.2963307,1.440388,0.4649804,56
4,-0.4727394,0.9153337,0.4129146,57
4,-0.4393538,1.595273,0.4163308,58
4,-0.3647738,0.7074432,0.4753999,59
4,-0.2845776,0.7512997,0.4025967,60
4,-0.4689756,1.27928,0.6181994,61
4,-0.4934732,0.6705472,0.4306117,62
4,-0.4886606,0.805245,0.5822494,63
4,-0.4916692,1.094366,0.5270034,64
4,-0.4416841,1.431305,0.5262204,65
4,-0.4026059,0.6243059,0.4324436,66
4,-0.1953973,0.6158762,0.4243306,67
4,-0.179695,1.429937,0.4062635,68
4,0.2566507,0.6067536,0.4575919,69
