Case,X,Y,Z,a,v,index
28,0.2374204,1.416169,0.3908705,0
28,0.01707071,1.174902,0.6682678,1
28,0.1169671,1.083888,0.6838635,2
28,0.3886437,1.383337,0.3943838,3
28,-0.1501259,1.511472,0.4228466,4
28,0.1741068,1.528488,0.4074871,5
28,0.3574032,1.55749,0.3952146,6
28,0.3633232,1.190615,0.5476019,7
28,-0.2736042,1.473994,0.4232349,8
28,0.4045701,1.014522,0.6632137,9
28,0.08776224,1.433252,0.5120482,10
28,0.05818027,1.544065,0.4387215,11
28,0.1841953,0.783972,0.4707249,12
28,-0.04592878,1.585732,0.6074982,13
28,0.01133364,0.9981082,0.4290899,14
28,-0.1376089,1.133049,0.6728927,15
28,0.4812289,1.55835,0.6661131,16
28,0.3913856,0.8451251,0.5057932,17
28,-0.3587896,1.569553,0.6037148,18
28,-0.4691948,1.564839,0.6199707,19
28,-0.402465,1.395509,0.4199,20
28,0.4987053,1.432522,0.4843958,21
28,0.2859144,0.8824232,0.5482172,22
28,-0.2344298,1.596866,0.4070195,23
28,-0.269043,1.351736,0.4955253,24
28,-0.03835362,0.7215165,0.4863023,25
28,-0.4881066,1.197614,0.5019362,26
28,-0.4869292,1.310638,0.4396392,27
28,-0.4715477,1.08322,0.5143678,28
28,0.4624163,0.7373957,0.5375782,29
28,-0.2286435,0.7129505,0.4683207,30
28,-0.4012097,0.9936879,0.4121909,31
28,0.3526391,0.6969854,0.4408979,32
28,-0.3666611,1.127537,0.4348086,33
28,0.1518359,0.6408662,0.4574018,34
28,0.4897081,1.300762,0.4944104,35
28,-0.2991646,0.8779497,0.6402123,36
28,0.43754,0.6008942,0.41903,37
28,-0.4450197,0.783393,0.4597994,38
28,0.3079759,1.291732,0.5154307,39
28,-0.344888,0.6615737,0.4443602,40
28,-0.4813432,0.6105803,0.4902838,41
28,0.2669009,0.6119646,0.4461442,42
28,0.4741753,1.166401,0.3890411,43
28,-0.1079799,0.6355541,0.394538,44
28,-0.4980966,0.9363323,0.5418703,45
28,0.03700984,0.6349926,0.5905576,46
