Case,X,Y,Z,a,v,index
30,-0.09231296,0.6553661,0.4901783,0
30,0.1036015,0.6733572,0.5757999,1
30,0.01235992,0.6099758,0.4117587,2
30,0.2154669,0.6265669,0.6209941,3
30,-0.2740204,0.6724259,0.5867744,4
30,0.3446485,0.6320571,0.4414861,5
30,0.3713085,0.7707636,0.567665,6
30,-0.1668584,0.7924962,0.4142281,7
30,0.4507063,0.9519517,0.5892479,8
30,-0.3000184,0.8777623,0.5944307,9
30,0.04450941,1.007814,0.4975042,10
30,-0.4381813,0.767274,0.4970354,11
30,0.2577174,0.7533494,0.4887123,12
30,-0.4070268,0.6073884,0.5360426,13
30,0.3478838,1.013041,0.4270743,14
30,-0.09455866,1.124677,0.4384736,15
30,-0.06408998,0.9785857,0.4847787,16
30,0.3659194,1.123966,0.3989347,17
30,0.4770021,0.6270764,0.402648,18
30,0.4947848,1.152555,0.5490452,19
30,0.3144808,0.88965,0.5217407,20
30,0.4901394,0.7652312,0.3947938,21
30,0.07217544,1.143998,0.5355761,22
30,0.328065,1.230495,0.4158948,23
30,-0.4099138,1.00484,0.6716291,24
30,0.411155,1.399091,0.6304455,25
30,-0.3480504,1.282832,0.5164959,26
30,-0.4171035,1.191808,0.4374802,27
30,0.2607092,1.432945,0.4187915,28
30,-0.4404407,1.355422,0.55207,29
30,-0.4888638,1.083289,0.4706741,30
30,-0.462481,0.8916916,0.5292323,31
30,0.4243038,1.542533,0.5826551,32
30,0.4598138,1.275589,0.6688503,33
30,-0.3660868,1.522563,0.4629142,34
30,0.2492132,1.553217,0.5098217,35
30,0.1300951,1.557388,0.5030158,36
30,-0.06219414,1.501617,0.5442362,37
30,-0.3289775,1.399726,0.4031451,38
30,-0.2322729,1.561256,0.551299,39
30,-0.485131,1.563861,0.4911197,40
