Case,X,Y,Z,a,v,index
14,0.36376,0.884906,0.4753637,0
14,0.2547567,0.7643464,0.4523975,1
14,0.4222893,1.003182,0.4618444,2
14,0.4514893,0.9144663,0.6229547,3
14,0.2525639,0.6183404,0.5775886,4
14,0.3836802,0.7791331,0.5576796,5
14,0.1872445,0.6876346,0.4709904,6
14,0.3503054,0.6256751,0.5154947,7
14,0.2154516,1.1593,0.5397737,8
14,0.07340455,1.259845,0.4466223,9
14,0.4311529,0.6667741,0.6230265,10
14,0.476893,0.7474097,0.6621522,11
14,0.3761159,1.114136,0.3993607,12
14,0.2041817,1.009449,0.6009015,13
14,0.07158756,0.9755515,0.6772662,14
14,0.09789193,0.6464261,0.6197948,15
14,0.005172789,0.636745,0.5078949,16
14,-0.07884657,1.318407,0.4370675,17
14,0.4918929,1.109912,0.4526204,18
14,0.1168615,1.097202,0.4184023,19
14,-0.09982759,0.7519195,0.4567636,20
14,-0.1191539,0.6519552,0.4015954,21
14,0.06323808,0.8725579,0.487582,22
14,-0.01771775,0.9554681,0.4093603,23
14,-0.03555012,1.095745,0.3898733,24
14,0.08496118,1.53033,0.5184332,25
14,-0.2734917,0.7407265,0.6473767,26
14,-0.1855856,0.7807703,0.5001366,27
14,0.3616025,1.21112,0.6448969,28
14,0.3610181,1.365815,0.6081686,29
14,-0.1307618,0.9712421,0.3973549,30
14,0.2137938,1.497242,0.4640638,31
14,0.4625494,1.197266,0.4200704,32
14,0.2819962,1.429074,0.4696304,33
14,0.486479,1.444968,0.6698424,34
14,0.3433447,1.545276,0.4501829,35
14,-0.09746766,1.228242,0.5032886,36
14,-0.2756942,0.8877759,0.4045775,37
14,0.1823518,1.586779,0.6637907,38
14,0.4378088,1.586583,0.5588126,39
14,0.4690611,1.287445,0.4329408,40
14,-0.0699521,1.480081,0.3907577,41
14,-0.3975077,1.263235,0.4373727,42
14,-0.3921771,0.7227765,0.4942836,43
14,-0.1192146,1.56355,0.4482182,44
14,-0.4540289,1.012446,0.5847837,45
14,-0.2135239,0.6419716,0.6761689,46
14,-0.2468116,1.395077,0.4428744,47
14,-0.1319958,1.069153,0.4796658,48
14,0.04472727,1.162,0.5163842,49
14,-0.4909958,0.8741828,0.5208231,50
14,-0.00127694,1.598322,0.6334348,51
14,-0.4383569,0.8005948,0.4430247,52
14,-0.3983076,0.9266863,0.4795305,53
14,-0.4958167,1.310544,0.3899851,54
14,-0.3423207,0.9986584,0.4009538,55
14,-0.447132,1.38687,0.4581814,56
14,-0.4474133,1.120173,0.5271611,57
14,-0.3403243,0.8205705,0.4147649,58
14,-0.34852,1.465042,0.5774475,59
14,-0.4601558,1.49126,0.5605687,60
14,-0.4122945,0.632934,0.4119821,61
14,-0.3107,0.6458412,0.4788389,62
14,-0.3242923,1.346652,0.5610554,63
14,-0.4871224,0.7175024,0.4323692,64
14,-0.2424302,1.505803,0.42373,65
14,-0.4560703,1.595855,0.3926752,66
14,-0.271665,1.596741,0.4856942,67
14,-0.3640755,1.560142,0.4148405,68
