Case,X,Y,Z,a,v,index
21,0.1503742,1.105453,0.4300681,0
21,0.2652519,0.8869836,0.6736681,1
21,0.00965488,1.110198,0.6513228,2
21,0.4148624,1.108986,0.5175567,3
21,0.2683337,1.404044,0.5370561,4
21,0.3990864,1.320777,0.6565696,5
21,-0.1407425,1.160795,0.4954812,6
21,0.125744,1.492939,0.4672464,7
21,-0.1260976,1.458038,0.5366004,8
21,-0.03289402,1.001854,0.5325041,9
21,0.4333869,1.512408,0.4973952,10
21,0.04926842,1.572926,0.6119367,11
21,0.4902207,1.1929,0.4454805,12
21,0.2572667,1.514809,0.4423547,13
21,-0.1939112,1.367578,0.4142426,14
21,0.4098923,0.9534307,0.4894557,15
21,0.4287662,0.7709529,0.4311566,16
21,0.1534364,0.7708679,0.4551947,17
21,0.3271669,0.6391824,0.5234287,18
21,-0.2618656,1.493422,0.4058099,19
21,0.1788677,0.6150171,0.4777319,20
21,-0.04033139,0.6844602,0.5187891,21
21,-0.2123614,0.8288589,0.5047265,22
21,-0.1882064,0.703989,0.5876107,23
21,-0.405256,1.423318,0.3962644,24
21,-0.3478466,1.573303,0.4773019,25
21,-0.3598947,0.9974327,0.5484064,26
21,0.4951141,0.6291238,0.6644327,27
21,0.296602,0.7740636,0.5248346,28
21,-0.4848161,1.247143,0.6167231,29
21,-0.3899602,1.104665,0.4503381,30
21,0.08525407,0.6781737,0.5079236,31
21,-0.3706748,0.8240129,0.593775,32
21,-0.4931551,1.49756,0.5163859,33
21,-0.1096162,1.599438,0.5288322,34
21,-0.4510778,0.6402363,0.5132979,35
21,-0.3134905,0.6974298,0.4227488,36
21,-0.3163974,1.339981,0.5631553,37
21,-0.4786918,0.9309626,0.3881471,38
21,-0.4987665,1.082841,0.397392,39
