Case,X,Y,Z,a,v,index
3,-0.2780068,1.470732,0.5927447,0
3,-0.311669,1.367476,0.6247471,1
3,-0.4416369,1.528287,0.4554844,2
3,-0.2730231,1.56808,0.5887384,3
3,-0.3850312,1.451385,0.4896154,4
3,-0.488465,1.357495,0.5960766,5
3,-0.3862573,1.271523,0.4159441,6
3,-0.1640204,1.570835,0.4063955,7
3,-0.1888795,1.413711,0.4842272,8
3,-0.006198049,1.4971,0.5141062,9
3,-0.495806,1.448394,0.5075883,10
3,-0.4873517,1.250602,0.4018833,11
3,-0.4265938,1.11304,0.4848369,12
3,-0.001387745,1.594367,0.5359581,13
3,-0.119002,1.485277,0.548381,14
3,-0.3359566,1.151986,0.4833315,15
3,-0.1641217,1.190305,0.4738536,16
3,-0.4754477,1.025969,0.6169104,17
3,-0.3653596,0.9616824,0.5313478,18
3,0.1673894,1.534005,0.5635452,19
3,0.1249143,1.299602,0.4863501,20
3,-0.05445933,1.209683,0.4577998,21
3,-0.1496458,1.086043,0.406275,22
3,-0.05480605,1.101994,0.5494119,23
3,0.2631181,1.508373,0.451284,24
3,-0.4714012,0.9142951,0.4673848,25
3,0.0792824,1.171135,0.5322419,26
3,0.1958642,1.143649,0.5893252,27
3,0.04406834,0.9690115,0.3961249,28
3,0.3639746,1.488266,0.5511849,29
3,0.1805395,0.9927279,0.3876459,30
3,-0.1285705,0.9379319,0.5259755,31
3,-0.2786028,0.8873794,0.4242309,32
3,0.3132661,1.591809,0.3973976,33
3,0.08881646,1.076876,0.6610435,34
3,0.345085,0.9538922,0.4741945,35
3,0.1564491,0.7184366,0.6355678,36
3,-0.3701381,0.860936,0.5450342,37
3,0.2545202,1.055502,0.6475943,38
3,-0.04273769,1.000663,0.4906172,39
3,0.09721261,1.595712,0.4465881,40
3,0.08879751,0.8855755,0.4343203,41
3,0.4132206,0.8303999,0.4032642,42
3,0.2864301,1.297933,0.4326802,43
3,0.2117199,1.239411,0.4113014,44
3,0.4122747,1.388731,0.4955487,45
3,0.3201192,0.7763557,0.494233,46
3,0.4353959,1.254677,0.5085484,47
3,-0.4987572,0.7581188,0.5101108,48
3,0.03205782,1.260852,0.4698136,49
3,-0.1143249,0.7264947,0.5404936,50
3,0.4229287,1.58591,0.5998732,51
3,-0.1882083,0.8242181,0.5360513,52
3,0.2861532,0.6611179,0.6220691,53
3,-0.2325762,0.7358916,0.5809777,54
3,-0.2026304,0.6036414,0.4510881,55
3,0.2391597,1.41082,0.6607794,56
3,0.4844208,1.500907,0.393164,57
3,-0.3595264,0.6742043,0.6126602,58
3,0.001459897,0.6326764,0.486795,59
3,-0.3393167,0.7691972,0.6562321,60
3,-0.1046062,0.6289529,0.4066552,61
3,0.1098998,0.6195414,0.4136901,62
3,-0.4616017,0.6556247,0.6166344,63
3,0.4212714,1.152434,0.4230955,64
3,0.377198,0.6910788,0.4190746,65
3,0.4599636,0.6160378,0.6142586,66
3,0.4745601,0.7107657,0.5749104,67
3,0.4373066,0.9991521,0.4808618,68
3,0.3621837,0.6008539,0.6693491,69
3,0.4978318,0.8881812,0.5149926,70
