Case,X,Y,Z,a,v,index
25,-0.2139462,1.558106,0.6226788,0
25,-0.312893,1.363231,0.4841027,1
25,-0.1634072,1.425771,0.4202938,2
25,-0.3818776,1.513147,0.4073676,3
25,-0.4139592,1.297595,0.6461704,4
25,-0.4787642,1.571647,0.3876273,5
25,-0.4879319,1.119081,0.5732981,6
25,-0.02884799,1.574603,0.4903918,7
25,-0.3709755,1.188385,0.4714917,8
25,-0.1203653,1.13903,0.3952375,9
25,0.07355362,1.051338,0.5430712,10
25,-0.347259,1.022236,0.4848042,11
25,-0.4823675,1.454529,0.673316,12
25,0.008552849,1.213364,0.5188057,13
25,-0.04575506,0.9980557,0.3976617,14
25,0.1665425,1.538146,0.4290293,15
25,3.385544E-05,1.447765,0.5010473,16
25,-0.3680019,0.8980531,0.6169533,17
25,-0.4881732,0.9372178,0.4627053,18
25,-0.3772328,0.7559019,0.3877695,19
25,-0.2645843,0.8185373,0.63826,20
25,-0.2186997,0.6059503,0.4389707,21
25,0.2025394,0.7262005,0.4655913,22
25,0.411364,0.7432996,0.3873183,23
25,0.03496486,0.646644,0.4831933,24
25,-0.1395552,0.7348905,0.6284663,25
25,0.1429704,0.6020206,0.5110316,26
25,-0.3421207,0.6203352,0.4101656,27
25,0.2671021,1.491992,0.5097069,28
25,0.3027369,0.8099682,0.5243096,29
25,0.4015216,0.8833902,0.4310563,30
25,0.3538025,1.033955,0.5877123,31
25,0.3916457,1.46385,0.5106382,32
25,0.4734548,1.088447,0.4529227,33
25,0.3053972,0.640545,0.4173102,34
25,0.324824,1.224478,0.4135106,35
25,0.4673586,1.296658,0.6188124,36
25,0.3530414,1.359789,0.6090892,37
25,-0.4988022,0.6248736,0.5303249,38
25,0.4886268,0.6160533,0.4818737,39
25,0.3725733,1.594157,0.5328833,40
25,-0.478303,0.81604,0.595252,41
25,0.4835764,1.567441,0.4169879,42
