Case,X,Y,Z,a,v,index
23,-0.04318434,0.9942126,0.4580733,0
23,0.04893875,1.192551,0.5281761,1
23,0.2411786,0.8545536,0.3924547,2
23,0.4051219,1.14031,0.4042702,3
23,0.4555419,0.8775098,0.4145798,4
23,0.1360509,0.6688324,0.5008296,5
23,0.4383813,0.7071878,0.5603099,6
23,0.08793592,1.059492,0.4806991,7
23,0.4181769,1.012355,0.5124786,8
23,0.3297402,1.295802,0.4759984,9
23,0.3275615,0.6316664,0.6146975,10
23,-0.05099338,0.6060132,0.5088521,11
23,0.4374301,1.477364,0.64437,12
23,0.4594262,1.241617,0.4027883,13
23,-0.068198,1.123165,0.391854,14
23,0.3293029,0.7627922,0.649845,15
23,-0.2238823,0.7993555,0.4125133,16
23,0.00819242,1.523032,0.4152301,17
23,0.1183952,1.455125,0.5060275,18
23,-0.1839626,0.646596,0.4398196,19
23,0.02181423,0.7384076,0.5513854,20
23,0.4209535,1.367256,0.4714234,21
23,-0.09192592,0.7459952,0.6574816,22
23,0.2480849,1.508151,0.4430506,23
23,0.3852829,1.592826,0.427943,24
23,-0.1817388,1.461983,0.4738016,25
23,0.2471834,1.396004,0.5333979,26
23,0.1156887,1.596273,0.4305032,27
23,-0.2922724,0.9253495,0.4169479,28
23,-0.4464157,1.068104,0.5033563,29
23,-0.306554,0.6809703,0.6345339,30
23,-0.4362023,1.350935,0.5211358,31
23,-0.3374475,1.411091,0.4409558,32
23,-0.4397666,1.213608,0.5641178,33
23,-0.4461411,0.9074546,0.4309002,34
23,-0.4158199,1.535453,0.6679862,35
23,-0.3893818,0.7747118,0.4086022,36
23,-0.2187116,1.595814,0.4093675,37
23,-0.4364499,0.6165788,0.5320771,38
23,-0.4969251,0.7137784,0.437277,39
23,-0.09372175,1.57646,0.602743,40
