Case,X,Y,Z,a,v,index
18,-0.3197303,0.6194752,0.4106252,0
18,-0.2087148,0.6101577,0.410969,1
18,-0.2570816,0.7980679,0.5079134,2
18,-0.4690032,0.7035824,0.4237639,3
18,-0.0624736,0.6044362,0.5313745,4
18,0.05628341,0.6324747,0.6144934,5
18,-0.1454047,0.7282166,0.4795744,6
18,-0.3799525,0.8175563,0.4943374,7
18,-0.00446102,0.7480824,0.6833243,8
18,-0.02904853,0.9619017,0.4409084,9
18,0.04199016,1.132201,0.4788566,10
18,-0.09693056,1.048947,0.5884186,11
18,-0.4669473,0.888384,0.394913,12
18,0.1763592,0.6927515,0.4506899,13
18,0.1357405,1.063312,0.4928244,14
18,0.2421894,0.8051753,0.5027424,15
18,0.3385248,1.003764,0.5468611,16
18,-0.3852154,0.9737144,0.5449167,17
18,-0.4813076,1.145322,0.4744956,18
18,-0.4830022,1.026774,0.4273507,19
18,-0.05220798,1.223658,0.6209614,20
18,0.3857364,0.7432073,0.5236282,21
18,-0.06575927,1.471786,0.5122944,22
18,0.2772986,0.9111686,0.6475814,23
18,0.0461691,1.477745,0.6814465,24
18,0.1881331,1.435242,0.4284354,25
18,-0.05229598,1.587889,0.492295,26
18,0.431295,0.8449447,0.5258462,27
18,-0.2369038,1.430692,0.4968037,28
18,-0.3618361,1.267425,0.4567667,29
18,0.3197973,1.405741,0.4180119,30
18,0.297629,0.6198196,0.5351487,31
18,0.1581602,1.557489,0.4735606,32
18,-0.2277676,1.585827,0.4490619,33
18,0.4473408,1.089912,0.4054976,34
18,-0.3464934,1.466601,0.5256638,35
18,0.4660434,1.202582,0.4157366,36
18,-0.466611,1.316482,0.4333197,37
18,0.4438223,0.6372915,0.6089392,38
18,-0.4563255,1.553414,0.5624629,39
18,-0.4967608,1.444587,0.4067416,40
18,-0.3451278,1.590344,0.3919439,41
18,0.3506388,1.560984,0.4188281,42
18,0.4849116,1.592799,0.4228786,43
18,0.4533786,1.38444,0.5808474,44
18,0.4554065,0.9736408,0.5233668,45
