Case,X,Y,Z,a,v,index
24,0.3399369,1.216096,0.4646194,0
24,0.06045675,1.242463,0.5278261,1
24,0.09575808,1.128646,0.4624284,2
24,-0.04675952,1.160851,0.6183193,3
24,0.324496,0.9866744,0.6796125,4
24,0.1130248,0.7565259,0.6292869,5
24,0.4371348,1.323224,0.6494825,6
24,0.01219052,0.993651,0.6771858,7
24,0.4899578,1.448773,0.4282753,8
24,-0.08088779,0.7157208,0.4759694,9
24,0.2798242,1.393262,0.4124818,10
24,0.4326222,1.079491,0.5811538,11
24,0.231475,1.499813,0.6216451,12
24,0.1813222,0.66944,0.541604,13
24,0.2114862,0.8323228,0.5062079,14
24,0.347777,1.531862,0.6713178,15
24,0.04579347,0.6181342,0.3879074,16
24,0.3789772,0.7554146,0.407308,17
24,0.4534262,0.9606633,0.532708,18
24,-0.1630268,0.6355991,0.435152,19
24,0.4731272,1.594054,0.4536708,20
24,0.3481997,0.8743489,0.4438559,21
24,-0.09415591,1.049701,0.5862362,22
24,-0.3062166,0.7568684,0.475297,23
24,0.09968913,1.580411,0.5336246,24
24,-0.01366416,1.448282,0.4769351,25
24,0.4947066,0.8434402,0.4887944,26
24,0.4692273,0.666739,0.4310015,27
24,0.3015789,0.6701624,0.4075589,28
24,-0.2236644,1.392837,0.5661755,29
24,-0.3491482,0.8810123,0.675277,30
24,-0.08311296,1.559227,0.5281993,31
24,0.4901053,1.173903,0.6462499,32
24,-0.4858206,0.7401143,0.4248452,33
24,-0.4827951,0.8773026,0.4634033,34
24,-0.3259304,1.586941,0.5014684,35
24,-0.3852929,0.6316778,0.483282,36
24,-0.4429477,1.002318,0.4638343,37
24,-0.4158984,1.272499,0.534295,38
24,-0.4854766,1.113615,0.6220168,39
24,-0.2744391,0.6213977,0.5824879,40
24,-0.3660442,1.457761,0.6607308,41
24,-0.2118069,1.579481,0.6217458,42
24,-0.4868219,1.46849,0.5015877,43
24,-0.4970936,0.6127017,0.4060455,44
24,-0.3013878,1.302453,0.4548713,45
