Case,X,Y,Z,a,v,index
5,-0.4236917,1.379919,0.6037588,0
5,-0.3510343,1.262049,0.5063019,1
5,-0.3361703,1.401426,0.548242,2
5,-0.2401728,1.387114,0.395935,3
5,-0.2411543,1.5293,0.4743072,4
5,-0.3230801,1.584775,0.4449108,5
5,-0.3627274,1.492598,0.4642518,6
5,-0.4580184,1.515637,0.430115,7
5,-0.1536907,1.287405,0.5239668,8
5,-0.05333394,1.303264,0.4906805,9
5,-0.05583203,1.143731,0.4576162,10
5,-0.07240149,1.501744,0.4758778,11
5,-0.1364601,1.570014,0.6830124,12
5,-0.471402,1.3013,0.570332,13
5,0.02413112,1.492545,0.4916489,14
5,-0.1672006,1.120064,0.4763982,15
5,0.1189915,1.497894,0.6468629,16
5,0.2345369,1.550643,0.4178801,17
5,0.3629864,1.469936,0.5743771,18
5,0.1232017,1.228761,0.4323933,19
5,0.2808809,1.369057,0.417661,20
5,0.08693916,1.057127,0.5347174,21
5,-0.4637375,1.189993,0.5092226,22
5,-0.1352412,0.9581932,0.5156339,23
5,0.3867007,1.30795,0.4589119,24
5,-0.009540647,1.581754,0.4154159,25
5,0.3399487,1.200396,0.5350922,26
5,0.2704908,1.461383,0.5093956,27
5,0.4069086,1.589145,0.4455409,28
5,-0.04334083,0.9708633,0.4366796,29
5,0.2017173,1.167466,0.584703,30
5,-0.007267088,0.871531,0.4174612,31
5,-0.2159352,0.9983559,0.5985509,32
5,0.09386945,1.591269,0.6043202,33
5,0.02137649,1.193545,0.5085856,34
5,-0.4985571,1.030431,0.5034814,35
5,-0.4144136,0.9731382,0.5097873,36
5,0.0853501,0.9439493,0.6020583,37
5,0.4943095,1.555588,0.6403993,38
5,0.4562805,1.378667,0.5051146,39
5,-0.270602,0.8584629,0.481474,40
5,0.2002844,0.9856838,0.3936574,41
5,0.4247269,1.155584,0.4114727,42
5,-0.1098399,0.7017295,0.4509558,43
5,-0.3872759,1.125813,0.4545999,44
5,-0.3302666,0.927451,0.393461,45
5,-0.2691538,0.6720788,0.3964443,46
5,-0.3409866,1.028156,0.4672616,47
5,0.006391108,0.7155195,0.652642,48
5,0.008321166,0.6248311,0.455382,49
5,0.4186081,1.051881,0.4803926,50
5,0.1393548,0.6704996,0.5248622,51
5,0.288992,0.7344834,0.557497,52
5,-0.09754995,1.06045,0.5114608,53
5,0.3994049,0.9462279,0.6220809,54
5,0.3050218,0.9214715,0.6865094,55
5,-0.3435917,0.8035582,0.5695403,56
5,0.3695582,0.8021809,0.3908909,57
5,-0.3611657,0.6928428,0.4884263,58
5,-0.4740769,0.823333,0.411677,59
5,-0.491163,0.6561128,0.5361913,60
5,-0.1638312,0.6028852,0.4676831,61
5,0.207973,0.606837,0.3882235,62
5,0.3568868,0.6285788,0.4776355,63
5,0.4701678,0.8865024,0.6025733,64
5,0.4807681,0.7374817,0.6236982,65
5,0.4945419,0.629858,0.3889753,66
5,0.1833881,0.7634553,0.4165357,67
