Case,X,Y,Z,a,v,index
12,0.3701242,1.182277,0.4211512,0
12,0.4444676,0.9063593,0.6434211,1
12,0.4464175,0.7760707,0.4130439,2
12,0.4508157,1.055449,0.464384,3
12,0.3671234,0.7092783,0.4074603,4
12,0.4833163,0.6515536,0.4504377,5
12,0.2784894,0.7650559,0.6066036,6
12,0.3980064,0.6140435,0.5244356,7
12,0.3440878,0.8480085,0.6508176,8
12,0.282422,0.647531,0.5884539,9
12,0.1961098,0.7117429,0.4732502,10
12,0.4660882,1.20957,0.3914446,11
12,0.08959901,0.9824455,0.4914532,12
12,0.3844547,0.9908252,0.4363928,13
12,0.1337953,0.6122114,0.4935581,14
12,0.009563386,0.6574029,0.5780498,15
12,0.1806495,1.140012,0.6401578,16
12,0.03207695,0.881165,0.5707452,17
12,0.2033603,1.012025,0.5246965,18
12,0.03188789,1.153444,0.4166954,19
12,0.37257,1.357161,0.5590237,20
12,-0.12775,0.9879413,0.4725509,21
12,-0.09095055,0.6862608,0.4000137,22
12,-0.1839049,0.7346189,0.556824,23
12,-0.09615824,1.255751,0.3916363,24
12,0.308668,1.443402,0.47733,25
12,-0.0161126,1.042437,0.3994778,26
12,0.1031228,1.266988,0.4858784,27
12,-0.002684087,1.330394,0.518545,28
12,0.2113459,1.442386,0.5115163,29
12,-0.1159263,1.124254,0.4670217,30
12,-0.1477376,0.6067415,0.6588728,31
12,-0.3200582,0.815388,0.4830207,32
12,-0.3080754,0.7189139,0.3872833,33
12,-0.2495917,0.634572,0.4018304,34
12,0.09215504,0.7038483,0.4429606,35
12,-0.1917458,1.211375,0.4176073,36
12,0.4096038,1.463017,0.4133976,37
12,0.4819146,1.322052,0.5122598,38
12,0.3888232,1.588351,0.395145,39
12,0.203669,1.573551,0.48296,40
12,-0.4039194,0.6580697,0.5009362,41
12,0.09507221,1.469456,0.4238919,42
12,-0.02443889,1.455598,0.5974691,43
12,-0.4470902,0.8394509,0.6202217,44
12,-0.3998196,0.7513408,0.6481388,45
12,-0.1451267,1.480111,0.4938657,46
12,-0.380179,1.127614,0.4817494,47
12,-0.4805922,0.9823921,0.4535534,48
12,-0.4944677,0.7246354,0.4018016,49
12,-0.28488,1.349129,0.5328692,50
12,-0.4280325,1.26663,0.4625062,51
12,-0.2887229,1.445024,0.4663831,52
12,-0.4770563,1.109232,0.4171385,53
12,-0.3801252,1.49747,0.3923685,54
12,0.3036092,1.553356,0.5505644,55
12,-0.3947157,1.015061,0.4541616,56
12,-0.3955244,1.37256,0.4753426,57
12,-0.2868976,1.575961,0.6617407,58
12,0.08557433,1.573303,0.3941141,59
12,0.4675968,1.544808,0.5457534,60
12,-0.4768232,1.415926,0.6459739,61
12,-0.4756763,1.589185,0.5083768,62
12,-0.491528,0.6267601,0.5209353,63
12,-0.1375423,1.598808,0.5189204,64
12,-0.006308049,1.573166,0.4865345,65
