Case,X,Y,Z,a,v,index
15,-0.09231296,0.6553661,0.4159734,0
15,0.1036015,0.6733572,0.4710227,1
15,0.01235992,0.6099758,0.4769679,2
15,0.2154669,0.6265669,0.5818924,3
15,-0.2740204,0.6724259,0.5407882,4
15,0.3446485,0.6320571,0.4258584,5
15,0.3713085,0.7707636,0.5803614,6
15,-0.1668584,0.7924962,0.4886075,7
15,0.4507063,0.9519517,0.3991573,8
15,-0.3000184,0.8777623,0.4130113,9
15,0.04450941,1.007814,0.4908954,10
15,-0.4381813,0.767274,0.4937778,11
15,0.2577174,0.7533494,0.66594,12
15,-0.4070268,0.6073884,0.5343987,13
15,0.3478838,1.013041,0.4344396,14
15,-0.09455866,1.124677,0.4935868,15
15,-0.06408998,0.9785857,0.4647135,16
15,0.3659194,1.123966,0.4197163,17
15,0.4770021,0.6270764,0.5355923,18
15,0.4947848,1.152555,0.4429823,19
15,0.3144808,0.88965,0.4091399,20
15,0.4901394,0.7652312,0.5079176,21
15,0.07217544,1.143998,0.4699374,22
15,0.328065,1.230495,0.593518,23
15,-0.4099138,1.00484,0.4128844,24
15,0.411155,1.399091,0.4893941,25
15,-0.3480504,1.282832,0.6271642,26
15,-0.4171035,1.191808,0.4186251,27
15,0.2607092,1.432945,0.5725912,28
15,-0.4404407,1.355422,0.5342429,29
15,-0.4888638,1.083289,0.4199825,30
15,-0.462481,0.8916916,0.4646639,31
15,0.4243038,1.542533,0.4295953,32
15,0.4598138,1.275589,0.4478822,33
15,-0.3660868,1.522563,0.4424939,34
15,0.2492132,1.553217,0.4135769,35
15,0.1300951,1.557388,0.5118648,36
15,-0.06219414,1.501617,0.4108424,37
15,-0.3289775,1.399726,0.5200058,38
15,-0.2322729,1.561256,0.4175479,39
15,-0.485131,1.563861,0.6523517,40
