Case,X,Y,Z,a,v,index
39,0.3488177,0.778896,0.4325652,0
39,0.3008358,0.697028,0.4812393,1
39,0.4347376,0.6616335,0.4812597,2
39,0.4536091,0.8791662,0.4415012,3
39,0.469316,0.7732154,0.4190293,4
39,0.303499,0.6022884,0.5244626,5
39,0.4362853,1.009791,0.4843421,6
39,0.4921825,1.09003,0.530905,7
39,0.2136672,1.06798,0.4105113,8
39,0.4540554,1.203233,0.4991808,9
39,0.3462772,0.8885531,0.4197538,10
39,0.1992872,0.742202,0.4404753,11
39,0.1511558,0.6208963,0.4286203,12
39,0.09459203,0.7237913,0.5025507,13
39,0.3664721,1.22648,0.5256785,14
39,0.01683468,0.6572207,0.4269868,15
39,0.09791124,1.003045,0.4991117,16
39,0.2694829,1.346195,0.4519528,17
39,-0.04950175,0.7397292,0.4255749,18
39,0.4477885,1.34988,0.5838567,19
39,0.05844051,1.102358,0.524942,20
39,-0.1490551,0.6450445,0.3905963,21
39,-0.05454108,0.9386307,0.4523258,22
39,0.2576457,0.8286129,0.6570997,23
39,-0.1833769,0.7980596,0.4998733,24
39,0.1739385,1.182791,0.4483366,25
39,0.06532264,1.192267,0.4284953,26
39,0.3663334,1.414148,0.5851141,27
39,-0.05846703,1.178781,0.6530732,28
39,0.1211624,1.277744,0.6080311,29
39,-0.2739692,0.6033288,0.6725649,30
39,-0.360884,0.802093,0.4876699,31
39,-0.3686657,0.9135329,0.4697042,32
39,-0.271823,0.7781336,0.4996879,33
39,0.3106644,1.544148,0.5105036,34
39,-0.07319194,1.089597,0.4742203,35
39,-0.461977,0.9921564,0.5340981,36
39,-0.4426965,0.7587916,0.6096309,37
39,-0.4118688,1.141658,0.4760367,38
39,0.4530125,1.510748,0.4314269,39
39,-0.3675558,0.6743289,0.6810728,40
39,-0.4503772,0.6142411,0.6765529,41
39,0.4054822,1.590431,0.4963639,42
39,0.4940095,1.42846,0.4614235,43
39,-0.4615832,0.8611921,0.4935578,44
39,-0.1720218,1.029858,0.4586535,45
39,-0.1882941,1.121469,0.6656391,46
39,-0.005484343,1.017635,0.4658887,47
39,-0.4927758,1.080562,0.458667,48
39,-0.129785,1.282464,0.5680457,49
39,0.1338615,1.55652,0.6781226,50
39,0.05117142,1.337271,0.4915295,51
39,0.2737904,1.451555,0.593586,52
39,0.2217969,1.588822,0.4888595,53
39,-0.0623205,1.34612,0.639932,54
39,-0.3465214,1.333844,0.5099928,55
39,-0.3321229,1.441937,0.5731794,56
39,-0.03568828,1.524695,0.4774641,57
39,-0.3659637,1.221476,0.5605505,58
39,-0.4825236,1.350485,0.4617794,59
39,-0.2203856,1.46721,0.4947817,60
39,-0.4825652,1.23419,0.4061489,61
39,-0.1104492,1.58437,0.6048758,62
39,-0.2681144,1.55238,0.4209754,63
39,0.02951533,1.593865,0.4809009,64
39,-0.4725565,1.452929,0.5823488,65
39,-0.4162961,1.582988,0.4788532,66
39,-0.1087166,1.461608,0.5668864,67
