Case,X,Y,Z,a,v,index
11,0.3588893,0.9727112,0.5034919,0
11,0.4445763,1.120768,0.6131246,1
11,0.2727348,0.8244041,0.4325521,2
11,0.4860983,0.8360485,0.6458279,3
11,0.4961923,0.9492582,0.5029058,4
11,0.4133341,0.742942,0.4388211,5
11,0.4821128,1.29802,0.4077169,6
11,0.3383225,1.201219,0.4489731,7
11,0.3596972,1.317145,0.5056831,8
11,0.4996827,0.6452807,0.4961295,9
11,0.2199641,0.6849734,0.5101863,10
11,0.02091908,0.7438676,0.5018416,11
11,0.05184555,1.171961,0.5369615,12
11,0.3126619,1.516245,0.4904585,13
11,0.3536053,0.6493203,0.4586914,14
11,0.4322906,1.512083,0.6042379,15
11,-0.1710542,0.6498024,0.5074175,16
11,0.1229318,1.431629,0.5361004,17
11,-0.04110673,1.458125,0.5631899,18
11,0.1335372,1.562632,0.6630653,19
11,-0.05982941,0.6241964,0.4049344,20
11,-0.0555242,1.218474,0.4411425,21
11,0.08615303,1.017264,0.5363306,22
11,-0.1865948,1.451104,0.4947506,23
11,-0.2728754,0.7747773,0.472491,24
11,0.1039367,0.6485724,0.3908231,25
11,-0.3836118,0.6569952,0.589426,26
11,-0.2414638,1.547078,0.5377303,27
11,0.1605784,0.7914662,0.5906359,28
11,-0.03829563,1.106578,0.4421037,29
11,-0.3153285,1.427367,0.5803028,30
11,-0.4083531,1.522311,0.4532629,31
11,-0.3947192,0.8408597,0.4071773,32
11,-0.4979753,0.784469,0.653865,33
11,-0.04310149,1.592506,0.5177227,34
11,-0.3734608,1.235112,0.3917306,35
11,-0.2770919,0.6054934,0.5005315,36
11,-0.4675074,1.299301,0.603083,37
11,-0.3660882,1.106293,0.5763628,38
11,-0.4800426,1.4105,0.6081439,39
11,-0.3925228,0.9967386,0.4615586,40
11,-0.4781294,0.9149764,0.6400849,41
11,-0.4680358,1.162902,0.4038656,42
11,-0.09689578,0.7324659,0.6565959,43
