Case,X,Y,Z,a,v,index
13,0.2374204,1.416169,0.496759,0
13,0.01707071,1.174902,0.4236701,1
13,0.1169671,1.083888,0.5256916,2
13,0.3886437,1.383337,0.516389,3
13,-0.1501259,1.511472,0.5312784,4
13,0.1741068,1.528488,0.4400684,5
13,0.3574032,1.55749,0.4109292,6
13,0.3633232,1.190615,0.5319816,7
13,-0.2736042,1.473994,0.6018556,8
13,0.4045701,1.014522,0.3960578,9
13,0.08776224,1.433252,0.5834771,10
13,0.05818027,1.544065,0.4751393,11
13,0.1841953,0.783972,0.5232017,12
13,-0.04592878,1.585732,0.4807775,13
13,0.01133364,0.9981082,0.4550549,14
13,-0.1376089,1.133049,0.3999389,15
13,0.4812289,1.55835,0.4444758,16
13,0.3913856,0.8451251,0.4939686,17
13,-0.3587896,1.569553,0.4748216,18
13,-0.4691948,1.564839,0.5757104,19
13,-0.402465,1.395509,0.4831832,20
13,0.4987053,1.432522,0.68677,21
13,0.2859144,0.8824232,0.6491936,22
13,-0.2344298,1.596866,0.589398,23
13,-0.269043,1.351736,0.4454418,24
13,-0.03835362,0.7215165,0.5281363,25
13,-0.4881066,1.197614,0.4538417,26
13,-0.4869292,1.310638,0.5554674,27
13,-0.4715477,1.08322,0.476929,28
13,0.4624163,0.7373957,0.6709227,29
13,-0.2286435,0.7129505,0.5742514,30
13,-0.4012097,0.9936879,0.513247,31
13,0.3526391,0.6969854,0.5671647,32
13,-0.3666611,1.127537,0.4090855,33
13,0.1518359,0.6408662,0.4352077,34
13,0.4897081,1.300762,0.4663599,35
13,-0.2991646,0.8779497,0.4135241,36
13,0.43754,0.6008942,0.5585718,37
13,-0.4450197,0.783393,0.6139699,38
13,0.3079759,1.291732,0.6242545,39
13,-0.344888,0.6615737,0.5291514,40
13,-0.4813432,0.6105803,0.627066,41
13,0.2669009,0.6119646,0.4962985,42
13,0.4741753,1.166401,0.4140552,43
13,-0.1079799,0.6355541,0.4029587,44
13,-0.4980966,0.9363323,0.4908423,45
13,0.03700984,0.6349926,0.4517465,46
