Case,X,Y,Z,a,v,index
35,-0.4236917,1.379919,0.423251,0
35,-0.3510343,1.262049,0.4475418,1
35,-0.3361703,1.401426,0.4737013,2
35,-0.2401728,1.387114,0.6007655,3
35,-0.2411543,1.5293,0.5125336,4
35,-0.3230801,1.584775,0.4940906,5
35,-0.3627274,1.492598,0.6826643,6
35,-0.4580184,1.515637,0.444658,7
35,-0.1536907,1.287405,0.4018665,8
35,-0.05333394,1.303264,0.4104955,9
35,-0.05583203,1.143731,0.464203,10
35,-0.07240149,1.501744,0.5426656,11
35,-0.1364601,1.570014,0.478561,12
35,-0.471402,1.3013,0.4576494,13
35,0.02413112,1.492545,0.5009058,14
35,-0.1672006,1.120064,0.4728437,15
35,0.1189915,1.497894,0.4012944,16
35,0.2345369,1.550643,0.5112647,17
35,0.3629864,1.469936,0.5023105,18
35,0.1232017,1.228761,0.4563748,19
35,0.2808809,1.369057,0.6272197,20
35,0.08693916,1.057127,0.4740871,21
35,-0.4637375,1.189993,0.5222675,22
35,-0.1352412,0.9581932,0.6472319,23
35,0.3867007,1.30795,0.4706578,24
35,-0.009540647,1.581754,0.4725456,25
35,0.3399487,1.200396,0.4331308,26
35,0.2704908,1.461383,0.440228,27
35,0.4069086,1.589145,0.3908323,28
35,-0.04334083,0.9708633,0.523195,29
35,0.2017173,1.167466,0.6769422,30
35,-0.007267088,0.871531,0.4237735,31
35,-0.2159352,0.9983559,0.494882,32
35,0.09386945,1.591269,0.5485637,33
35,0.02137649,1.193545,0.4390118,34
35,-0.4985571,1.030431,0.6496316,35
35,-0.4144136,0.9731382,0.4818727,36
35,0.0853501,0.9439493,0.63603,37
35,0.4943095,1.555588,0.535691,38
35,0.4562805,1.378667,0.4922431,39
35,-0.270602,0.8584629,0.4153211,40
35,0.2002844,0.9856838,0.6133367,41
35,0.4247269,1.155584,0.4374171,42
35,-0.1098399,0.7017295,0.4556141,43
35,-0.3872759,1.125813,0.4066586,44
35,-0.3302666,0.927451,0.4839537,45
35,-0.2691538,0.6720788,0.436087,46
35,-0.3409866,1.028156,0.4512886,47
35,0.006391108,0.7155195,0.4697841,48
35,0.008321166,0.6248311,0.5377011,49
35,0.4186081,1.051881,0.5310235,50
35,0.1393548,0.6704996,0.5374248,51
35,0.288992,0.7344834,0.4524998,52
35,-0.09754995,1.06045,0.5343812,53
35,0.3994049,0.9462279,0.5086582,54
35,0.3050218,0.9214715,0.4639303,55
35,-0.3435917,0.8035582,0.4115857,56
35,0.3695582,0.8021809,0.4836259,57
35,-0.3611657,0.6928428,0.4983577,58
35,-0.4740769,0.823333,0.4349756,59
35,-0.491163,0.6561128,0.4734092,60
35,-0.1638312,0.6028852,0.4791716,61
35,0.207973,0.606837,0.4224436,62
35,0.3568868,0.6285788,0.3916405,63
35,0.4701678,0.8865024,0.4421495,64
35,0.4807681,0.7374817,0.4569159,65
35,0.4945419,0.629858,0.4060985,66
35,0.1833881,0.7634553,0.6746175,67
