Case,X,Y,Z,a,v,index
10,-0.2139462,1.558106,0.6766081,0
10,-0.312893,1.363231,0.6470207,1
10,-0.1634072,1.425771,0.5286201,2
10,-0.3818776,1.513147,0.3910913,3
10,-0.4139592,1.297595,0.5314061,4
10,-0.4787642,1.571647,0.6030996,5
10,-0.4879319,1.119081,0.4967425,6
10,-0.02884799,1.574603,0.4437377,7
10,-0.3709755,1.188385,0.4764547,8
10,-0.1203653,1.13903,0.5489215,9
10,0.07355362,1.051338,0.5225313,10
10,-0.347259,1.022236,0.3942731,11
10,-0.4823675,1.454529,0.5207462,12
10,0.008552849,1.213364,0.5329335,13
10,-0.04575506,0.9980557,0.4967381,14
10,0.1665425,1.538146,0.5081548,15
10,3.385544E-05,1.447765,0.6655055,16
10,-0.3680019,0.8980531,0.6432024,17
10,-0.4881732,0.9372178,0.4548873,18
10,-0.3772328,0.7559019,0.4428611,19
10,-0.2645843,0.8185373,0.5315766,20
10,-0.2186997,0.6059503,0.4067638,21
10,0.2025394,0.7262005,0.5885867,22
10,0.411364,0.7432996,0.4731136,23
10,0.03496486,0.646644,0.581292,24
10,-0.1395552,0.7348905,0.5821893,25
10,0.1429704,0.6020206,0.509545,26
10,-0.3421207,0.6203352,0.5434722,27
10,0.2671021,1.491992,0.6319724,28
10,0.3027369,0.8099682,0.4744399,29
10,0.4015216,0.8833902,0.511355,30
10,0.3538025,1.033955,0.6406379,31
10,0.3916457,1.46385,0.4395874,32
10,0.4734548,1.088447,0.3969836,33
10,0.3053972,0.640545,0.4757857,34
10,0.324824,1.224478,0.4540599,35
10,0.4673586,1.296658,0.6637092,36
10,0.3530414,1.359789,0.4253517,37
10,-0.4988022,0.6248736,0.5191904,38
10,0.4886268,0.6160533,0.4076221,39
10,0.3725733,1.594157,0.4839312,40
10,-0.478303,0.81604,0.5891588,41
10,0.4835764,1.567441,0.4131196,42
