Case,X,Y,Z,a,v,index
32,0.05079788,1.308148,0.4344505,0
32,0.1459917,1.241543,0.460834,1
32,0.1693931,1.078866,0.430575,2
32,-0.0791142,1.223945,0.4715592,3
32,0.07027918,0.9611352,0.6838373,4
32,-0.09468779,1.316744,0.3925554,5
32,-0.07863191,1.090083,0.4884835,6
32,0.3448468,1.323277,0.6820101,7
32,0.1690649,0.9452651,0.5438119,8
32,0.04739827,1.205556,0.3920863,9
32,0.06696564,1.10451,0.5187951,10
32,0.1252836,1.543598,0.5453131,11
32,-0.1906662,1.095382,0.5039088,12
32,0.3551239,1.467647,0.4448133,13
32,0.2571737,1.436243,0.4844459,14
32,0.22158,1.537907,0.4017328,15
32,-0.1890076,0.9789701,0.5355293,16
32,0.3145724,0.8551703,0.4216566,17
32,0.4381212,1.105805,0.6411183,18
32,0.03310418,1.59417,0.5830889,19
32,0.4954886,1.367148,0.4348167,20
32,0.3629673,0.9336675,0.4585938,21
32,-0.07003108,0.9964809,0.4458998,22
32,0.4765726,1.520358,0.3896529,23
32,0.3246013,1.554535,0.63878,24
32,0.4103707,1.017673,0.4678103,25
32,0.4157097,1.208416,0.4436946,26
32,-0.05328238,1.432814,0.4020261,27
32,0.1747215,0.6907867,0.5192656,28
32,-0.2765987,1.434675,0.441247,29
32,0.2005388,1.16468,0.4634931,30
32,-0.4699368,1.039769,0.5185239,31
32,0.3933087,0.8013205,0.6840063,32
32,-0.1685671,1.468921,0.4307325,33
32,-0.347912,1.167507,0.4327,34
32,0.2746617,0.7620283,0.49365,35
32,-0.3304916,1.520158,0.5162302,36
32,-0.1214219,0.8968913,0.518006,37
32,-0.3169752,1.280689,0.4977412,38
32,-0.08816075,1.55222,0.4225395,39
32,-0.3481826,0.9532686,0.5484086,40
32,0.03939092,1.449044,0.5179454,41
32,0.08432215,0.7112563,0.5175762,42
32,-0.4401827,1.58776,0.5354506,43
32,0.4561779,0.9181718,0.4516491,44
32,0.4785457,0.7720386,0.6342137,45
32,-0.2407038,1.541528,0.4172137,46
32,-0.4053341,1.378944,0.6208189,47
32,0.4135481,0.6522281,0.6194793,48
32,-0.4351551,1.492505,0.3971509,49
32,-0.2902859,0.8763486,0.5151956,50
32,0.3218424,0.6032621,0.4866953,51
32,-0.3832163,0.7834972,0.4114667,52
32,-0.4756298,1.290986,0.4644327,53
32,-0.1776757,1.235185,0.4166261,54
32,-0.484624,1.169293,0.6642267,55
32,-0.07033187,0.6573662,0.528302,56
32,-0.4707502,0.9165218,0.6283736,57
32,-0.4929003,0.7798056,0.6600262,58
32,0.01394135,0.6228281,0.4717492,59
32,-0.2207002,0.7783105,0.5328387,60
32,-0.2913744,0.7142367,0.5217711,61
32,-0.1404151,0.7312087,0.4769999,62
32,-0.1889148,0.6383536,0.5271219,63
32,-0.4394311,0.6377807,0.5242289,64
32,-0.2761074,0.6109136,0.5092527,65
32,-0.0189079,0.910104,0.4837877,66
