Case,X,Y,Z,a,v,index
6,0.1503742,1.105453,0.4030413,0
6,0.2652519,0.8869836,0.4017602,1
6,0.00965488,1.110198,0.6117762,2
6,0.4148624,1.108986,0.4574503,3
6,0.2683337,1.404044,0.3899487,4
6,0.3990864,1.320777,0.4980334,5
6,-0.1407425,1.160795,0.6323352,6
6,0.125744,1.492939,0.4744487,7
6,-0.1260976,1.458038,0.5660042,8
6,-0.03289402,1.001854,0.4724804,9
6,0.4333869,1.512408,0.6049291,10
6,0.04926842,1.572926,0.4770974,11
6,0.4902207,1.1929,0.3887557,12
6,0.2572667,1.514809,0.453288,13
6,-0.1939112,1.367578,0.5926695,14
6,0.4098923,0.9534307,0.5478352,15
6,0.4287662,0.7709529,0.4586354,16
6,0.1534364,0.7708679,0.436981,17
6,0.3271669,0.6391824,0.4669646,18
6,-0.2618656,1.493422,0.4817808,19
6,0.1788677,0.6150171,0.4398502,20
6,-0.04033139,0.6844602,0.4064367,21
6,-0.2123614,0.8288589,0.5927282,22
6,-0.1882064,0.703989,0.5428208,23
6,-0.405256,1.423318,0.5341463,24
6,-0.3478466,1.573303,0.4910536,25
6,-0.3598947,0.9974327,0.561608,26
6,0.4951141,0.6291238,0.6027143,27
6,0.296602,0.7740636,0.5264943,28
6,-0.4848161,1.247143,0.6188968,29
6,-0.3899602,1.104665,0.6721901,30
6,0.08525407,0.6781737,0.5508244,31
6,-0.3706748,0.8240129,0.5763807,32
6,-0.4931551,1.49756,0.6574038,33
6,-0.1096162,1.599438,0.4028964,34
6,-0.4510778,0.6402363,0.4386197,35
6,-0.3134905,0.6974298,0.3946501,36
6,-0.3163974,1.339981,0.6082355,37
6,-0.4786918,0.9309626,0.5033622,38
6,-0.4987665,1.082841,0.490962,39
