Case,X,Y,Z,a,v,index
14,-0.1152269,1.459708,0.6709478,0
14,0.08639407,1.14352,0.5298737,1
14,-0.2957572,1.355853,0.4549008,2
14,-0.1006594,1.210386,0.448106,3
14,0.1747785,1.422019,0.5653587,4
14,0.0797019,1.585255,0.4976947,5
14,0.3974426,1.175603,0.4992592,6
14,0.1339665,1.035326,0.5985748,7
14,0.2134618,1.578127,0.4642004,8
14,0.2675947,1.354327,0.5156172,9
14,0.3676519,0.9931097,0.6167912,10
14,-0.1867914,1.375142,0.6135727,11
14,-0.4080095,1.388047,0.4449944,12
14,0.3123724,1.482345,0.404463,13
14,0.003992617,1.487729,0.5019602,14
14,-0.2670633,1.576562,0.430108,15
14,0.4307281,1.530177,0.6503844,16
14,-0.2237729,0.7959017,0.6381946,17
14,-0.418207,1.518465,0.4308963,18
14,0.422358,1.407844,0.6196803,19
14,-0.3420761,0.8170471,0.5035059,20
14,-0.3194771,1.469309,0.5310341,21
14,-0.005096912,1.042447,0.4478009,22
14,-0.1188856,1.575455,0.4226155,23
14,0.4711949,0.8552654,0.4139766,24
14,-0.3687426,1.267335,0.4128094,25
14,-0.3698151,1.004688,0.6027947,26
14,-0.09956709,0.7048731,0.5354232,27
14,0.01950109,1.240084,0.4934168,28
14,-0.3650328,0.6819937,0.584415,29
14,-0.4998064,0.8295761,0.4027204,30
14,-0.4837612,0.945189,0.5274495,31
14,0.1039754,0.7678976,0.5400924,32
14,-0.4697825,1.084587,0.4512881,33
14,0.08473557,0.6127239,0.5210605,34
14,-0.2064633,0.6379846,0.4578483,35
14,0.4887085,1.049595,0.5058851,36
14,0.2644665,0.6705368,0.4660157,37
14,0.3045452,0.7759336,0.6370471,38
14,-0.4996241,1.242079,0.4615108,39
14,0.3852997,1.299301,0.454374,40
14,-0.4974052,0.6693391,0.6326964,41
14,0.4931325,1.24607,0.5014774,42
14,0.4408292,0.627739,0.4794688,43
14,0.4145756,0.7570799,0.4138161,44
14,0.3012792,0.8860451,0.5337366,45
14,-0.02699968,0.600678,0.4809127,46
