Case,X,Y,Z,a,v,index
42,0.3701242,1.182277,0.4383996,0
42,0.4444676,0.9063593,0.5989258,1
42,0.4464175,0.7760707,0.5515968,2
42,0.4508157,1.055449,0.4103531,3
42,0.3671234,0.7092783,0.6055578,4
42,0.4833163,0.6515536,0.5336699,5
42,0.2784894,0.7650559,0.3918323,6
42,0.3980064,0.6140435,0.5666577,7
42,0.3440878,0.8480085,0.5340916,8
42,0.282422,0.647531,0.6457036,9
42,0.1961098,0.7117429,0.5954647,10
42,0.4660882,1.20957,0.4773151,11
42,0.08959901,0.9824455,0.6062933,12
42,0.3844547,0.9908252,0.5006105,13
42,0.1337953,0.6122114,0.3978926,14
42,0.009563386,0.6574029,0.4370861,15
42,0.1806495,1.140012,0.4593154,16
42,0.03207695,0.881165,0.6419783,17
42,0.2033603,1.012025,0.6084692,18
42,0.03188789,1.153444,0.4759056,19
42,0.37257,1.357161,0.6600471,20
42,-0.12775,0.9879413,0.6789225,21
42,-0.09095055,0.6862608,0.4425187,22
42,-0.1839049,0.7346189,0.5175037,23
42,-0.09615824,1.255751,0.5293816,24
42,0.308668,1.443402,0.5796741,25
42,-0.0161126,1.042437,0.6251953,26
42,0.1031228,1.266988,0.4124497,27
42,-0.002684087,1.330394,0.5404775,28
42,0.2113459,1.442386,0.6101444,29
42,-0.1159263,1.124254,0.403061,30
42,-0.1477376,0.6067415,0.4364522,31
42,-0.3200582,0.815388,0.4565633,32
42,-0.3080754,0.7189139,0.5179906,33
42,-0.2495917,0.634572,0.5115499,34
42,0.09215504,0.7038483,0.6006401,35
42,-0.1917458,1.211375,0.4880639,36
42,0.4096038,1.463017,0.6283381,37
42,0.4819146,1.322052,0.5942017,38
42,0.3888232,1.588351,0.474627,39
42,0.203669,1.573551,0.6292386,40
42,-0.4039194,0.6580697,0.4786581,41
42,0.09507221,1.469456,0.4889238,42
42,-0.02443889,1.455598,0.6792434,43
42,-0.4470902,0.8394509,0.4329283,44
42,-0.3998196,0.7513408,0.6584949,45
42,-0.1451267,1.480111,0.5835298,46
42,-0.380179,1.127614,0.5981905,47
42,-0.4805922,0.9823921,0.4506099,48
42,-0.4944677,0.7246354,0.3907458,49
42,-0.28488,1.349129,0.5805945,50
42,-0.4280325,1.26663,0.6049629,51
42,-0.2887229,1.445024,0.4294772,52
42,-0.4770563,1.109232,0.6035337,53
42,-0.3801252,1.49747,0.4101907,54
42,0.3036092,1.553356,0.5271057,55
42,-0.3947157,1.015061,0.432773,56
42,-0.3955244,1.37256,0.4151356,57
42,-0.2868976,1.575961,0.44041,58
42,0.08557433,1.573303,0.6268541,59
42,0.4675968,1.544808,0.4098318,60
42,-0.4768232,1.415926,0.4407591,61
42,-0.4756763,1.589185,0.6636667,62
42,-0.491528,0.6267601,0.4282525,63
42,-0.1375423,1.598808,0.5120811,64
42,-0.006308049,1.573166,0.5934731,65
