Case,X,Y,Z,a,v,index
131,0.3588893,0.9727112,0.4032303,0
131,0.4445763,1.120768,0.502784,1
131,0.2727348,0.8244041,0.6154647,2
131,0.4860983,0.8360485,0.4575564,3
131,0.4961923,0.9492582,0.4360335,4
131,0.4133341,0.742942,0.4425421,5
131,0.4821128,1.29802,0.4087383,6
131,0.3383225,1.201219,0.4282085,7
131,0.3596972,1.317145,0.5048396,8
131,0.4996827,0.6452807,0.6155638,9
131,0.2199641,0.6849734,0.4334413,10
131,0.02091908,0.7438676,0.5041636,11
131,0.05184555,1.171961,0.48421,12
131,0.3126619,1.516245,0.4377293,13
131,0.3536053,0.6493203,0.5414383,14
131,0.4322906,1.512083,0.4599996,15
131,-0.1710542,0.6498024,0.4806025,16
131,0.1229318,1.431629,0.4442728,17
131,-0.04110673,1.458125,0.4179081,18
131,0.1335372,1.562632,0.3953039,19
131,-0.05982941,0.6241964,0.5175182,20
131,-0.0555242,1.218474,0.6119339,21
131,0.08615303,1.017264,0.3960025,22
131,-0.1865948,1.451104,0.5216939,23
131,-0.2728754,0.7747773,0.3959968,24
131,0.1039367,0.6485724,0.6469576,25
131,-0.3836118,0.6569952,0.4373479,26
131,-0.2414638,1.547078,0.4827565,27
131,0.1605784,0.7914662,0.6457291,28
131,-0.03829563,1.106578,0.3899506,29
131,-0.3153285,1.427367,0.495944,30
131,-0.4083531,1.522311,0.4916083,31
131,-0.3947192,0.8408597,0.4763066,32
131,-0.4979753,0.784469,0.4977702,33
131,-0.04310149,1.592506,0.4540015,34
131,-0.3734608,1.235112,0.532113,35
131,-0.2770919,0.6054934,0.5513938,36
131,-0.4675074,1.299301,0.5224215,37
131,-0.3660882,1.106293,0.5043812,38
131,-0.4800426,1.4105,0.5478533,39
131,-0.3925228,0.9967386,0.5053387,40
131,-0.4781294,0.9149764,0.517035,41
131,-0.4680358,1.162902,0.4475424,42
131,-0.09689578,0.7324659,0.4230741,43
