Case,X,Y,Z,a,v,index
79,0.2777024,0.8375412,0.6628929,0
79,0.1664311,0.670546,0.5846069,1
79,0.3422856,0.9741812,0.6388457,2
79,0.4003472,1.154662,0.5149751,3
79,0.2638447,0.6128839,0.4035549,4
79,0.3059537,1.315766,0.5131103,5
79,0.3984371,0.8395079,0.4868138,6
79,0.4277458,0.6271738,0.4625734,7
79,0.3543562,0.7339152,0.5020751,8
79,0.1216477,1.088341,0.5088034,9
79,-0.05402845,1.171433,0.5724672,10
79,0.4768794,0.7517662,0.457815,11
79,-0.002332449,1.034669,0.4745606,12
79,-0.1427993,0.747343,0.5577686,13
79,0.4593524,1.056525,0.4589598,14
79,-0.3285619,0.6832511,0.5096169,15
79,-0.1551669,1.116339,0.5027472,16
79,-0.007177621,0.6364384,0.6785374,17
79,0.1095927,1.450091,0.6657008,18
79,0.1670853,0.8043686,0.5445465,19
79,-0.490806,0.6745516,0.6177725,20
79,-0.08754757,1.45082,0.486495,21
79,-0.3920419,0.968031,0.6276653,22
79,0.48711,0.9058129,0.6856571,23
79,-0.3514071,1.211447,0.4274895,24
79,-0.1823549,0.6145123,0.4679668,25
79,-0.3712955,0.8320369,0.3906906,26
79,-0.2263582,0.822596,0.4281902,27
79,-0.4560768,1.059562,0.4125853,28
79,0.00383532,1.516025,0.4256204,29
79,0.4984918,1.36676,0.4493867,30
79,0.2285853,1.484399,0.4149514,31
79,-0.339658,1.075689,0.4768742,32
79,-0.2927218,1.314997,0.4186422,33
79,0.4307065,1.261246,0.4047809,34
79,-0.2014821,1.431201,0.5489982,35
79,-0.1183228,1.561711,0.6232898,36
79,-0.4787096,0.8862045,0.4982971,37
79,0.1500928,1.562711,0.591475,38
79,0.2666546,1.588521,0.4478514,39
79,-0.4767739,1.220574,0.5110574,40
79,-0.3059981,1.480107,0.4300171,41
79,-0.4364218,1.32708,0.4615108,42
79,0.3323421,1.425084,0.4230915,43
79,0.4363207,1.468471,0.5937043,44
79,-0.4561355,1.516689,0.5975736,45
79,0.4200652,1.582513,0.5367704,46
79,-0.263252,1.599532,0.4996115,47
