Case,X,Y,Z,a,v,index
65,-0.4236917,1.379919,0.4801119,0
65,-0.3510343,1.262049,0.6543111,1
65,-0.3361703,1.401426,0.4389181,2
65,-0.2401728,1.387114,0.4090894,3
65,-0.2411543,1.5293,0.3889055,4
65,-0.3230801,1.584775,0.5575558,5
65,-0.3627274,1.492598,0.3980678,6
65,-0.4580184,1.515637,0.5131552,7
65,-0.1536907,1.287405,0.4242871,8
65,-0.05333394,1.303264,0.4624084,9
65,-0.05583203,1.143731,0.4317766,10
65,-0.07240149,1.501744,0.65853,11
65,-0.1364601,1.570014,0.4876868,12
65,-0.471402,1.3013,0.445934,13
65,0.02413112,1.492545,0.6497865,14
65,-0.1672006,1.120064,0.4419143,15
65,0.1189915,1.497894,0.392591,16
65,0.2345369,1.550643,0.5311908,17
65,0.3629864,1.469936,0.6475557,18
65,0.1232017,1.228761,0.4059302,19
65,0.2808809,1.369057,0.3900305,20
65,0.08693916,1.057127,0.5344714,21
65,-0.4637375,1.189993,0.4582413,22
65,-0.1352412,0.9581932,0.5008111,23
65,0.3867007,1.30795,0.4053578,24
65,-0.009540647,1.581754,0.4625501,25
65,0.3399487,1.200396,0.6708132,26
65,0.2704908,1.461383,0.6333315,27
65,0.4069086,1.589145,0.5094642,28
65,-0.04334083,0.9708633,0.5115649,29
65,0.2017173,1.167466,0.5594184,30
65,-0.007267088,0.871531,0.5211108,31
65,-0.2159352,0.9983559,0.5797486,32
65,0.09386945,1.591269,0.4141248,33
65,0.02137649,1.193545,0.4459026,34
65,-0.4985571,1.030431,0.5931046,35
65,-0.4144136,0.9731382,0.5741944,36
65,0.0853501,0.9439493,0.665069,37
65,0.4943095,1.555588,0.4483486,38
65,0.4562805,1.378667,0.5668473,39
65,-0.270602,0.8584629,0.4924866,40
65,0.2002844,0.9856838,0.4451314,41
65,0.4247269,1.155584,0.4147473,42
65,-0.1098399,0.7017295,0.6707674,43
65,-0.3872759,1.125813,0.4980237,44
65,-0.3302666,0.927451,0.4085876,45
65,-0.2691538,0.6720788,0.3969774,46
65,-0.3409866,1.028156,0.424454,47
65,0.006391108,0.7155195,0.4850411,48
65,0.008321166,0.6248311,0.5281374,49
65,0.4186081,1.051881,0.6532246,50
65,0.1393548,0.6704996,0.4731216,51
65,0.288992,0.7344834,0.5058975,52
65,-0.09754995,1.06045,0.5599557,53
65,0.3994049,0.9462279,0.4551256,54
65,0.3050218,0.9214715,0.4580911,55
65,-0.3435917,0.8035582,0.497005,56
65,0.3695582,0.8021809,0.400925,57
65,-0.3611657,0.6928428,0.4590909,58
65,-0.4740769,0.823333,0.4000748,59
65,-0.491163,0.6561128,0.5163391,60
65,-0.1638312,0.6028852,0.5724605,61
65,0.207973,0.606837,0.410578,62
65,0.3568868,0.6285788,0.5460413,63
65,0.4701678,0.8865024,0.5647053,64
65,0.4807681,0.7374817,0.6540874,65
65,0.4945419,0.629858,0.4018489,66
65,0.1833881,0.7634553,0.5237737,67
