Case,X,Y,Z,a,v,index
84,0.3399369,1.216096,0.3916079,0
84,0.06045675,1.242463,0.5900371,1
84,0.09575808,1.128646,0.5156771,2
84,-0.04675952,1.160851,0.4347152,3
84,0.324496,0.9866744,0.4028474,4
84,0.1130248,0.7565259,0.4701909,5
84,0.4371348,1.323224,0.6299548,6
84,0.01219052,0.993651,0.4895971,7
84,0.4899578,1.448773,0.4393639,8
84,-0.08088779,0.7157208,0.4171172,9
84,0.2798242,1.393262,0.5276119,10
84,0.4326222,1.079491,0.4954058,11
84,0.231475,1.499813,0.4865381,12
84,0.1813222,0.66944,0.4396659,13
84,0.2114862,0.8323228,0.4105296,14
84,0.347777,1.531862,0.4565439,15
84,0.04579347,0.6181342,0.5937762,16
84,0.3789772,0.7554146,0.4095494,17
84,0.4534262,0.9606633,0.4619706,18
84,-0.1630268,0.6355991,0.6714464,19
84,0.4731272,1.594054,0.459804,20
84,0.3481997,0.8743489,0.4585539,21
84,-0.09415591,1.049701,0.6818397,22
84,-0.3062166,0.7568684,0.5299069,23
84,0.09968913,1.580411,0.6819191,24
84,-0.01366416,1.448282,0.603114,25
84,0.4947066,0.8434402,0.4388339,26
84,0.4692273,0.666739,0.6192976,27
84,0.3015789,0.6701624,0.4975322,28
84,-0.2236644,1.392837,0.4916152,29
84,-0.3491482,0.8810123,0.4849695,30
84,-0.08311296,1.559227,0.484756,31
84,0.4901053,1.173903,0.4810382,32
84,-0.4858206,0.7401143,0.476776,33
84,-0.4827951,0.8773026,0.3982281,34
84,-0.3259304,1.586941,0.608481,35
84,-0.3852929,0.6316778,0.4827302,36
84,-0.4429477,1.002318,0.4821611,37
84,-0.4158984,1.272499,0.4984754,38
84,-0.4854766,1.113615,0.4558813,39
84,-0.2744391,0.6213977,0.6755514,40
84,-0.3660442,1.457761,0.6617166,41
84,-0.2118069,1.579481,0.4871771,42
84,-0.4868219,1.46849,0.5222233,43
84,-0.4970936,0.6127017,0.6616169,44
84,-0.3013878,1.302453,0.504801,45
