Case,X,Y,Z,a,v,index
17,0.05079788,1.308148,0.6708344,0
17,0.1459917,1.241543,0.4757186,1
17,0.1693931,1.078866,0.5596948,2
17,-0.0791142,1.223945,0.4218114,3
17,0.07027918,0.9611352,0.4573162,4
17,-0.09468779,1.316744,0.6422309,5
17,-0.07863191,1.090083,0.4840045,6
17,0.3448468,1.323277,0.4163979,7
17,0.1690649,0.9452651,0.409038,8
17,0.04739827,1.205556,0.4395208,9
17,0.06696564,1.10451,0.6704092,10
17,0.1252836,1.543598,0.394691,11
17,-0.1906662,1.095382,0.4264546,12
17,0.3551239,1.467647,0.5794272,13
17,0.2571737,1.436243,0.5356848,14
17,0.22158,1.537907,0.4260774,15
17,-0.1890076,0.9789701,0.5772572,16
17,0.3145724,0.8551703,0.4318545,17
17,0.4381212,1.105805,0.4924844,18
17,0.03310418,1.59417,0.4479739,19
17,0.4954886,1.367148,0.5430591,20
17,0.3629673,0.9336675,0.6504824,21
17,-0.07003108,0.9964809,0.535747,22
17,0.4765726,1.520358,0.5976797,23
17,0.3246013,1.554535,0.4014842,24
17,0.4103707,1.017673,0.4858032,25
17,0.4157097,1.208416,0.5866984,26
17,-0.05328238,1.432814,0.6434159,27
17,0.1747215,0.6907867,0.38921,28
17,-0.2765987,1.434675,0.4427249,29
17,0.2005388,1.16468,0.5080837,30
17,-0.4699368,1.039769,0.4889137,31
17,0.3933087,0.8013205,0.4875841,32
17,-0.1685671,1.468921,0.5182335,33
17,-0.347912,1.167507,0.4413007,34
17,0.2746617,0.7620283,0.4653244,35
17,-0.3304916,1.520158,0.4998882,36
17,-0.1214219,0.8968913,0.5125551,37
17,-0.3169752,1.280689,0.6833664,38
17,-0.08816075,1.55222,0.4955817,39
17,-0.3481826,0.9532686,0.3952381,40
17,0.03939092,1.449044,0.5309442,41
17,0.08432215,0.7112563,0.4480053,42
17,-0.4401827,1.58776,0.411842,43
17,0.4561779,0.9181718,0.4733934,44
17,0.4785457,0.7720386,0.5445373,45
17,-0.2407038,1.541528,0.5933502,46
17,-0.4053341,1.378944,0.4919254,47
17,0.4135481,0.6522281,0.4728503,48
17,-0.4351551,1.492505,0.5249088,49
17,-0.2902859,0.8763486,0.5032951,50
17,0.3218424,0.6032621,0.4026621,51
17,-0.3832163,0.7834972,0.4633685,52
17,-0.4756298,1.290986,0.6024295,53
17,-0.1776757,1.235185,0.3946385,54
17,-0.484624,1.169293,0.6714904,55
17,-0.07033187,0.6573662,0.4507526,56
17,-0.4707502,0.9165218,0.4555789,57
17,-0.4929003,0.7798056,0.4484243,58
17,0.01394135,0.6228281,0.5126519,59
17,-0.2207002,0.7783105,0.6142554,60
17,-0.2913744,0.7142367,0.420296,61
17,-0.1404151,0.7312087,0.5462082,62
17,-0.1889148,0.6383536,0.4697045,63
17,-0.4394311,0.6377807,0.4993816,64
17,-0.2761074,0.6109136,0.4479525,65
17,-0.0189079,0.910104,0.5123907,66
