Case,X,Y,Z,a,v,index
167,-0.2780068,1.470732,0.5870549,0
167,-0.3191495,1.34453,0.5835932,1
167,-0.4779992,1.541077,0.49814,2
167,-0.2719156,1.589713,0.5046741,3
167,-0.4088144,1.447086,0.4011439,4
167,-0.1559264,1.556402,0.3969122,5
167,-0.1529751,1.429497,0.5720211,6
167,-0.4471014,1.266195,0.4150691,7
167,-0.396771,1.159251,0.4433545,8
167,0.05855238,1.58949,0.4284827,9
167,-0.08360159,1.214856,0.4789876,10
167,-0.01573643,1.493653,0.4485444,11
167,-0.4964016,1.072494,0.4508566,12
167,0.1883995,1.568918,0.6206527,13
167,-0.3531768,1.054007,0.4146092,14
167,-0.4945068,1.367984,0.5087183,15
167,-0.116456,1.015527,0.5433998,16
167,0.03971308,1.153224,0.6787764,17
167,-0.01982215,0.955097,0.4022654,18
167,-0.4473267,0.9350852,0.3872192,19
167,0.1005943,1.451986,0.4170678,20
167,-0.2611245,0.8642624,0.5193226,21
167,0.1333507,1.009739,0.5139157,22
167,0.217596,1.420658,0.4048013,23
167,0.3763959,1.547666,0.4460089,24
167,0.3501114,1.230271,0.5283543,25
167,-0.1402781,0.701728,0.6512071,26
167,-0.4314097,0.7761112,0.6032178,27
167,0.02652007,0.7307147,0.6194798,28
167,0.1373619,0.7408451,0.4021023,29
167,0.208514,0.642377,0.6015879,30
167,0.3904971,1.434248,0.647927,31
167,-0.2734228,0.7546922,0.4656699,32
167,0.4856389,1.162052,0.4414189,33
167,-0.01060444,0.6132415,0.4047333,34
167,0.3890041,0.7041485,0.4723708,35
167,0.4880969,0.6285436,0.5120522,36
167,0.333151,0.9140787,0.4161736,37
167,-0.397907,0.6199264,0.5850217,38
167,0.386224,1.100352,0.4700688,39
167,0.4374813,0.8487814,0.4235384,40
167,-0.2563644,0.6340743,0.5268003,41
167,0.4807322,1.024816,0.5868794,42
167,0.3039011,0.7754599,0.5705156,43
167,0.4820269,1.342244,0.4019049,44
167,0.4955317,1.585192,0.4517033,45
