Case,X,Y,Z,a,v,index
13,0.2374204,1.416169,0.4583743,0
13,0.01707071,1.174902,0.4790728,1
13,0.1169671,1.083888,0.425681,2
13,0.3886437,1.383337,0.4805519,3
13,-0.1501259,1.511472,0.679427,4
13,0.1741068,1.528488,0.5268389,5
13,0.3574032,1.55749,0.4842965,6
13,0.3633232,1.190615,0.5039729,7
13,-0.2736042,1.473994,0.4943477,8
13,0.4045701,1.014522,0.4975932,9
13,0.08776224,1.433252,0.4624127,10
13,0.05818027,1.544065,0.553908,11
13,0.1841953,0.783972,0.6228644,12
13,-0.04592878,1.585732,0.4009162,13
13,0.01133364,0.9981082,0.5046785,14
13,-0.1376089,1.133049,0.4414026,15
13,0.4812289,1.55835,0.393766,16
13,0.3913856,0.8451251,0.626161,17
13,-0.3587896,1.569553,0.4521691,18
13,-0.4691948,1.564839,0.5349478,19
13,-0.402465,1.395509,0.5327362,20
13,0.4987053,1.432522,0.4058498,21
13,0.2859144,0.8824232,0.4719954,22
13,-0.2344298,1.596866,0.4189403,23
13,-0.269043,1.351736,0.5180476,24
13,-0.03835362,0.7215165,0.6166291,25
13,-0.4881066,1.197614,0.44369,26
13,-0.4869292,1.310638,0.5787348,27
13,-0.4715477,1.08322,0.647279,28
13,0.4624163,0.7373957,0.547367,29
13,-0.2286435,0.7129505,0.3938396,30
13,-0.4012097,0.9936879,0.518571,31
13,0.3526391,0.6969854,0.5850359,32
13,-0.3666611,1.127537,0.46882,33
13,0.1518359,0.6408662,0.6258896,34
13,0.4897081,1.300762,0.4011837,35
13,-0.2991646,0.8779497,0.4079356,36
13,0.43754,0.6008942,0.4997906,37
13,-0.4450197,0.783393,0.5225891,38
13,0.3079759,1.291732,0.6854812,39
13,-0.344888,0.6615737,0.425324,40
13,-0.4813432,0.6105803,0.5175424,41
13,0.2669009,0.6119646,0.5165905,42
13,0.4741753,1.166401,0.4181868,43
13,-0.1079799,0.6355541,0.4401581,44
13,-0.4980966,0.9363323,0.4794169,45
13,0.03700984,0.6349926,0.4155726,46
