Case,X,Y,Z,a,v,index
12,-0.4043737,1.023242,0.4529635,0
12,-0.3413654,0.8406861,0.4733263,1
12,-0.2237309,0.8179217,0.426995,2
12,-0.1360621,1.026659,0.4404106,3
12,-0.08939978,1.183312,0.4204005,4
12,-0.1621246,0.6650287,0.4445961,5
12,-0.007927567,0.6799365,0.5361986,6
12,-0.2774536,0.7105929,0.5482124,7
12,0.1072642,0.6965817,0.471539,8
12,-0.3681386,0.6182284,0.4603516,9
12,-0.4252845,0.7333893,0.6377255,10
12,-0.446298,0.8808436,0.4582239,11
12,0.02956063,1.010132,0.417162,12
12,0.3716919,1.02324,0.4617972,13
12,0.1819428,0.8249121,0.6187169,14
12,-0.4915114,0.6105524,0.5094151,15
12,0.1060021,1.090734,0.445197,16
12,0.301729,0.9285388,0.6755542,17
12,0.2398115,0.6712039,0.4192018,18
12,0.1034955,1.207892,0.4577971,19
12,0.3399343,0.817396,0.6064919,20
12,-0.3602212,1.349825,0.4325455,21
12,-0.4596093,1.15985,0.4246365,22
12,-0.1136853,1.445098,0.5090283,23
12,0.01870543,1.564901,0.3881108,24
12,-0.2197961,1.376015,0.3986403,25
12,0.4458845,1.273794,0.4513081,26
12,0.4837519,1.101624,0.472175,27
12,0.3263878,1.443631,0.4634187,28
12,0.4580548,0.6942778,0.647045,29
12,-0.4667735,1.294455,0.4546681,30
12,0.328733,1.309008,0.4117506,31
12,0.179319,1.519936,0.6529018,32
12,-0.4892363,1.402777,0.4823173,33
12,0.4886425,0.8995744,0.5609381,34
12,-0.2597047,1.510701,0.4410404,35
12,0.3473152,1.553221,0.6341226,36
12,0.4812436,1.541495,0.6449779,37
12,0.4376163,1.436062,0.4798113,38
12,-0.4740822,1.532675,0.4077075,39
12,-0.09351149,1.599919,0.4994129,40
12,-0.3740522,1.472814,0.5654745,41
12,0.3563902,0.6021509,0.4316019,42
