Case,X,Y,Z,a,v,index
42,0.3701242,1.182277,0.484707,0
42,0.4444676,0.9063593,0.5085231,1
42,0.4464175,0.7760707,0.6387127,2
42,0.4508157,1.055449,0.6605889,3
42,0.3671234,0.7092783,0.5330249,4
42,0.4833163,0.6515536,0.615346,5
42,0.2784894,0.7650559,0.4978205,6
42,0.3980064,0.6140435,0.6656991,7
42,0.3440878,0.8480085,0.5198682,8
42,0.282422,0.647531,0.4771919,9
42,0.1961098,0.7117429,0.5154452,10
42,0.4660882,1.20957,0.4522655,11
42,0.08959901,0.9824455,0.6409402,12
42,0.3844547,0.9908252,0.6715133,13
42,0.1337953,0.6122114,0.4013992,14
42,0.009563386,0.6574029,0.5840896,15
42,0.1806495,1.140012,0.4924781,16
42,0.03207695,0.881165,0.4754217,17
42,0.2033603,1.012025,0.5263889,18
42,0.03188789,1.153444,0.5538248,19
42,0.37257,1.357161,0.4910678,20
42,-0.12775,0.9879413,0.6566323,21
42,-0.09095055,0.6862608,0.6625903,22
42,-0.1839049,0.7346189,0.57526,23
42,-0.09615824,1.255751,0.4356526,24
42,0.308668,1.443402,0.5111914,25
42,-0.0161126,1.042437,0.4798406,26
42,0.1031228,1.266988,0.3974354,27
42,-0.002684087,1.330394,0.5875838,28
42,0.2113459,1.442386,0.4473756,29
42,-0.1159263,1.124254,0.5251387,30
42,-0.1477376,0.6067415,0.5355057,31
42,-0.3200582,0.815388,0.4005569,32
42,-0.3080754,0.7189139,0.4401283,33
42,-0.2495917,0.634572,0.5968692,34
42,0.09215504,0.7038483,0.5290712,35
42,-0.1917458,1.211375,0.6128194,36
42,0.4096038,1.463017,0.3880822,37
42,0.4819146,1.322052,0.6664951,38
42,0.3888232,1.588351,0.526459,39
42,0.203669,1.573551,0.4462057,40
42,-0.4039194,0.6580697,0.5110458,41
42,0.09507221,1.469456,0.5815242,42
42,-0.02443889,1.455598,0.5821229,43
42,-0.4470902,0.8394509,0.5962528,44
42,-0.3998196,0.7513408,0.4509934,45
42,-0.1451267,1.480111,0.4647696,46
42,-0.380179,1.127614,0.5648134,47
42,-0.4805922,0.9823921,0.6296067,48
42,-0.4944677,0.7246354,0.466828,49
42,-0.28488,1.349129,0.4108321,50
42,-0.4280325,1.26663,0.4087734,51
42,-0.2887229,1.445024,0.4614739,52
42,-0.4770563,1.109232,0.6740785,53
42,-0.3801252,1.49747,0.4999452,54
42,0.3036092,1.553356,0.5340114,55
42,-0.3947157,1.015061,0.4172136,56
42,-0.3955244,1.37256,0.6737028,57
42,-0.2868976,1.575961,0.6092252,58
42,0.08557433,1.573303,0.4685479,59
42,0.4675968,1.544808,0.685287,60
42,-0.4768232,1.415926,0.4129841,61
42,-0.4756763,1.589185,0.5638748,62
42,-0.491528,0.6267601,0.4871032,63
42,-0.1375423,1.598808,0.6811365,64
42,-0.006308049,1.573166,0.5200037,65
