Case,X,Y,Z,a,v,index
4,0.2777024,0.8375412,0.412925,0
4,0.1664311,0.670546,0.4005007,1
4,0.3422856,0.9741812,0.470728,2
4,0.4003472,1.154662,0.5803096,3
4,0.2638447,0.6128839,0.6792295,4
4,0.3059537,1.315766,0.636382,5
4,0.3984371,0.8395079,0.536757,6
4,0.4277458,0.6271738,0.4566103,7
4,0.3543562,0.7339152,0.6133879,8
4,0.1216477,1.088341,0.5805315,9
4,-0.05402845,1.171433,0.403026,10
4,0.4768794,0.7517662,0.506964,11
4,-0.002332449,1.034669,0.4944502,12
4,-0.1427993,0.747343,0.4651959,13
4,0.4593524,1.056525,0.4985523,14
4,-0.3285619,0.6832511,0.5044223,15
4,-0.1551669,1.116339,0.5613286,16
4,-0.007177621,0.6364384,0.4405772,17
4,0.1095927,1.450091,0.590973,18
4,0.1670853,0.8043686,0.4628959,19
4,-0.490806,0.6745516,0.4026517,20
4,-0.08754757,1.45082,0.4419937,21
4,-0.3920419,0.968031,0.6566314,22
4,0.48711,0.9058129,0.4091077,23
4,-0.3514071,1.211447,0.674045,24
4,-0.1823549,0.6145123,0.4234779,25
4,-0.3712955,0.8320369,0.4643171,26
4,-0.2263582,0.822596,0.3886356,27
4,-0.4560768,1.059562,0.5481663,28
4,0.00383532,1.516025,0.5719067,29
4,0.4984918,1.36676,0.5058816,30
4,0.2285853,1.484399,0.394645,31
4,-0.339658,1.075689,0.5154052,32
4,-0.2927218,1.314997,0.468907,33
4,0.4307065,1.261246,0.3946199,34
4,-0.2014821,1.431201,0.3931021,35
4,-0.1183228,1.561711,0.5264349,36
4,-0.4787096,0.8862045,0.6102854,37
4,0.1500928,1.562711,0.5108541,38
4,0.2666546,1.588521,0.6773245,39
4,-0.4767739,1.220574,0.5933374,40
4,-0.3059981,1.480107,0.5712204,41
4,-0.4364218,1.32708,0.4697962,42
4,0.3323421,1.425084,0.5813362,43
4,0.4363207,1.468471,0.4008525,44
4,-0.4561355,1.516689,0.6689899,45
4,0.4200652,1.582513,0.5622709,46
4,-0.263252,1.599532,0.5214235,47
