Case,X,Y,Z,a,v,index
7,-0.4512751,0.8891097,0.5631532,0
7,-0.4284178,0.9991384,0.3976204,1
7,-0.3900135,1.180639,0.3997899,2
7,-0.4094281,1.307068,0.5256554,3
7,-0.3007981,0.8908958,0.5688681,4
7,-0.3099414,1.368162,0.6121314,5
7,-0.3859128,0.7754269,0.5311549,6
7,-0.3256114,0.6419181,0.6759334,7
7,-0.05527267,1.178871,0.5344024,8
7,0.01678163,1.079205,0.5655692,9
7,-0.2511931,0.770799,0.6561478,10
7,-0.1653779,1.466244,0.5305963,11
7,0.1403272,1.154643,0.4026332,12
7,-0.4862301,0.6625152,0.519503,13
7,0.04512173,1.227386,0.5866553,14
7,-0.1144693,1.052389,0.5331328,15
7,-0.02249545,1.493781,0.4947723,16
7,-0.1191965,0.6047921,0.4136989,17
7,-0.4123527,1.51706,0.4478652,18
7,-0.1066378,0.7231603,0.5355215,19
7,0.0418278,0.6670396,0.4047675,20
7,0.1505885,1.481281,0.6396762,21
7,0.3374889,1.39797,0.5306478,22
7,-0.2447497,1.557319,0.6239682,23
7,0.1266304,0.7709303,0.6712416,24
7,0.1755745,0.6673403,0.5235524,25
7,0.3413255,1.568191,0.5155934,26
7,0.0342465,1.593977,0.6649154,27
7,0.2660382,0.772312,0.5665477,28
7,0.3426709,1.01746,0.4009055,29
7,0.1577493,1.59708,0.5594015,30
7,0.3897439,0.6955571,0.5127447,31
7,0.459448,0.8848189,0.4673432,32
7,0.3794029,1.256297,0.5256244,33
7,0.4912478,1.072582,0.4110846,34
7,0.303413,0.6001944,0.6193939,35
7,-0.1229964,1.578539,0.5986232,36
7,0.4795337,1.564472,0.6712385,37
7,0.3569711,0.8379015,0.5985736,38
7,0.4356753,1.451411,0.4949718,39
7,0.4677022,1.344179,0.6635705,40
7,0.3855085,1.133822,0.456874,41
