Case,X,Y,Z,a,v,index
9,0.3399369,1.216096,0.4062017,0
9,0.06045675,1.242463,0.5303193,1
9,0.09575808,1.128646,0.6771174,2
9,-0.04675952,1.160851,0.6053064,3
9,0.324496,0.9866744,0.6551869,4
9,0.1130248,0.7565259,0.4862345,5
9,0.4371348,1.323224,0.5004855,6
9,0.01219052,0.993651,0.403708,7
9,0.4899578,1.448773,0.4691965,8
9,-0.08088779,0.7157208,0.5356239,9
9,0.2798242,1.393262,0.4262553,10
9,0.4326222,1.079491,0.5058559,11
9,0.231475,1.499813,0.4791656,12
9,0.1813222,0.66944,0.4407145,13
9,0.2114862,0.8323228,0.4828311,14
9,0.347777,1.531862,0.4429013,15
9,0.04579347,0.6181342,0.5573125,16
9,0.3789772,0.7554146,0.4419874,17
9,0.4534262,0.9606633,0.5320251,18
9,-0.1630268,0.6355991,0.4218333,19
9,0.4731272,1.594054,0.5786393,20
9,0.3481997,0.8743489,0.4703588,21
9,-0.09415591,1.049701,0.4484771,22
9,-0.3062166,0.7568684,0.5607423,23
9,0.09968913,1.580411,0.5580499,24
9,-0.01366416,1.448282,0.5065102,25
9,0.4947066,0.8434402,0.437019,26
9,0.4692273,0.666739,0.5106452,27
9,0.3015789,0.6701624,0.5551855,28
9,-0.2236644,1.392837,0.442599,29
9,-0.3491482,0.8810123,0.3900512,30
9,-0.08311296,1.559227,0.4283839,31
9,0.4901053,1.173903,0.4178037,32
9,-0.4858206,0.7401143,0.5315228,33
9,-0.4827951,0.8773026,0.4009743,34
9,-0.3259304,1.586941,0.4311262,35
9,-0.3852929,0.6316778,0.5376765,36
9,-0.4429477,1.002318,0.599772,37
9,-0.4158984,1.272499,0.4500987,38
9,-0.4854766,1.113615,0.6741334,39
9,-0.2744391,0.6213977,0.5011423,40
9,-0.3660442,1.457761,0.4625525,41
9,-0.2118069,1.579481,0.4060792,42
9,-0.4868219,1.46849,0.67524,43
9,-0.4970936,0.6127017,0.4322245,44
9,-0.3013878,1.302453,0.6417617,45
