Case,X,Y,Z,a,v,index
44,0.36376,0.884906,0.4008939,0
44,0.2547567,0.7643464,0.5222256,1
44,0.4222893,1.003182,0.4484058,2
44,0.4514893,0.9144663,0.4600832,3
44,0.2525639,0.6183404,0.4599749,4
44,0.3836802,0.7791331,0.6738445,5
44,0.1872445,0.6876346,0.4599708,6
44,0.3503054,0.6256751,0.562006,7
44,0.2154516,1.1593,0.5433782,8
44,0.07340455,1.259845,0.5968922,9
44,0.4311529,0.6667741,0.6698636,10
44,0.476893,0.7474097,0.4590432,11
44,0.3761159,1.114136,0.6476871,12
44,0.2041817,1.009449,0.6275234,13
44,0.07158756,0.9755515,0.6147492,14
44,0.09789193,0.6464261,0.5055186,15
44,0.005172789,0.636745,0.5180104,16
44,-0.07884657,1.318407,0.5299723,17
44,0.4918929,1.109912,0.5887052,18
44,0.1168615,1.097202,0.5044537,19
44,-0.09982759,0.7519195,0.6610771,20
44,-0.1191539,0.6519552,0.4248357,21
44,0.06323808,0.8725579,0.4677309,22
44,-0.01771775,0.9554681,0.4194536,23
44,-0.03555012,1.095745,0.4588431,24
44,0.08496118,1.53033,0.5178783,25
44,-0.2734917,0.7407265,0.3978584,26
44,-0.1855856,0.7807703,0.4889448,27
44,0.3616025,1.21112,0.4436864,28
44,0.3610181,1.365815,0.4529447,29
44,-0.1307618,0.9712421,0.4586783,30
44,0.2137938,1.497242,0.4092998,31
44,0.4625494,1.197266,0.4154516,32
44,0.2819962,1.429074,0.4285395,33
44,0.486479,1.444968,0.4185162,34
44,0.3433447,1.545276,0.5984792,35
44,-0.09746766,1.228242,0.550099,36
44,-0.2756942,0.8877759,0.6276529,37
44,0.1823518,1.586779,0.5269135,38
44,0.4378088,1.586583,0.5411401,39
44,0.4690611,1.287445,0.5107776,40
44,-0.0699521,1.480081,0.6066713,41
44,-0.3975077,1.263235,0.5096264,42
44,-0.3921771,0.7227765,0.4808809,43
44,-0.1192146,1.56355,0.4556284,44
44,-0.4540289,1.012446,0.5953572,45
44,-0.2135239,0.6419716,0.4811335,46
44,-0.2468116,1.395077,0.4406841,47
44,-0.1319958,1.069153,0.6643977,48
44,0.04472727,1.162,0.387545,49
44,-0.4909958,0.8741828,0.4846427,50
44,-0.00127694,1.598322,0.4928815,51
44,-0.4383569,0.8005948,0.5703404,52
44,-0.3983076,0.9266863,0.4190999,53
44,-0.4958167,1.310544,0.4226292,54
44,-0.3423207,0.9986584,0.6709753,55
44,-0.447132,1.38687,0.4352042,56
44,-0.4474133,1.120173,0.4346166,57
44,-0.3403243,0.8205705,0.5190235,58
44,-0.34852,1.465042,0.497775,59
44,-0.4601558,1.49126,0.5135459,60
44,-0.4122945,0.632934,0.4356532,61
44,-0.3107,0.6458412,0.4746217,62
44,-0.3242923,1.346652,0.4125122,63
44,-0.4871224,0.7175024,0.6207228,64
44,-0.2424302,1.505803,0.6755807,65
44,-0.4560703,1.595855,0.6749231,66
44,-0.271665,1.596741,0.6636111,67
44,-0.3640755,1.560142,0.6161253,68
