Case,X,Y,Z,a,v,index
45,-0.2514899,1.049975,0.5116574,0
45,-0.3765767,1.028103,0.4427481,1
45,-0.3250244,0.8787388,0.503752,2
45,-0.157049,1.030898,0.4853375,3
45,-0.1188707,1.159069,0.5319821,4
45,-0.1783729,0.735019,0.4483719,5
45,-0.05221164,0.7472163,0.453036,6
45,-0.2727329,0.7722988,0.6465392,7
45,-0.03257033,0.6362029,0.5811356,8
45,0.03165966,0.9217459,0.6138834,9
45,0.1362704,1.04142,0.4142588,10
45,-0.1142328,0.9452485,0.4684009,11
45,-0.3140677,0.6624167,0.4254649,12
45,0.04417622,0.7052257,0.4455367,13
45,-0.347742,1.177143,0.4960067,14
45,-0.2290961,0.6047928,0.5274544,15
45,-0.4668721,1.117046,0.6772436,16
45,-0.1186628,0.6642889,0.4040192,17
45,-0.4575211,0.9523044,0.4435702,18
45,-0.4395212,1.216139,0.6633506,19
45,-0.3731313,1.356198,0.4194797,20
45,-0.0008679628,1.059167,0.4981174,21
45,-0.4240541,0.6564543,0.3973053,22
45,-0.4945323,1.341327,0.4406945,23
45,-0.4334149,0.8223709,0.5342771,24
45,0.1885309,0.9556372,0.5404584,25
45,0.2384646,1.094679,0.5335767,26
45,-0.1436331,1.287358,0.5822251,27
45,-0.2283081,1.457681,0.5332058,28
45,-0.3745559,0.75365,0.6638734,29
45,-0.2862582,1.307155,0.41587,30
45,0.2101701,0.7263932,0.4372603,31
45,-0.4962783,0.7370754,0.4863316,32
45,-0.3908693,1.468725,0.4592019,33
45,-0.4002871,1.566301,0.4555877,34
45,0.1451737,0.6356013,0.4019258,35
45,-0.02644148,1.174369,0.4020931,36
45,-0.4839745,1.515025,0.4087813,37
45,0.2772475,0.8576009,0.3996383,38
45,-0.2826103,1.538617,0.5107498,39
45,0.141388,1.22203,0.5043598,40
45,-0.05218831,1.287675,0.5188295,41
45,0.2643947,0.6420445,0.680859,42
45,-0.1180031,1.551017,0.4400704,43
45,0.07734817,1.126274,0.5353509,44
45,0.3323783,1.18156,0.551585,45
45,0.4964567,1.112132,0.5316002,46
45,0.3624989,1.282096,0.5929995,47
45,0.04661661,1.25694,0.4948072,48
45,0.1316653,1.313992,0.4324556,49
45,0.2098472,1.413127,0.4981391,50
45,0.1517617,1.546405,0.5949978,51
45,0.3769392,1.445287,0.4762844,52
45,0.3833847,1.101083,0.4805924,53
45,0.3806496,0.9001234,0.5403473,54
45,0.372864,0.7713265,0.4161026,55
45,0.4235351,0.6814964,0.661196,56
45,0.02697742,1.519258,0.6165554,57
45,-0.2063714,1.598393,0.5314132,58
45,0.4374571,1.333073,0.5245079,59
45,0.4867771,0.9063942,0.4308129,60
45,0.4833586,1.225502,0.6512624,61
45,0.4841002,0.9981059,0.4271621,62
45,0.4587163,0.8060363,0.6178041,63
45,0.2646864,1.556109,0.4320864,64
45,0.3944745,1.006539,0.3896618,65
45,0.4396834,1.512322,0.4031911,66
45,0.3551027,1.563716,0.4429819,67
45,0.4893495,1.423521,0.4786703,68
