Case,X,Y,Z,a,v,index
38,-0.04318434,0.9942126,0.4255695,0
38,0.04893875,1.192551,0.4743008,1
38,0.2411786,0.8545536,0.5890283,2
38,0.4051219,1.14031,0.5342145,3
38,0.4555419,0.8775098,0.462648,4
38,0.1360509,0.6688324,0.5342643,5
38,0.4383813,0.7071878,0.6160774,6
38,0.08793592,1.059492,0.5490943,7
38,0.4181769,1.012355,0.457572,8
38,0.3297402,1.295802,0.3877552,9
38,0.3275615,0.6316664,0.4265597,10
38,-0.05099338,0.6060132,0.500564,11
38,0.4374301,1.477364,0.4052408,12
38,0.4594262,1.241617,0.4652569,13
38,-0.068198,1.123165,0.4462955,14
38,0.3293029,0.7627922,0.5328501,15
38,-0.2238823,0.7993555,0.6054099,16
38,0.00819242,1.523032,0.4149844,17
38,0.1183952,1.455125,0.6584687,18
38,-0.1839626,0.646596,0.5737521,19
38,0.02181423,0.7384076,0.3996868,20
38,0.4209535,1.367256,0.5076669,21
38,-0.09192592,0.7459952,0.4013563,22
38,0.2480849,1.508151,0.5366569,23
38,0.3852829,1.592826,0.64676,24
38,-0.1817388,1.461983,0.5573529,25
38,0.2471834,1.396004,0.5389883,26
38,0.1156887,1.596273,0.5236898,27
38,-0.2922724,0.9253495,0.5938022,28
38,-0.4464157,1.068104,0.4554195,29
38,-0.306554,0.6809703,0.4381701,30
38,-0.4362023,1.350935,0.6553304,31
38,-0.3374475,1.411091,0.4608756,32
38,-0.4397666,1.213608,0.6588787,33
38,-0.4461411,0.9074546,0.5340924,34
38,-0.4158199,1.535453,0.5701835,35
38,-0.3893818,0.7747118,0.6230024,36
38,-0.2187116,1.595814,0.4227795,37
38,-0.4364499,0.6165788,0.6834565,38
38,-0.4969251,0.7137784,0.5964217,39
38,-0.09372175,1.57646,0.6701988,40
