Case,X,Y,Z,a,v,index
39,0.3399369,1.216096,0.5326137,0
39,0.06045675,1.242463,0.440019,1
39,0.09575808,1.128646,0.4561652,2
39,-0.04675952,1.160851,0.5959983,3
39,0.324496,0.9866744,0.4600884,4
39,0.1130248,0.7565259,0.437019,5
39,0.4371348,1.323224,0.4735868,6
39,0.01219052,0.993651,0.4269349,7
39,0.4899578,1.448773,0.4167459,8
39,-0.08088779,0.7157208,0.424046,9
39,0.2798242,1.393262,0.4933708,10
39,0.4326222,1.079491,0.4693154,11
39,0.231475,1.499813,0.5060179,12
39,0.1813222,0.66944,0.6244283,13
39,0.2114862,0.8323228,0.6653607,14
39,0.347777,1.531862,0.4629717,15
39,0.04579347,0.6181342,0.6532228,16
39,0.3789772,0.7554146,0.5022936,17
39,0.4534262,0.9606633,0.5858223,18
39,-0.1630268,0.6355991,0.4535517,19
39,0.4731272,1.594054,0.3951894,20
39,0.3481997,0.8743489,0.4721261,21
39,-0.09415591,1.049701,0.4777805,22
39,-0.3062166,0.7568684,0.4773209,23
39,0.09968913,1.580411,0.613097,24
39,-0.01366416,1.448282,0.6065682,25
39,0.4947066,0.8434402,0.6538368,26
39,0.4692273,0.666739,0.6524547,27
39,0.3015789,0.6701624,0.5189111,28
39,-0.2236644,1.392837,0.3923376,29
39,-0.3491482,0.8810123,0.4971938,30
39,-0.08311296,1.559227,0.477519,31
39,0.4901053,1.173903,0.4334715,32
39,-0.4858206,0.7401143,0.4277633,33
39,-0.4827951,0.8773026,0.5492035,34
39,-0.3259304,1.586941,0.4115613,35
39,-0.3852929,0.6316778,0.4647671,36
39,-0.4429477,1.002318,0.3903197,37
39,-0.4158984,1.272499,0.6523178,38
39,-0.4854766,1.113615,0.4642775,39
39,-0.2744391,0.6213977,0.5272541,40
39,-0.3660442,1.457761,0.4080534,41
39,-0.2118069,1.579481,0.6372198,42
39,-0.4868219,1.46849,0.4059924,43
39,-0.4970936,0.6127017,0.4246253,44
39,-0.3013878,1.302453,0.455023,45
