Case,X,Y,Z,a,v,index
22,-0.3197303,0.6194752,0.462079,0
22,-0.2288994,0.6118518,0.4235899,1
22,-0.2684723,0.7655965,0.4458217,2
22,-0.4418626,0.6882902,0.4830444,3
22,-0.1092475,0.6071706,0.4166893,4
22,-0.2621471,0.9267849,0.4757026,5
22,-0.01208273,0.6301112,0.40979,6
22,-0.1771002,0.7084455,0.4607399,7
22,-0.369003,0.7815415,0.4331536,8
22,-0.06178272,0.7246993,0.4355974,9
22,-0.08189976,0.8996423,0.5195918,10
22,-0.02377722,1.038978,0.453441,11
22,-0.1374396,0.9708613,0.4988202,12
22,0.08221602,0.8925573,0.5562792,13
22,-0.4692136,0.7860814,0.537756,14
22,0.08616108,0.6794285,0.4196147,15
22,0.05292755,0.9826145,0.4928241,16
22,0.1461641,1.013827,0.5753944,17
22,-0.4787015,0.9138547,0.6352078,18
22,-0.3697257,0.9025645,0.5159307,19
22,0.06514013,1.126018,0.5719467,20
22,0.1775692,1.129011,0.5256107,21
22,-0.4844067,1.062822,0.4303759,22
22,-0.3670008,1.050887,0.415986,23
22,-0.4484123,1.150846,0.6808751,24
22,0.2574697,0.7207106,0.3898607,25
22,-0.4132518,1.270209,0.5175572,26
22,-0.177464,1.075511,0.5324643,27
22,0.2334713,1.377326,0.4805803,28
22,-0.03673741,1.128299,0.5994086,29
22,-0.2002956,1.167941,0.4685994,30
22,0.3736222,0.6859351,0.4337608,31
22,0.08654445,1.316522,0.4010781,32
22,0.1170372,1.21386,0.6739533,33
22,0.378138,0.8843296,0.5924007,34
22,-0.03932703,1.25606,0.4733883,35
22,0.1570682,0.6124464,0.5453644,36
22,-0.4246038,1.398966,0.4022326,37
22,0.3984824,1.011159,0.5179151,38
22,0.2889054,0.6269898,0.4605955,39
22,0.3532325,1.320926,0.4662945,40
22,0.4518052,1.211723,0.5044347,41
22,0.4798469,1.061254,0.6446042,42
22,0.08975023,1.469856,0.435883,43
22,0.3646182,0.7896065,0.6516524,44
22,0.4955791,0.8052853,0.5926366,45
22,0.204542,1.478765,0.5285868,46
22,0.3663836,1.165688,0.4425752,47
22,-0.3017452,1.359845,0.6593584,48
22,0.4593034,0.9393228,0.4876788,49
22,0.1559528,1.571309,0.4104111,50
22,0.3182267,1.590528,0.4967169,51
22,0.03726441,1.592769,0.6691129,52
22,0.4865476,0.7129642,0.5213354,53
22,0.4353801,1.377072,0.5553265,54
22,0.3141982,1.447388,0.6861252,55
22,0.446219,0.6164688,0.618066,56
22,0.4586262,1.570512,0.5307028,57
22,0.4585413,1.477788,0.4122174,58
22,-0.07488546,1.53842,0.4612242,59
22,-0.224272,1.444457,0.4097316,60
22,-0.1784089,1.543609,0.5896654,61
22,-0.4725656,1.50854,0.4404808,62
22,-0.09854433,1.436943,0.4109643,63
22,-0.4996533,1.34722,0.622852,64
22,-0.2748905,1.584423,0.6095863,65
22,-0.127295,1.223146,0.4123112,66
22,-0.3117619,1.499223,0.4749792,67
22,-0.3768137,1.565236,0.4225997,68
