Case,X,Y,Z,a,v,index
44,-0.1152269,1.459708,0.6805795,0
44,0.08639407,1.14352,0.5986273,1
44,-0.2957572,1.355853,0.4819341,2
44,-0.1006594,1.210386,0.4416476,3
44,0.1747785,1.422019,0.4537699,4
44,0.0797019,1.585255,0.3871367,5
44,0.3974426,1.175603,0.6692674,6
44,0.1339665,1.035326,0.4118368,7
44,0.2134618,1.578127,0.4749721,8
44,0.2675947,1.354327,0.4526944,9
44,0.3676519,0.9931097,0.4460502,10
44,-0.1867914,1.375142,0.4139596,11
44,-0.4080095,1.388047,0.5312477,12
44,0.3123724,1.482345,0.4084485,13
44,0.003992617,1.487729,0.4671877,14
44,-0.2670633,1.576562,0.4497494,15
44,0.4307281,1.530177,0.6806322,16
44,-0.2237729,0.7959017,0.4846177,17
44,-0.418207,1.518465,0.4629487,18
44,0.422358,1.407844,0.4169332,19
44,-0.3420761,0.8170471,0.502389,20
44,-0.3194771,1.469309,0.4564162,21
44,-0.005096912,1.042447,0.6471037,22
44,-0.1188856,1.575455,0.4363325,23
44,0.4711949,0.8552654,0.4098158,24
44,-0.3687426,1.267335,0.6482998,25
44,-0.3698151,1.004688,0.5047943,26
44,-0.09956709,0.7048731,0.4885951,27
44,0.01950109,1.240084,0.5913303,28
44,-0.3650328,0.6819937,0.5633158,29
44,-0.4998064,0.8295761,0.5081368,30
44,-0.4837612,0.945189,0.5319659,31
44,0.1039754,0.7678976,0.6040249,32
44,-0.4697825,1.084587,0.406341,33
44,0.08473557,0.6127239,0.6796079,34
44,-0.2064633,0.6379846,0.4896587,35
44,0.4887085,1.049595,0.6161418,36
44,0.2644665,0.6705368,0.5832387,37
44,0.3045452,0.7759336,0.4806819,38
44,-0.4996241,1.242079,0.3918504,39
44,0.3852997,1.299301,0.4770802,40
44,-0.4974052,0.6693391,0.5889422,41
44,0.4931325,1.24607,0.4660342,42
44,0.4408292,0.627739,0.4751073,43
44,0.4145756,0.7570799,0.4739093,44
44,0.3012792,0.8860451,0.6777364,45
44,-0.02699968,0.600678,0.6408951,46
