Case,X,Y,Z,a,v,index
37,-0.4512751,0.8891097,0.391465,0
37,-0.4284178,0.9991384,0.4760221,1
37,-0.3900135,1.180639,0.5284396,2
37,-0.4094281,1.307068,0.3928993,3
37,-0.3007981,0.8908958,0.5231689,4
37,-0.3099414,1.368162,0.5682974,5
37,-0.3859128,0.7754269,0.4660747,6
37,-0.3256114,0.6419181,0.4596522,7
37,-0.05527267,1.178871,0.425286,8
37,0.01678163,1.079205,0.6669558,9
37,-0.2511931,0.770799,0.6578795,10
37,-0.1653779,1.466244,0.6150347,11
37,0.1403272,1.154643,0.4069248,12
37,-0.4862301,0.6625152,0.5889674,13
37,0.04512173,1.227386,0.4234937,14
37,-0.1144693,1.052389,0.5280461,15
37,-0.02249545,1.493781,0.6049294,16
37,-0.1191965,0.6047921,0.6302441,17
37,-0.4123527,1.51706,0.5556291,18
37,-0.1066378,0.7231603,0.6501689,19
37,0.0418278,0.6670396,0.4815172,20
37,0.1505885,1.481281,0.4976752,21
37,0.3374889,1.39797,0.4223747,22
37,-0.2447497,1.557319,0.4879563,23
37,0.1266304,0.7709303,0.4459509,24
37,0.1755745,0.6673403,0.4053185,25
37,0.3413255,1.568191,0.5462424,26
37,0.0342465,1.593977,0.4280638,27
37,0.2660382,0.772312,0.5459546,28
37,0.3426709,1.01746,0.525607,29
37,0.1577493,1.59708,0.5845357,30
37,0.3897439,0.6955571,0.4331503,31
37,0.459448,0.8848189,0.4058878,32
37,0.3794029,1.256297,0.4509565,33
37,0.4912478,1.072582,0.6039603,34
37,0.303413,0.6001944,0.5584101,35
37,-0.1229964,1.578539,0.4038034,36
37,0.4795337,1.564472,0.4741684,37
37,0.3569711,0.8379015,0.4098146,38
37,0.4356753,1.451411,0.6248949,39
37,0.4677022,1.344179,0.4907378,40
37,0.3855085,1.133822,0.5061736,41
