Case,X,Y,Z,a,v,index
34,0.2777024,0.8375412,0.605593,0
34,0.1664311,0.670546,0.5918654,1
34,0.3422856,0.9741812,0.570737,2
34,0.4003472,1.154662,0.3997734,3
34,0.2638447,0.6128839,0.4627326,4
34,0.3059537,1.315766,0.6748177,5
34,0.3984371,0.8395079,0.552642,6
34,0.4277458,0.6271738,0.4633979,7
34,0.3543562,0.7339152,0.4370798,8
34,0.1216477,1.088341,0.5376135,9
34,-0.05402845,1.171433,0.4073282,10
34,0.4768794,0.7517662,0.4165807,11
34,-0.002332449,1.034669,0.4787558,12
34,-0.1427993,0.747343,0.5123281,13
34,0.4593524,1.056525,0.4112644,14
34,-0.3285619,0.6832511,0.4935032,15
34,-0.1551669,1.116339,0.5621756,16
34,-0.007177621,0.6364384,0.5004616,17
34,0.1095927,1.450091,0.6065891,18
34,0.1670853,0.8043686,0.4078624,19
34,-0.490806,0.6745516,0.5639282,20
34,-0.08754757,1.45082,0.5196962,21
34,-0.3920419,0.968031,0.559078,22
34,0.48711,0.9058129,0.3947051,23
34,-0.3514071,1.211447,0.5262608,24
34,-0.1823549,0.6145123,0.4425129,25
34,-0.3712955,0.8320369,0.420594,26
34,-0.2263582,0.822596,0.4778175,27
34,-0.4560768,1.059562,0.4786485,28
34,0.00383532,1.516025,0.4981956,29
34,0.4984918,1.36676,0.4601455,30
34,0.2285853,1.484399,0.6663803,31
34,-0.339658,1.075689,0.470419,32
34,-0.2927218,1.314997,0.5471522,33
34,0.4307065,1.261246,0.4517475,34
34,-0.2014821,1.431201,0.3926011,35
34,-0.1183228,1.561711,0.5708819,36
34,-0.4787096,0.8862045,0.4542582,37
34,0.1500928,1.562711,0.6276223,38
34,0.2666546,1.588521,0.4829788,39
34,-0.4767739,1.220574,0.3940384,40
34,-0.3059981,1.480107,0.4212664,41
34,-0.4364218,1.32708,0.4413192,42
34,0.3323421,1.425084,0.5759933,43
34,0.4363207,1.468471,0.4887441,44
34,-0.4561355,1.516689,0.5225155,45
34,0.4200652,1.582513,0.4306771,46
34,-0.263252,1.599532,0.5507253,47
