Case,X,Y,Z,a,v,index
45,-0.09231296,0.6553661,0.3970882,0
45,0.1036015,0.6733572,0.4130636,1
45,0.01235992,0.6099758,0.5255814,2
45,0.2154669,0.6265669,0.4668887,3
45,-0.2740204,0.6724259,0.4250118,4
45,0.3446485,0.6320571,0.6314236,5
45,0.3713085,0.7707636,0.4182176,6
45,-0.1668584,0.7924962,0.4157828,7
45,0.4507063,0.9519517,0.4677079,8
45,-0.3000184,0.8777623,0.4602821,9
45,0.04450941,1.007814,0.4223545,10
45,-0.4381813,0.767274,0.4359516,11
45,0.2577174,0.7533494,0.4304461,12
45,-0.4070268,0.6073884,0.5028772,13
45,0.3478838,1.013041,0.4823446,14
45,-0.09455866,1.124677,0.5312872,15
45,-0.06408998,0.9785857,0.4519138,16
45,0.3659194,1.123966,0.6704283,17
45,0.4770021,0.6270764,0.5207404,18
45,0.4947848,1.152555,0.4265327,19
45,0.3144808,0.88965,0.5291111,20
45,0.4901394,0.7652312,0.6824507,21
45,0.07217544,1.143998,0.4621743,22
45,0.328065,1.230495,0.4348218,23
45,-0.4099138,1.00484,0.6105424,24
45,0.411155,1.399091,0.5880842,25
45,-0.3480504,1.282832,0.4408607,26
45,-0.4171035,1.191808,0.6852161,27
45,0.2607092,1.432945,0.5154123,28
45,-0.4404407,1.355422,0.515792,29
45,-0.4888638,1.083289,0.4668776,30
45,-0.462481,0.8916916,0.4975032,31
45,0.4243038,1.542533,0.3874936,32
45,0.4598138,1.275589,0.4077188,33
45,-0.3660868,1.522563,0.5110002,34
45,0.2492132,1.553217,0.6804246,35
45,0.1300951,1.557388,0.4334041,36
45,-0.06219414,1.501617,0.6301799,37
45,-0.3289775,1.399726,0.489483,38
45,-0.2322729,1.561256,0.5843938,39
45,-0.485131,1.563861,0.6753595,40
