Case,X,Y,Z,a,v,index
27,0.3701242,1.182277,0.5364385,0
27,0.4444676,0.9063593,0.4848568,1
27,0.4464175,0.7760707,0.459613,2
27,0.4508157,1.055449,0.4297272,3
27,0.3671234,0.7092783,0.4376852,4
27,0.4833163,0.6515536,0.4811726,5
27,0.2784894,0.7650559,0.4692293,6
27,0.3980064,0.6140435,0.4496632,7
27,0.3440878,0.8480085,0.4361066,8
27,0.282422,0.647531,0.5098106,9
27,0.1961098,0.7117429,0.628326,10
27,0.4660882,1.20957,0.5900903,11
27,0.08959901,0.9824455,0.6008288,12
27,0.3844547,0.9908252,0.6572983,13
27,0.1337953,0.6122114,0.4087561,14
27,0.009563386,0.6574029,0.5616654,15
27,0.1806495,1.140012,0.3886747,16
27,0.03207695,0.881165,0.487097,17
27,0.2033603,1.012025,0.658134,18
27,0.03188789,1.153444,0.4158258,19
27,0.37257,1.357161,0.6476139,20
27,-0.12775,0.9879413,0.6764657,21
27,-0.09095055,0.6862608,0.4682721,22
27,-0.1839049,0.7346189,0.4523437,23
27,-0.09615824,1.255751,0.622243,24
27,0.308668,1.443402,0.5026459,25
27,-0.0161126,1.042437,0.6567042,26
27,0.1031228,1.266988,0.4579504,27
27,-0.002684087,1.330394,0.4861132,28
27,0.2113459,1.442386,0.4862505,29
27,-0.1159263,1.124254,0.5719393,30
27,-0.1477376,0.6067415,0.471116,31
27,-0.3200582,0.815388,0.5200855,32
27,-0.3080754,0.7189139,0.3915981,33
27,-0.2495917,0.634572,0.5693083,34
27,0.09215504,0.7038483,0.4267711,35
27,-0.1917458,1.211375,0.5102786,36
27,0.4096038,1.463017,0.6582897,37
27,0.4819146,1.322052,0.6683069,38
27,0.3888232,1.588351,0.4996361,39
27,0.203669,1.573551,0.449257,40
27,-0.4039194,0.6580697,0.5228341,41
27,0.09507221,1.469456,0.5652813,42
27,-0.02443889,1.455598,0.667277,43
27,-0.4470902,0.8394509,0.6816328,44
27,-0.3998196,0.7513408,0.5818477,45
27,-0.1451267,1.480111,0.6595379,46
27,-0.380179,1.127614,0.6427678,47
27,-0.4805922,0.9823921,0.4433486,48
27,-0.4944677,0.7246354,0.6342851,49
27,-0.28488,1.349129,0.606375,50
27,-0.4280325,1.26663,0.5187318,51
27,-0.2887229,1.445024,0.5322306,52
27,-0.4770563,1.109232,0.6426712,53
27,-0.3801252,1.49747,0.4131816,54
27,0.3036092,1.553356,0.4748606,55
27,-0.3947157,1.015061,0.5360185,56
27,-0.3955244,1.37256,0.5202397,57
27,-0.2868976,1.575961,0.4228318,58
27,0.08557433,1.573303,0.470472,59
27,0.4675968,1.544808,0.6348373,60
27,-0.4768232,1.415926,0.4277049,61
27,-0.4756763,1.589185,0.6123421,62
27,-0.491528,0.6267601,0.4526316,63
27,-0.1375423,1.598808,0.5143108,64
27,-0.006308049,1.573166,0.3978145,65
