Case,X,Y,Z,a,v,index
43,0.2374204,1.416169,0.5148678,0
43,0.01707071,1.174902,0.4651569,1
43,0.1169671,1.083888,0.3958728,2
43,0.3886437,1.383337,0.5072512,3
43,-0.1501259,1.511472,0.5034381,4
43,0.1741068,1.528488,0.5284327,5
43,0.3574032,1.55749,0.5293456,6
43,0.3633232,1.190615,0.489951,7
43,-0.2736042,1.473994,0.5097449,8
43,0.4045701,1.014522,0.41234,9
43,0.08776224,1.433252,0.3889502,10
43,0.05818027,1.544065,0.4007759,11
43,0.1841953,0.783972,0.650518,12
43,-0.04592878,1.585732,0.4951191,13
43,0.01133364,0.9981082,0.4275021,14
43,-0.1376089,1.133049,0.4003734,15
43,0.4812289,1.55835,0.517593,16
43,0.3913856,0.8451251,0.5340241,17
43,-0.3587896,1.569553,0.5672889,18
43,-0.4691948,1.564839,0.4266915,19
43,-0.402465,1.395509,0.4187836,20
43,0.4987053,1.432522,0.4773909,21
43,0.2859144,0.8824232,0.4117555,22
43,-0.2344298,1.596866,0.4560805,23
43,-0.269043,1.351736,0.5601199,24
43,-0.03835362,0.7215165,0.632975,25
43,-0.4881066,1.197614,0.642316,26
43,-0.4869292,1.310638,0.5086576,27
43,-0.4715477,1.08322,0.4573614,28
43,0.4624163,0.7373957,0.480382,29
43,-0.2286435,0.7129505,0.682471,30
43,-0.4012097,0.9936879,0.5992445,31
43,0.3526391,0.6969854,0.5095459,32
43,-0.3666611,1.127537,0.4087377,33
43,0.1518359,0.6408662,0.4020066,34
43,0.4897081,1.300762,0.6498823,35
43,-0.2991646,0.8779497,0.6132336,36
43,0.43754,0.6008942,0.5965211,37
43,-0.4450197,0.783393,0.4057233,38
43,0.3079759,1.291732,0.4796618,39
43,-0.344888,0.6615737,0.4915774,40
43,-0.4813432,0.6105803,0.3981735,41
43,0.2669009,0.6119646,0.3957665,42
43,0.4741753,1.166401,0.6710571,43
43,-0.1079799,0.6355541,0.4850688,44
43,-0.4980966,0.9363323,0.4635263,45
43,0.03700984,0.6349926,0.4901019,46
