Case,X,Y,Z,a,v,index
17,0.05079788,1.308148,0.5508121,0
17,0.1459917,1.241543,0.4880409,1
17,0.1693931,1.078866,0.4264369,2
17,-0.0791142,1.223945,0.4356736,3
17,0.07027918,0.9611352,0.5068942,4
17,-0.09468779,1.316744,0.6642524,5
17,-0.07863191,1.090083,0.4519981,6
17,0.3448468,1.323277,0.5101687,7
17,0.1690649,0.9452651,0.5462257,8
17,0.04739827,1.205556,0.5162817,9
17,0.06696564,1.10451,0.3941065,10
17,0.1252836,1.543598,0.4497934,11
17,-0.1906662,1.095382,0.5192982,12
17,0.3551239,1.467647,0.4024084,13
17,0.2571737,1.436243,0.5047262,14
17,0.22158,1.537907,0.4561353,15
17,-0.1890076,0.9789701,0.4326558,16
17,0.3145724,0.8551703,0.4705586,17
17,0.4381212,1.105805,0.5809634,18
17,0.03310418,1.59417,0.59573,19
17,0.4954886,1.367148,0.4082951,20
17,0.3629673,0.9336675,0.5231113,21
17,-0.07003108,0.9964809,0.5686657,22
17,0.4765726,1.520358,0.49198,23
17,0.3246013,1.554535,0.4355761,24
17,0.4103707,1.017673,0.5875514,25
17,0.4157097,1.208416,0.4040801,26
17,-0.05328238,1.432814,0.6596299,27
17,0.1747215,0.6907867,0.4063881,28
17,-0.2765987,1.434675,0.3901771,29
17,0.2005388,1.16468,0.5332882,30
17,-0.4699368,1.039769,0.6556847,31
17,0.3933087,0.8013205,0.6505748,32
17,-0.1685671,1.468921,0.3982973,33
17,-0.347912,1.167507,0.5840372,34
17,0.2746617,0.7620283,0.4905719,35
17,-0.3304916,1.520158,0.496708,36
17,-0.1214219,0.8968913,0.5110548,37
17,-0.3169752,1.280689,0.4451619,38
17,-0.08816075,1.55222,0.456374,39
17,-0.3481826,0.9532686,0.4273788,40
17,0.03939092,1.449044,0.5071141,41
17,0.08432215,0.7112563,0.4601939,42
17,-0.4401827,1.58776,0.5597892,43
17,0.4561779,0.9181718,0.4539314,44
17,0.4785457,0.7720386,0.4307424,45
17,-0.2407038,1.541528,0.5005876,46
17,-0.4053341,1.378944,0.6362681,47
17,0.4135481,0.6522281,0.4533733,48
17,-0.4351551,1.492505,0.6131917,49
17,-0.2902859,0.8763486,0.5636618,50
17,0.3218424,0.6032621,0.5163859,51
17,-0.3832163,0.7834972,0.4446548,52
17,-0.4756298,1.290986,0.4379247,53
17,-0.1776757,1.235185,0.4546515,54
17,-0.484624,1.169293,0.497003,55
17,-0.07033187,0.6573662,0.4442953,56
17,-0.4707502,0.9165218,0.4486524,57
17,-0.4929003,0.7798056,0.6042787,58
17,0.01394135,0.6228281,0.4103822,59
17,-0.2207002,0.7783105,0.4467267,60
17,-0.2913744,0.7142367,0.4857478,61
17,-0.1404151,0.7312087,0.5363816,62
17,-0.1889148,0.6383536,0.4199596,63
17,-0.4394311,0.6377807,0.5500948,64
17,-0.2761074,0.6109136,0.4472665,65
17,-0.0189079,0.910104,0.6225216,66
