Case,X,Y,Z,a,v,index
36,0.1503742,1.105453,0.6812817,0
36,0.2652519,0.8869836,0.3906718,1
36,0.00965488,1.110198,0.592138,2
36,0.4148624,1.108986,0.51689,3
36,0.2683337,1.404044,0.4329132,4
36,0.3990864,1.320777,0.586369,5
36,-0.1407425,1.160795,0.5076974,6
36,0.125744,1.492939,0.4905854,7
36,-0.1260976,1.458038,0.4283357,8
36,-0.03289402,1.001854,0.5178458,9
36,0.4333869,1.512408,0.5560314,10
36,0.04926842,1.572926,0.4347338,11
36,0.4902207,1.1929,0.6807245,12
36,0.2572667,1.514809,0.4605117,13
36,-0.1939112,1.367578,0.5002633,14
36,0.4098923,0.9534307,0.5144992,15
36,0.4287662,0.7709529,0.6526544,16
36,0.1534364,0.7708679,0.4620683,17
36,0.3271669,0.6391824,0.4063993,18
36,-0.2618656,1.493422,0.5202955,19
36,0.1788677,0.6150171,0.5133442,20
36,-0.04033139,0.6844602,0.5021268,21
36,-0.2123614,0.8288589,0.6414679,22
36,-0.1882064,0.703989,0.4378678,23
36,-0.405256,1.423318,0.6169757,24
36,-0.3478466,1.573303,0.5193926,25
36,-0.3598947,0.9974327,0.4236869,26
36,0.4951141,0.6291238,0.6767001,27
36,0.296602,0.7740636,0.4519907,28
36,-0.4848161,1.247143,0.441927,29
36,-0.3899602,1.104665,0.4099786,30
36,0.08525407,0.6781737,0.5891332,31
36,-0.3706748,0.8240129,0.5137409,32
36,-0.4931551,1.49756,0.406809,33
36,-0.1096162,1.599438,0.6086023,34
36,-0.4510778,0.6402363,0.5368929,35
36,-0.3134905,0.6974298,0.4190016,36
36,-0.3163974,1.339981,0.6043313,37
36,-0.4786918,0.9309626,0.4990212,38
36,-0.4987665,1.082841,0.528713,39
