Case,X,Y,Z,a,v,index
39,0.3399369,1.216096,0.4986311,0
39,0.06045675,1.242463,0.5631177,1
39,0.09575808,1.128646,0.5234086,2
39,-0.04675952,1.160851,0.6647885,3
39,0.324496,0.9866744,0.5476627,4
39,0.1130248,0.7565259,0.5363811,5
39,0.4371348,1.323224,0.4755804,6
39,0.01219052,0.993651,0.4779012,7
39,0.4899578,1.448773,0.4093931,8
39,-0.08088779,0.7157208,0.518875,9
39,0.2798242,1.393262,0.5667763,10
39,0.4326222,1.079491,0.4217774,11
39,0.231475,1.499813,0.5652184,12
39,0.1813222,0.66944,0.4918283,13
39,0.2114862,0.8323228,0.616292,14
39,0.347777,1.531862,0.5182378,15
39,0.04579347,0.6181342,0.4335838,16
39,0.3789772,0.7554146,0.5509487,17
39,0.4534262,0.9606633,0.4513712,18
39,-0.1630268,0.6355991,0.6577208,19
39,0.4731272,1.594054,0.5143916,20
39,0.3481997,0.8743489,0.4653988,21
39,-0.09415591,1.049701,0.4483495,22
39,-0.3062166,0.7568684,0.498595,23
39,0.09968913,1.580411,0.667498,24
39,-0.01366416,1.448282,0.4151263,25
39,0.4947066,0.8434402,0.4403338,26
39,0.4692273,0.666739,0.5751098,27
39,0.3015789,0.6701624,0.5184312,28
39,-0.2236644,1.392837,0.4852644,29
39,-0.3491482,0.8810123,0.451748,30
39,-0.08311296,1.559227,0.4567303,31
39,0.4901053,1.173903,0.6087487,32
39,-0.4858206,0.7401143,0.6617997,33
39,-0.4827951,0.8773026,0.4681046,34
39,-0.3259304,1.586941,0.4524892,35
39,-0.3852929,0.6316778,0.4449967,36
39,-0.4429477,1.002318,0.6574234,37
39,-0.4158984,1.272499,0.5988748,38
39,-0.4854766,1.113615,0.4716742,39
39,-0.2744391,0.6213977,0.5168453,40
39,-0.3660442,1.457761,0.4210561,41
39,-0.2118069,1.579481,0.5308588,42
39,-0.4868219,1.46849,0.4756456,43
39,-0.4970936,0.6127017,0.4691159,44
39,-0.3013878,1.302453,0.6678054,45
