Case,X,Y,Z,a,v,index
20,-0.4236917,1.379919,0.5245986,0
20,-0.3510343,1.262049,0.3905694,1
20,-0.3361703,1.401426,0.4160527,2
20,-0.2401728,1.387114,0.6149602,3
20,-0.2411543,1.5293,0.6350735,4
20,-0.3230801,1.584775,0.6023675,5
20,-0.3627274,1.492598,0.6514522,6
20,-0.4580184,1.515637,0.6309432,7
20,-0.1536907,1.287405,0.6173245,8
20,-0.05333394,1.303264,0.5809417,9
20,-0.05583203,1.143731,0.3930158,10
20,-0.07240149,1.501744,0.4308857,11
20,-0.1364601,1.570014,0.453107,12
20,-0.471402,1.3013,0.3976266,13
20,0.02413112,1.492545,0.4691262,14
20,-0.1672006,1.120064,0.3992357,15
20,0.1189915,1.497894,0.4836273,16
20,0.2345369,1.550643,0.4498357,17
20,0.3629864,1.469936,0.6622976,18
20,0.1232017,1.228761,0.4619472,19
20,0.2808809,1.369057,0.6666789,20
20,0.08693916,1.057127,0.5645025,21
20,-0.4637375,1.189993,0.6114727,22
20,-0.1352412,0.9581932,0.5643626,23
20,0.3867007,1.30795,0.3968548,24
20,-0.009540647,1.581754,0.434182,25
20,0.3399487,1.200396,0.4735888,26
20,0.2704908,1.461383,0.5942438,27
20,0.4069086,1.589145,0.5972743,28
20,-0.04334083,0.9708633,0.4973428,29
20,0.2017173,1.167466,0.5430886,30
20,-0.007267088,0.871531,0.4244173,31
20,-0.2159352,0.9983559,0.559218,32
20,0.09386945,1.591269,0.4541886,33
20,0.02137649,1.193545,0.4996063,34
20,-0.4985571,1.030431,0.4359961,35
20,-0.4144136,0.9731382,0.6623273,36
20,0.0853501,0.9439493,0.4311217,37
20,0.4943095,1.555588,0.4232225,38
20,0.4562805,1.378667,0.5354765,39
20,-0.270602,0.8584629,0.5033386,40
20,0.2002844,0.9856838,0.3889121,41
20,0.4247269,1.155584,0.4413225,42
20,-0.1098399,0.7017295,0.5821993,43
20,-0.3872759,1.125813,0.6866271,44
20,-0.3302666,0.927451,0.5236534,45
20,-0.2691538,0.6720788,0.4422428,46
20,-0.3409866,1.028156,0.5815874,47
20,0.006391108,0.7155195,0.6418855,48
20,0.008321166,0.6248311,0.4614012,49
20,0.4186081,1.051881,0.4505974,50
20,0.1393548,0.6704996,0.5739183,51
20,0.288992,0.7344834,0.4972636,52
20,-0.09754995,1.06045,0.3943007,53
20,0.3994049,0.9462279,0.5376654,54
20,0.3050218,0.9214715,0.4131522,55
20,-0.3435917,0.8035582,0.6112127,56
20,0.3695582,0.8021809,0.4050783,57
20,-0.3611657,0.6928428,0.5181808,58
20,-0.4740769,0.823333,0.4184105,59
20,-0.491163,0.6561128,0.4035428,60
20,-0.1638312,0.6028852,0.5347656,61
20,0.207973,0.606837,0.4202113,62
20,0.3568868,0.6285788,0.4969278,63
20,0.4701678,0.8865024,0.4242281,64
20,0.4807681,0.7374817,0.3963906,65
20,0.4945419,0.629858,0.409781,66
20,0.1833881,0.7634553,0.4245592,67
