Case,X,Y,Z,a,v,index
41,0.3588893,0.9727112,0.5104747,0
41,0.4445763,1.120768,0.4528735,1
41,0.2727348,0.8244041,0.5723138,2
41,0.4860983,0.8360485,0.4368612,3
41,0.4961923,0.9492582,0.3952526,4
41,0.4133341,0.742942,0.6257452,5
41,0.4821128,1.29802,0.6691875,6
41,0.3383225,1.201219,0.5149661,7
41,0.3596972,1.317145,0.4346165,8
41,0.4996827,0.6452807,0.6787399,9
41,0.2199641,0.6849734,0.473466,10
41,0.02091908,0.7438676,0.4686208,11
41,0.05184555,1.171961,0.5061667,12
41,0.3126619,1.516245,0.3930341,13
41,0.3536053,0.6493203,0.3996084,14
41,0.4322906,1.512083,0.4254698,15
41,-0.1710542,0.6498024,0.5808617,16
41,0.1229318,1.431629,0.5295156,17
41,-0.04110673,1.458125,0.5255225,18
41,0.1335372,1.562632,0.3959137,19
41,-0.05982941,0.6241964,0.5313066,20
41,-0.0555242,1.218474,0.3964897,21
41,0.08615303,1.017264,0.578617,22
41,-0.1865948,1.451104,0.5186313,23
41,-0.2728754,0.7747773,0.520425,24
41,0.1039367,0.6485724,0.5879824,25
41,-0.3836118,0.6569952,0.6107843,26
41,-0.2414638,1.547078,0.6629905,27
41,0.1605784,0.7914662,0.4370557,28
41,-0.03829563,1.106578,0.5014302,29
41,-0.3153285,1.427367,0.5999101,30
41,-0.4083531,1.522311,0.432236,31
41,-0.3947192,0.8408597,0.6276307,32
41,-0.4979753,0.784469,0.4733016,33
41,-0.04310149,1.592506,0.6314451,34
41,-0.3734608,1.235112,0.3963704,35
41,-0.2770919,0.6054934,0.4599823,36
41,-0.4675074,1.299301,0.3913953,37
41,-0.3660882,1.106293,0.445737,38
41,-0.4800426,1.4105,0.4407203,39
41,-0.3925228,0.9967386,0.5228124,40
41,-0.4781294,0.9149764,0.425813,41
41,-0.4680358,1.162902,0.6775068,42
41,-0.09689578,0.7324659,0.5861923,43
