Case,X,Y,Z,a,v,index
44,-0.1152269,1.459708,0.449351,0
44,0.08639407,1.14352,0.4067706,1
44,-0.2957572,1.355853,0.6489491,2
44,-0.1006594,1.210386,0.5636346,3
44,0.1747785,1.422019,0.5326842,4
44,0.0797019,1.585255,0.6816859,5
44,0.3974426,1.175603,0.3907002,6
44,0.1339665,1.035326,0.6513512,7
44,0.2134618,1.578127,0.5200737,8
44,0.2675947,1.354327,0.4799184,9
44,0.3676519,0.9931097,0.5271018,10
44,-0.1867914,1.375142,0.4540817,11
44,-0.4080095,1.388047,0.5299132,12
44,0.3123724,1.482345,0.49201,13
44,0.003992617,1.487729,0.4427571,14
44,-0.2670633,1.576562,0.6855195,15
44,0.4307281,1.530177,0.5627063,16
44,-0.2237729,0.7959017,0.4111913,17
44,-0.418207,1.518465,0.6779548,18
44,0.422358,1.407844,0.4271621,19
44,-0.3420761,0.8170471,0.6040623,20
44,-0.3194771,1.469309,0.4521872,21
44,-0.005096912,1.042447,0.6456555,22
44,-0.1188856,1.575455,0.5836418,23
44,0.4711949,0.8552654,0.4925286,24
44,-0.3687426,1.267335,0.6304609,25
44,-0.3698151,1.004688,0.4078384,26
44,-0.09956709,0.7048731,0.5118527,27
44,0.01950109,1.240084,0.5319782,28
44,-0.3650328,0.6819937,0.4191481,29
44,-0.4998064,0.8295761,0.5543516,30
44,-0.4837612,0.945189,0.5420681,31
44,0.1039754,0.7678976,0.6194128,32
44,-0.4697825,1.084587,0.4808546,33
44,0.08473557,0.6127239,0.4456508,34
44,-0.2064633,0.6379846,0.4189899,35
44,0.4887085,1.049595,0.4792457,36
44,0.2644665,0.6705368,0.6141152,37
44,0.3045452,0.7759336,0.5346503,38
44,-0.4996241,1.242079,0.5337948,39
44,0.3852997,1.299301,0.479561,40
44,-0.4974052,0.6693391,0.5117319,41
44,0.4931325,1.24607,0.5267048,42
44,0.4408292,0.627739,0.4550783,43
44,0.4145756,0.7570799,0.4522578,44
44,0.3012792,0.8860451,0.6644256,45
44,-0.02699968,0.600678,0.3909278,46
