Case,X,Y,Z,a,v,index
34,0.2777024,0.8375412,0.5249661,0
34,0.1664311,0.670546,0.6664893,1
34,0.3422856,0.9741812,0.6113466,2
34,0.4003472,1.154662,0.5884576,3
34,0.2638447,0.6128839,0.6012713,4
34,0.3059537,1.315766,0.4832185,5
34,0.3984371,0.8395079,0.4107299,6
34,0.4277458,0.6271738,0.6217853,7
34,0.3543562,0.7339152,0.6457734,8
34,0.1216477,1.088341,0.4554324,9
34,-0.05402845,1.171433,0.5442457,10
34,0.4768794,0.7517662,0.4513848,11
34,-0.002332449,1.034669,0.6213174,12
34,-0.1427993,0.747343,0.5280252,13
34,0.4593524,1.056525,0.4721323,14
34,-0.3285619,0.6832511,0.4415947,15
34,-0.1551669,1.116339,0.626978,16
34,-0.007177621,0.6364384,0.4582677,17
34,0.1095927,1.450091,0.5126795,18
34,0.1670853,0.8043686,0.5509135,19
34,-0.490806,0.6745516,0.42593,20
34,-0.08754757,1.45082,0.3999859,21
34,-0.3920419,0.968031,0.4778914,22
34,0.48711,0.9058129,0.5094939,23
34,-0.3514071,1.211447,0.3942633,24
34,-0.1823549,0.6145123,0.528272,25
34,-0.3712955,0.8320369,0.4801431,26
34,-0.2263582,0.822596,0.684895,27
34,-0.4560768,1.059562,0.4840974,28
34,0.00383532,1.516025,0.5908753,29
34,0.4984918,1.36676,0.3887164,30
34,0.2285853,1.484399,0.5742926,31
34,-0.339658,1.075689,0.52807,32
34,-0.2927218,1.314997,0.4890173,33
34,0.4307065,1.261246,0.4531834,34
34,-0.2014821,1.431201,0.4825805,35
34,-0.1183228,1.561711,0.3930652,36
34,-0.4787096,0.8862045,0.5314875,37
34,0.1500928,1.562711,0.5381525,38
34,0.2666546,1.588521,0.6410007,39
34,-0.4767739,1.220574,0.5290981,40
34,-0.3059981,1.480107,0.6681022,41
34,-0.4364218,1.32708,0.5525223,42
34,0.3323421,1.425084,0.3947944,43
34,0.4363207,1.468471,0.4270671,44
34,-0.4561355,1.516689,0.3893564,45
34,0.4200652,1.582513,0.4498141,46
34,-0.263252,1.599532,0.391204,47
