Case,X,Y,Z,a,v,index
29,0.36376,0.884906,0.4860109,0
29,0.2547567,0.7643464,0.4070814,1
29,0.4222893,1.003182,0.3938752,2
29,0.4514893,0.9144663,0.5776814,3
29,0.2525639,0.6183404,0.5874569,4
29,0.3836802,0.7791331,0.4423574,5
29,0.1872445,0.6876346,0.6443372,6
29,0.3503054,0.6256751,0.5055493,7
29,0.2154516,1.1593,0.4245001,8
29,0.07340455,1.259845,0.506379,9
29,0.4311529,0.6667741,0.5506347,10
29,0.476893,0.7474097,0.4245539,11
29,0.3761159,1.114136,0.491492,12
29,0.2041817,1.009449,0.5065857,13
29,0.07158756,0.9755515,0.4126026,14
29,0.09789193,0.6464261,0.3981409,15
29,0.005172789,0.636745,0.6072314,16
29,-0.07884657,1.318407,0.5334234,17
29,0.4918929,1.109912,0.4354252,18
29,0.1168615,1.097202,0.4305122,19
29,-0.09982759,0.7519195,0.5784515,20
29,-0.1191539,0.6519552,0.6444247,21
29,0.06323808,0.8725579,0.4940025,22
29,-0.01771775,0.9554681,0.4800595,23
29,-0.03555012,1.095745,0.6721626,24
29,0.08496118,1.53033,0.5032422,25
29,-0.2734917,0.7407265,0.4224491,26
29,-0.1855856,0.7807703,0.3891021,27
29,0.3616025,1.21112,0.5232714,28
29,0.3610181,1.365815,0.3992548,29
29,-0.1307618,0.9712421,0.4059415,30
29,0.2137938,1.497242,0.4569414,31
29,0.4625494,1.197266,0.4578552,32
29,0.2819962,1.429074,0.4218322,33
29,0.486479,1.444968,0.5067385,34
29,0.3433447,1.545276,0.5939495,35
29,-0.09746766,1.228242,0.6353241,36
29,-0.2756942,0.8877759,0.5956184,37
29,0.1823518,1.586779,0.4794654,38
29,0.4378088,1.586583,0.4810988,39
29,0.4690611,1.287445,0.4795034,40
29,-0.0699521,1.480081,0.566908,41
29,-0.3975077,1.263235,0.4844081,42
29,-0.3921771,0.7227765,0.422089,43
29,-0.1192146,1.56355,0.4329531,44
29,-0.4540289,1.012446,0.5018278,45
29,-0.2135239,0.6419716,0.6323011,46
29,-0.2468116,1.395077,0.4689711,47
29,-0.1319958,1.069153,0.5799801,48
29,0.04472727,1.162,0.5325468,49
29,-0.4909958,0.8741828,0.4585713,50
29,-0.00127694,1.598322,0.5317089,51
29,-0.4383569,0.8005948,0.4449889,52
29,-0.3983076,0.9266863,0.4066289,53
29,-0.4958167,1.310544,0.4190891,54
29,-0.3423207,0.9986584,0.5321586,55
29,-0.447132,1.38687,0.5245113,56
29,-0.4474133,1.120173,0.6118736,57
29,-0.3403243,0.8205705,0.4409102,58
29,-0.34852,1.465042,0.5222567,59
29,-0.4601558,1.49126,0.4907727,60
29,-0.4122945,0.632934,0.4526092,61
29,-0.3107,0.6458412,0.5501825,62
29,-0.3242923,1.346652,0.4989724,63
29,-0.4871224,0.7175024,0.4939158,64
29,-0.2424302,1.505803,0.4740355,65
29,-0.4560703,1.595855,0.5354595,66
29,-0.271665,1.596741,0.546877,67
29,-0.3640755,1.560142,0.6729152,68
