Case,X,Y,Z,a,v,index
103,0.2374204,1.416169,0.602939,0
103,0.01707071,1.174902,0.6480404,1
103,0.1169671,1.083888,0.4655494,2
103,0.3886437,1.383337,0.4497138,3
103,-0.1501259,1.511472,0.4563101,4
103,0.1741068,1.528488,0.5629392,5
103,0.3574032,1.55749,0.5161003,6
103,0.3633232,1.190615,0.3885058,7
103,-0.2736042,1.473994,0.5386247,8
103,0.4045701,1.014522,0.4067239,9
103,0.08776224,1.433252,0.4430629,10
103,0.05818027,1.544065,0.411126,11
103,0.1841953,0.783972,0.584019,12
103,-0.04592878,1.585732,0.4818271,13
103,0.01133364,0.9981082,0.41142,14
103,-0.1376089,1.133049,0.5339677,15
103,0.4812289,1.55835,0.403142,16
103,0.3913856,0.8451251,0.594227,17
103,-0.3587896,1.569553,0.4382891,18
103,-0.4691948,1.564839,0.6635004,19
103,-0.402465,1.395509,0.4720108,20
103,0.4987053,1.432522,0.4788103,21
103,0.2859144,0.8824232,0.42225,22
103,-0.2344298,1.596866,0.4821526,23
103,-0.269043,1.351736,0.6657586,24
103,-0.03835362,0.7215165,0.5142798,25
103,-0.4881066,1.197614,0.4391109,26
103,-0.4869292,1.310638,0.4558339,27
103,-0.4715477,1.08322,0.5963438,28
103,0.4624163,0.7373957,0.6734818,29
103,-0.2286435,0.7129505,0.5289745,30
103,-0.4012097,0.9936879,0.4613963,31
103,0.3526391,0.6969854,0.5048329,32
103,-0.3666611,1.127537,0.4734626,33
103,0.1518359,0.6408662,0.619636,34
103,0.4897081,1.300762,0.5889724,35
103,-0.2991646,0.8779497,0.4681914,36
103,0.43754,0.6008942,0.6790797,37
103,-0.4450197,0.783393,0.6404803,38
103,0.3079759,1.291732,0.5034208,39
103,-0.344888,0.6615737,0.5954723,40
103,-0.4813432,0.6105803,0.4349293,41
103,0.2669009,0.6119646,0.5405576,42
103,0.4741753,1.166401,0.4812859,43
103,-0.1079799,0.6355541,0.6535221,44
103,-0.4980966,0.9363323,0.5135646,45
103,0.03700984,0.6349926,0.6614776,46
