Case,X,Y,Z,a,v,index
57,-0.4043737,1.023242,0.4631061,0
57,-0.3413654,0.8406861,0.6245077,1
57,-0.2237309,0.8179217,0.6493312,2
57,-0.1360621,1.026659,0.3929111,3
57,-0.08939978,1.183312,0.426762,4
57,-0.1621246,0.6650287,0.5693117,5
57,-0.007927567,0.6799365,0.4601169,6
57,-0.2774536,0.7105929,0.4194832,7
57,0.1072642,0.6965817,0.3913057,8
57,-0.3681386,0.6182284,0.6027931,9
57,-0.4252845,0.7333893,0.5482894,10
57,-0.446298,0.8808436,0.5206449,11
57,0.02956063,1.010132,0.4781579,12
57,0.3716919,1.02324,0.4731614,13
57,0.1819428,0.8249121,0.4115159,14
57,-0.4915114,0.6105524,0.5262589,15
57,0.1060021,1.090734,0.4700911,16
57,0.301729,0.9285388,0.3908391,17
57,0.2398115,0.6712039,0.4040869,18
57,0.1034955,1.207892,0.4043857,19
57,0.3399343,0.817396,0.4549436,20
57,-0.3602212,1.349825,0.6379311,21
57,-0.4596093,1.15985,0.4826906,22
57,-0.1136853,1.445098,0.4381375,23
57,0.01870543,1.564901,0.4581054,24
57,-0.2197961,1.376015,0.4717507,25
57,0.4458845,1.273794,0.439514,26
57,0.4837519,1.101624,0.4279792,27
57,0.3263878,1.443631,0.4068926,28
57,0.4580548,0.6942778,0.4798259,29
57,-0.4667735,1.294455,0.4779523,30
57,0.328733,1.309008,0.5270293,31
57,0.179319,1.519936,0.3878873,32
57,-0.4892363,1.402777,0.3888709,33
57,0.4886425,0.8995744,0.4484736,34
57,-0.2597047,1.510701,0.498815,35
57,0.3473152,1.553221,0.4711955,36
57,0.4812436,1.541495,0.6193107,37
57,0.4376163,1.436062,0.4008926,38
57,-0.4740822,1.532675,0.4411556,39
57,-0.09351149,1.599919,0.6331048,40
57,-0.3740522,1.472814,0.530202,41
57,0.3563902,0.6021509,0.5320486,42
