Case,X,Y,Z,a,v,index
101,0.3588893,0.9727112,0.620944,0
101,0.4445763,1.120768,0.4122876,1
101,0.2727348,0.8244041,0.5448408,2
101,0.4860983,0.8360485,0.468546,3
101,0.4961923,0.9492582,0.6274512,4
101,0.4133341,0.742942,0.548984,5
101,0.4821128,1.29802,0.4790938,6
101,0.3383225,1.201219,0.4129655,7
101,0.3596972,1.317145,0.4658746,8
101,0.4996827,0.6452807,0.6325654,9
101,0.2199641,0.6849734,0.5698454,10
101,0.02091908,0.7438676,0.6391628,11
101,0.05184555,1.171961,0.6808294,12
101,0.3126619,1.516245,0.425023,13
101,0.3536053,0.6493203,0.4072083,14
101,0.4322906,1.512083,0.4537289,15
101,-0.1710542,0.6498024,0.4989494,16
101,0.1229318,1.431629,0.4569231,17
101,-0.04110673,1.458125,0.5247672,18
101,0.1335372,1.562632,0.4785366,19
101,-0.05982941,0.6241964,0.6074412,20
101,-0.0555242,1.218474,0.5498418,21
101,0.08615303,1.017264,0.572572,22
101,-0.1865948,1.451104,0.6550249,23
101,-0.2728754,0.7747773,0.4069831,24
101,0.1039367,0.6485724,0.4994607,25
101,-0.3836118,0.6569952,0.5327955,26
101,-0.2414638,1.547078,0.5023507,27
101,0.1605784,0.7914662,0.5466914,28
101,-0.03829563,1.106578,0.5588991,29
101,-0.3153285,1.427367,0.4830232,30
101,-0.4083531,1.522311,0.4237046,31
101,-0.3947192,0.8408597,0.5273821,32
101,-0.4979753,0.784469,0.4988748,33
101,-0.04310149,1.592506,0.4289376,34
101,-0.3734608,1.235112,0.6243037,35
101,-0.2770919,0.6054934,0.4519496,36
101,-0.4675074,1.299301,0.629433,37
101,-0.3660882,1.106293,0.3879718,38
101,-0.4800426,1.4105,0.4856674,39
101,-0.3925228,0.9967386,0.5219721,40
101,-0.4781294,0.9149764,0.6574679,41
101,-0.4680358,1.162902,0.4448893,42
101,-0.09689578,0.7324659,0.4175509,43
