Case,X,Y,Z,a,v,index
104,-0.1152269,1.459708,0.4221883,0
104,0.08639407,1.14352,0.4538538,1
104,-0.2957572,1.355853,0.4071309,2
104,-0.1006594,1.210386,0.3969206,3
104,0.1747785,1.422019,0.3999824,4
104,0.0797019,1.585255,0.4983485,5
104,0.3974426,1.175603,0.4783795,6
104,0.1339665,1.035326,0.5051749,7
104,0.2134618,1.578127,0.610837,8
104,0.2675947,1.354327,0.4206608,9
104,0.3676519,0.9931097,0.5808117,10
104,-0.1867914,1.375142,0.5169426,11
104,-0.4080095,1.388047,0.5502877,12
104,0.3123724,1.482345,0.4416786,13
104,0.003992617,1.487729,0.3969754,14
104,-0.2670633,1.576562,0.5940301,15
104,0.4307281,1.530177,0.4054124,16
104,-0.2237729,0.7959017,0.5272231,17
104,-0.418207,1.518465,0.4152766,18
104,0.422358,1.407844,0.4903382,19
104,-0.3420761,0.8170471,0.4299223,20
104,-0.3194771,1.469309,0.4615763,21
104,-0.005096912,1.042447,0.4110763,22
104,-0.1188856,1.575455,0.6615309,23
104,0.4711949,0.8552654,0.595839,24
104,-0.3687426,1.267335,0.5729063,25
104,-0.3698151,1.004688,0.5012046,26
104,-0.09956709,0.7048731,0.4799653,27
104,0.01950109,1.240084,0.4212765,28
104,-0.3650328,0.6819937,0.6501657,29
104,-0.4998064,0.8295761,0.5537605,30
104,-0.4837612,0.945189,0.5776922,31
104,0.1039754,0.7678976,0.4268742,32
104,-0.4697825,1.084587,0.4174834,33
104,0.08473557,0.6127239,0.483426,34
104,-0.2064633,0.6379846,0.5946438,35
104,0.4887085,1.049595,0.544113,36
104,0.2644665,0.6705368,0.5359651,37
104,0.3045452,0.7759336,0.6181626,38
104,-0.4996241,1.242079,0.4745468,39
104,0.3852997,1.299301,0.6664588,40
104,-0.4974052,0.6693391,0.399946,41
104,0.4931325,1.24607,0.4173087,42
104,0.4408292,0.627739,0.513135,43
104,0.4145756,0.7570799,0.4034307,44
104,0.3012792,0.8860451,0.4486969,45
104,-0.02699968,0.600678,0.6594121,46
