Case,X,Y,Z,a,v,index
39,0.3488177,0.778896,0.411792,0
39,0.3008358,0.697028,0.4200139,1
39,0.4347376,0.6616335,0.6777647,2
39,0.4536091,0.8791662,0.4634594,3
39,0.469316,0.7732154,0.4275382,4
39,0.303499,0.6022884,0.526986,5
39,0.4362853,1.009791,0.4496025,6
39,0.4921825,1.09003,0.5833533,7
39,0.2136672,1.06798,0.6152954,8
39,0.4540554,1.203233,0.4099066,9
39,0.3462772,0.8885531,0.464824,10
39,0.1992872,0.742202,0.5944482,11
39,0.1511558,0.6208963,0.4250817,12
39,0.09459203,0.7237913,0.587465,13
39,0.3664721,1.22648,0.5091377,14
39,0.01683468,0.6572207,0.4787238,15
39,0.09791124,1.003045,0.4833608,16
39,0.2694829,1.346195,0.512102,17
39,-0.04950175,0.7397292,0.4764768,18
39,0.4477885,1.34988,0.4200287,19
39,0.05844051,1.102358,0.5224209,20
39,-0.1490551,0.6450445,0.4856801,21
39,-0.05454108,0.9386307,0.5365741,22
39,0.2576457,0.8286129,0.5238346,23
39,-0.1833769,0.7980596,0.4228251,24
39,0.1739385,1.182791,0.387058,25
39,0.06532264,1.192267,0.664466,26
39,0.3663334,1.414148,0.5626915,27
39,-0.05846703,1.178781,0.6003715,28
39,0.1211624,1.277744,0.5024053,29
39,-0.2739692,0.6033288,0.5980636,30
39,-0.360884,0.802093,0.43791,31
39,-0.3686657,0.9135329,0.6754558,32
39,-0.271823,0.7781336,0.4198371,33
39,0.3106644,1.544148,0.5071962,34
39,-0.07319194,1.089597,0.3955644,35
39,-0.461977,0.9921564,0.452046,36
39,-0.4426965,0.7587916,0.6304826,37
39,-0.4118688,1.141658,0.4936957,38
39,0.4530125,1.510748,0.5122242,39
39,-0.3675558,0.6743289,0.4430561,40
39,-0.4503772,0.6142411,0.5000386,41
39,0.4054822,1.590431,0.4718258,42
39,0.4940095,1.42846,0.4617324,43
39,-0.4615832,0.8611921,0.4547893,44
39,-0.1720218,1.029858,0.6705902,45
39,-0.1882941,1.121469,0.6333743,46
39,-0.005484343,1.017635,0.6786355,47
39,-0.4927758,1.080562,0.6712997,48
39,-0.129785,1.282464,0.5548455,49
39,0.1338615,1.55652,0.5265628,50
39,0.05117142,1.337271,0.39385,51
39,0.2737904,1.451555,0.4990761,52
39,0.2217969,1.588822,0.519671,53
39,-0.0623205,1.34612,0.5129665,54
39,-0.3465214,1.333844,0.5403708,55
39,-0.3321229,1.441937,0.4137927,56
39,-0.03568828,1.524695,0.420161,57
39,-0.3659637,1.221476,0.5054774,58
39,-0.4825236,1.350485,0.6724426,59
39,-0.2203856,1.46721,0.402164,60
39,-0.4825652,1.23419,0.4373751,61
39,-0.1104492,1.58437,0.634447,62
39,-0.2681144,1.55238,0.3887168,63
39,0.02951533,1.593865,0.4676712,64
39,-0.4725565,1.452929,0.4929399,65
39,-0.4162961,1.582988,0.5753103,66
39,-0.1087166,1.461608,0.6091526,67
