Case,X,Y,Z,a,v,index
58,0.2374204,1.416169,0.5265599,0
58,0.01707071,1.174902,0.4982257,1
58,0.1169671,1.083888,0.5035524,2
58,0.3886437,1.383337,0.679686,3
58,-0.1501259,1.511472,0.4744921,4
58,0.1741068,1.528488,0.6767843,5
58,0.3574032,1.55749,0.4087094,6
58,0.3633232,1.190615,0.4369243,7
58,-0.2736042,1.473994,0.420518,8
58,0.4045701,1.014522,0.4806107,9
58,0.08776224,1.433252,0.4264231,10
58,0.05818027,1.544065,0.564688,11
58,0.1841953,0.783972,0.4046601,12
58,-0.04592878,1.585732,0.4040792,13
58,0.01133364,0.9981082,0.5061504,14
58,-0.1376089,1.133049,0.4558929,15
58,0.4812289,1.55835,0.5079389,16
58,0.3913856,0.8451251,0.6491132,17
58,-0.3587896,1.569553,0.4770129,18
58,-0.4691948,1.564839,0.6480595,19
58,-0.402465,1.395509,0.5149944,20
58,0.4987053,1.432522,0.4845022,21
58,0.2859144,0.8824232,0.5564273,22
58,-0.2344298,1.596866,0.5349358,23
58,-0.269043,1.351736,0.4779172,24
58,-0.03835362,0.7215165,0.5293357,25
58,-0.4881066,1.197614,0.4467022,26
58,-0.4869292,1.310638,0.5874398,27
58,-0.4715477,1.08322,0.4843486,28
58,0.4624163,0.7373957,0.5167899,29
58,-0.2286435,0.7129505,0.5202308,30
58,-0.4012097,0.9936879,0.533726,31
58,0.3526391,0.6969854,0.3940768,32
58,-0.3666611,1.127537,0.464649,33
58,0.1518359,0.6408662,0.5002924,34
58,0.4897081,1.300762,0.5169157,35
58,-0.2991646,0.8779497,0.5455689,36
58,0.43754,0.6008942,0.6295156,37
58,-0.4450197,0.783393,0.4910467,38
58,0.3079759,1.291732,0.4595157,39
58,-0.344888,0.6615737,0.4649902,40
58,-0.4813432,0.6105803,0.4949599,41
58,0.2669009,0.6119646,0.4158563,42
58,0.4741753,1.166401,0.3996347,43
58,-0.1079799,0.6355541,0.3891668,44
58,-0.4980966,0.9363323,0.6164589,45
58,0.03700984,0.6349926,0.3994998,46
