Case,X,Y,Z,a,v,index
11,0.3588893,0.9727112,0.5648239,0
11,0.4445763,1.120768,0.4985491,1
11,0.2727348,0.8244041,0.6246548,2
11,0.4860983,0.8360485,0.4680198,3
11,0.4961923,0.9492582,0.4110875,4
11,0.4133341,0.742942,0.5115192,5
11,0.4821128,1.29802,0.4664389,6
11,0.3383225,1.201219,0.4459373,7
11,0.3596972,1.317145,0.4267424,8
11,0.4996827,0.6452807,0.4380402,9
11,0.2199641,0.6849734,0.6811596,10
11,0.02091908,0.7438676,0.4184825,11
11,0.05184555,1.171961,0.527838,12
11,0.3126619,1.516245,0.4219303,13
11,0.3536053,0.6493203,0.5585418,14
11,0.4322906,1.512083,0.51515,15
11,-0.1710542,0.6498024,0.4389427,16
11,0.1229318,1.431629,0.4366863,17
11,-0.04110673,1.458125,0.5927902,18
11,0.1335372,1.562632,0.4736019,19
11,-0.05982941,0.6241964,0.5321404,20
11,-0.0555242,1.218474,0.4416865,21
11,0.08615303,1.017264,0.630202,22
11,-0.1865948,1.451104,0.4555004,23
11,-0.2728754,0.7747773,0.4989972,24
11,0.1039367,0.6485724,0.5071865,25
11,-0.3836118,0.6569952,0.6618627,26
11,-0.2414638,1.547078,0.402733,27
11,0.1605784,0.7914662,0.4844858,28
11,-0.03829563,1.106578,0.6615466,29
11,-0.3153285,1.427367,0.477112,30
11,-0.4083531,1.522311,0.6011181,31
11,-0.3947192,0.8408597,0.5142891,32
11,-0.4979753,0.784469,0.4433987,33
11,-0.04310149,1.592506,0.4071236,34
11,-0.3734608,1.235112,0.5757122,35
11,-0.2770919,0.6054934,0.5169624,36
11,-0.4675074,1.299301,0.494364,37
11,-0.3660882,1.106293,0.4314311,38
11,-0.4800426,1.4105,0.4165144,39
11,-0.3925228,0.9967386,0.4289372,40
11,-0.4781294,0.9149764,0.5280424,41
11,-0.4680358,1.162902,0.6279634,42
11,-0.09689578,0.7324659,0.444343,43
