Case,X,Y,Z,a,v,index
32,0.05079788,1.308148,0.5102071,0
32,0.1459917,1.241543,0.6351562,1
32,0.1693931,1.078866,0.3887213,2
32,-0.0791142,1.223945,0.4131094,3
32,0.07027918,0.9611352,0.5712233,4
32,-0.09468779,1.316744,0.551471,5
32,-0.07863191,1.090083,0.4832507,6
32,0.3448468,1.323277,0.4808441,7
32,0.1690649,0.9452651,0.6274935,8
32,0.04739827,1.205556,0.4966431,9
32,0.06696564,1.10451,0.6664762,10
32,0.1252836,1.543598,0.467289,11
32,-0.1906662,1.095382,0.5859649,12
32,0.3551239,1.467647,0.4371773,13
32,0.2571737,1.436243,0.4429142,14
32,0.22158,1.537907,0.5026508,15
32,-0.1890076,0.9789701,0.6254101,16
32,0.3145724,0.8551703,0.5339519,17
32,0.4381212,1.105805,0.6619708,18
32,0.03310418,1.59417,0.6283098,19
32,0.4954886,1.367148,0.4496167,20
32,0.3629673,0.9336675,0.4302554,21
32,-0.07003108,0.9964809,0.450595,22
32,0.4765726,1.520358,0.6178319,23
32,0.3246013,1.554535,0.4655905,24
32,0.4103707,1.017673,0.5139095,25
32,0.4157097,1.208416,0.6589894,26
32,-0.05328238,1.432814,0.6213731,27
32,0.1747215,0.6907867,0.5735443,28
32,-0.2765987,1.434675,0.4825416,29
32,0.2005388,1.16468,0.507534,30
32,-0.4699368,1.039769,0.4684305,31
32,0.3933087,0.8013205,0.4911338,32
32,-0.1685671,1.468921,0.5805047,33
32,-0.347912,1.167507,0.5280725,34
32,0.2746617,0.7620283,0.3898963,35
32,-0.3304916,1.520158,0.4051395,36
32,-0.1214219,0.8968913,0.4672584,37
32,-0.3169752,1.280689,0.5226731,38
32,-0.08816075,1.55222,0.6202185,39
32,-0.3481826,0.9532686,0.5252503,40
32,0.03939092,1.449044,0.6279004,41
32,0.08432215,0.7112563,0.4169075,42
32,-0.4401827,1.58776,0.4926188,43
32,0.4561779,0.9181718,0.6495175,44
32,0.4785457,0.7720386,0.4763221,45
32,-0.2407038,1.541528,0.4333198,46
32,-0.4053341,1.378944,0.5358452,47
32,0.4135481,0.6522281,0.5917552,48
32,-0.4351551,1.492505,0.3996263,49
32,-0.2902859,0.8763486,0.4905154,50
32,0.3218424,0.6032621,0.6273785,51
32,-0.3832163,0.7834972,0.4935444,52
32,-0.4756298,1.290986,0.5789689,53
32,-0.1776757,1.235185,0.4651541,54
32,-0.484624,1.169293,0.5832299,55
32,-0.07033187,0.6573662,0.4045884,56
32,-0.4707502,0.9165218,0.4233276,57
32,-0.4929003,0.7798056,0.5039803,58
32,0.01394135,0.6228281,0.5155338,59
32,-0.2207002,0.7783105,0.4587185,60
32,-0.2913744,0.7142367,0.3972051,61
32,-0.1404151,0.7312087,0.6143565,62
32,-0.1889148,0.6383536,0.4711417,63
32,-0.4394311,0.6377807,0.425484,64
32,-0.2761074,0.6109136,0.5261045,65
32,-0.0189079,0.910104,0.3969948,66
