Case,X,Y,Z,a,v,index
42,0.3701242,1.182277,0.4551852,0
42,0.4444676,0.9063593,0.4494053,1
42,0.4464175,0.7760707,0.498198,2
42,0.4508157,1.055449,0.426008,3
42,0.3671234,0.7092783,0.6848701,4
42,0.4833163,0.6515536,0.4276585,5
42,0.2784894,0.7650559,0.4437583,6
42,0.3980064,0.6140435,0.5949339,7
42,0.3440878,0.8480085,0.5929065,8
42,0.282422,0.647531,0.6432686,9
42,0.1961098,0.7117429,0.4166907,10
42,0.4660882,1.20957,0.453268,11
42,0.08959901,0.9824455,0.6403176,12
42,0.3844547,0.9908252,0.555432,13
42,0.1337953,0.6122114,0.4014234,14
42,0.009563386,0.6574029,0.4738765,15
42,0.1806495,1.140012,0.5058553,16
42,0.03207695,0.881165,0.4482893,17
42,0.2033603,1.012025,0.4658687,18
42,0.03188789,1.153444,0.5056804,19
42,0.37257,1.357161,0.4745568,20
42,-0.12775,0.9879413,0.4298722,21
42,-0.09095055,0.6862608,0.4859497,22
42,-0.1839049,0.7346189,0.5131416,23
42,-0.09615824,1.255751,0.468224,24
42,0.308668,1.443402,0.4490815,25
42,-0.0161126,1.042437,0.6208002,26
42,0.1031228,1.266988,0.6135995,27
42,-0.002684087,1.330394,0.4898827,28
42,0.2113459,1.442386,0.4566704,29
42,-0.1159263,1.124254,0.660296,30
42,-0.1477376,0.6067415,0.4754269,31
42,-0.3200582,0.815388,0.4170573,32
42,-0.3080754,0.7189139,0.5075887,33
42,-0.2495917,0.634572,0.4846034,34
42,0.09215504,0.7038483,0.418519,35
42,-0.1917458,1.211375,0.4394854,36
42,0.4096038,1.463017,0.5924816,37
42,0.4819146,1.322052,0.5191535,38
42,0.3888232,1.588351,0.3968455,39
42,0.203669,1.573551,0.5560455,40
42,-0.4039194,0.6580697,0.4951166,41
42,0.09507221,1.469456,0.5738825,42
42,-0.02443889,1.455598,0.5809594,43
42,-0.4470902,0.8394509,0.6665746,44
42,-0.3998196,0.7513408,0.5340819,45
42,-0.1451267,1.480111,0.3926365,46
42,-0.380179,1.127614,0.5035872,47
42,-0.4805922,0.9823921,0.5270257,48
42,-0.4944677,0.7246354,0.5928237,49
42,-0.28488,1.349129,0.3996752,50
42,-0.4280325,1.26663,0.6584285,51
42,-0.2887229,1.445024,0.5436251,52
42,-0.4770563,1.109232,0.5478164,53
42,-0.3801252,1.49747,0.6176035,54
42,0.3036092,1.553356,0.5173761,55
42,-0.3947157,1.015061,0.3879235,56
42,-0.3955244,1.37256,0.4875557,57
42,-0.2868976,1.575961,0.4378684,58
42,0.08557433,1.573303,0.4461553,59
42,0.4675968,1.544808,0.3922782,60
42,-0.4768232,1.415926,0.4159317,61
42,-0.4756763,1.589185,0.4507845,62
42,-0.491528,0.6267601,0.4012454,63
42,-0.1375423,1.598808,0.5784456,64
42,-0.006308049,1.573166,0.3975652,65
