Case,X,Y,Z,a,v,index
4,0.2777024,0.8375412,0.5702278,0
4,0.1664311,0.670546,0.6757553,1
4,0.3422856,0.9741812,0.6515423,2
4,0.4003472,1.154662,0.5493303,3
4,0.2638447,0.6128839,0.5136338,4
4,0.3059537,1.315766,0.4030006,5
4,0.3984371,0.8395079,0.5066659,6
4,0.4277458,0.6271738,0.6488541,7
4,0.3543562,0.7339152,0.6207141,8
4,0.1216477,1.088341,0.512609,9
4,-0.05402845,1.171433,0.6704018,10
4,0.4768794,0.7517662,0.6435466,11
4,-0.002332449,1.034669,0.5791053,12
4,-0.1427993,0.747343,0.5158197,13
4,0.4593524,1.056525,0.5038744,14
4,-0.3285619,0.6832511,0.4069301,15
4,-0.1551669,1.116339,0.5281445,16
4,-0.007177621,0.6364384,0.5865053,17
4,0.1095927,1.450091,0.4405419,18
4,0.1670853,0.8043686,0.3989167,19
4,-0.490806,0.6745516,0.558918,20
4,-0.08754757,1.45082,0.4691873,21
4,-0.3920419,0.968031,0.4407101,22
4,0.48711,0.9058129,0.4484012,23
4,-0.3514071,1.211447,0.6843737,24
4,-0.1823549,0.6145123,0.5279008,25
4,-0.3712955,0.8320369,0.4352037,26
4,-0.2263582,0.822596,0.4094963,27
4,-0.4560768,1.059562,0.5820992,28
4,0.00383532,1.516025,0.398733,29
4,0.4984918,1.36676,0.6189871,30
4,0.2285853,1.484399,0.4357877,31
4,-0.339658,1.075689,0.5696594,32
4,-0.2927218,1.314997,0.3963348,33
4,0.4307065,1.261246,0.4406742,34
4,-0.2014821,1.431201,0.5024737,35
4,-0.1183228,1.561711,0.4629096,36
4,-0.4787096,0.8862045,0.4858278,37
4,0.1500928,1.562711,0.587111,38
4,0.2666546,1.588521,0.6146774,39
4,-0.4767739,1.220574,0.5085375,40
4,-0.3059981,1.480107,0.5013431,41
4,-0.4364218,1.32708,0.4989719,42
4,0.3323421,1.425084,0.5240777,43
4,0.4363207,1.468471,0.4067693,44
4,-0.4561355,1.516689,0.391414,45
4,0.4200652,1.582513,0.568961,46
4,-0.263252,1.599532,0.6713099,47
