Case,X,Y,Z,modeSelected
10,0.008552849,1.213364,0.5270208,pinch
16,-0.01349241,1.179273,0.4584209,pinch
