Case,X,Y,Z,modeSelected
63,0.002349652,1.381536,0.06088291,magicTap
