Case,X,Y,Z,a,v,index
4,0.3928602,0.9319798,0.5989101,0
4,0.3870795,1.095788,0.4122814,1
4,0.4171665,0.8068701,0.6869858,2
4,0.4844628,1.198757,0.440203,3
4,0.3665894,1.248484,0.5697612,4
4,0.4995946,1.094292,0.5433131,5
4,0.3406392,1.370426,0.5943325,6
4,0.3533887,1.460254,0.413514,7
4,0.2779704,1.287637,0.5249108,8
4,0.4577059,1.284877,0.3965005,9
4,0.4731413,0.9768555,0.5840383,10
4,0.1951841,1.091925,0.4373004,11
4,0.1532867,1.190755,0.4960106,12
4,0.222015,1.447513,0.560111,13
4,0.1834417,0.955593,0.6292809,14
4,0.4814941,1.373415,0.4313991,15
4,0.08935606,1.486865,0.6336111,16
4,0.2759793,1.562228,0.5760792,17
4,0.05329329,1.271901,0.5442508,18
4,0.06112123,1.04604,0.406322,19
4,0.4321125,1.512334,0.5322086,20
4,0.04607958,0.8756838,0.4773307,21
4,0.1697345,1.593564,0.4433637,22
4,-0.006830394,1.173457,0.5144501,23
4,0.364178,1.586135,0.5119628,24
4,-0.09587669,1.270222,0.4695575,25
4,0.2156248,0.8118621,0.4671472,26
4,0.1674726,0.6480886,0.5777362,27
4,0.09865314,0.7440937,0.6673249,28
4,-0.126202,1.161137,0.621107,29
4,0.07942116,0.6221603,0.4746161,30
4,0.477481,0.6392059,0.6820123,31
4,0.4214007,0.7166036,0.4666187,32
4,0.3175611,0.8377501,0.6141999,33
4,0.01867467,1.553024,0.5883133,34
4,0.35583,0.6402331,0.4682118,35
4,-0.07558656,1.028015,0.4620671,36
4,-0.05707234,1.491649,0.5230466,37
4,0.2728764,0.7059397,0.4126612,38
4,-0.1807685,1.017952,0.5334729,39
4,-0.008920401,0.7009346,0.4964771,40
4,-0.3394679,1.238357,0.5171244,41
4,-0.1998626,1.526071,0.4233194,42
4,-0.3262774,1.333005,0.5199984,43
4,-0.1624483,0.7004294,0.5304947,44
4,-0.003245026,0.9687978,0.6524078,45
4,-0.05698285,0.6232783,0.4430235,46
4,-0.3911032,0.8021678,0.5287256,47
4,-0.3685863,1.058924,0.518806,48
4,-0.2979271,0.61435,0.4512144,49
4,-0.06178674,0.7834869,0.6111583,50
4,-0.3805791,0.9324174,0.5352328,51
4,-0.1330408,1.594822,0.6218608,52
4,-0.4479376,1.013614,0.5845194,53
4,-0.2860168,1.552818,0.5617366,54
4,-0.3984408,1.159038,0.6613025,55
4,-0.2963307,1.440388,0.499189,56
4,-0.4727394,0.9153337,0.6705316,57
4,-0.4393538,1.595273,0.5964391,58
4,-0.3647738,0.7074432,0.4983641,59
4,-0.2845776,0.7512997,0.4621935,60
4,-0.4689756,1.27928,0.5019099,61
4,-0.4934732,0.6705472,0.3882853,62
4,-0.4886606,0.805245,0.470215,63
4,-0.4916692,1.094366,0.417285,64
4,-0.4416841,1.431305,0.5967295,65
4,-0.4026059,0.6243059,0.5116107,66
4,-0.1953973,0.6158762,0.6006234,67
4,-0.179695,1.429937,0.5363361,68
4,0.2566507,0.6067536,0.4733417,69
