Case,X,Y,Z,a,v,index
18,-0.3197303,0.6194752,0.6047498,0
18,-0.2087148,0.6101577,0.4467589,1
18,-0.2570816,0.7980679,0.4471593,2
18,-0.4690032,0.7035824,0.6287943,3
18,-0.0624736,0.6044362,0.4144793,4
18,0.05628341,0.6324747,0.4405498,5
18,-0.1454047,0.7282166,0.6696754,6
18,-0.3799525,0.8175563,0.3995266,7
18,-0.00446102,0.7480824,0.4416721,8
18,-0.02904853,0.9619017,0.6124262,9
18,0.04199016,1.132201,0.4894422,10
18,-0.09693056,1.048947,0.6337348,11
18,-0.4669473,0.888384,0.526556,12
18,0.1763592,0.6927515,0.4764902,13
18,0.1357405,1.063312,0.6523221,14
18,0.2421894,0.8051753,0.6151192,15
18,0.3385248,1.003764,0.5508096,16
18,-0.3852154,0.9737144,0.4308131,17
18,-0.4813076,1.145322,0.6535571,18
18,-0.4830022,1.026774,0.4581242,19
18,-0.05220798,1.223658,0.5235087,20
18,0.3857364,0.7432073,0.4395323,21
18,-0.06575927,1.471786,0.5790348,22
18,0.2772986,0.9111686,0.499871,23
18,0.0461691,1.477745,0.4625144,24
18,0.1881331,1.435242,0.4288959,25
18,-0.05229598,1.587889,0.5336365,26
18,0.431295,0.8449447,0.4907968,27
18,-0.2369038,1.430692,0.5783204,28
18,-0.3618361,1.267425,0.458082,29
18,0.3197973,1.405741,0.4598935,30
18,0.297629,0.6198196,0.4187925,31
18,0.1581602,1.557489,0.60737,32
18,-0.2277676,1.585827,0.5282282,33
18,0.4473408,1.089912,0.5121154,34
18,-0.3464934,1.466601,0.4937716,35
18,0.4660434,1.202582,0.5821873,36
18,-0.466611,1.316482,0.5963654,37
18,0.4438223,0.6372915,0.4594871,38
18,-0.4563255,1.553414,0.4361225,39
18,-0.4967608,1.444587,0.446204,40
18,-0.3451278,1.590344,0.4416318,41
18,0.3506388,1.560984,0.456672,42
18,0.4849116,1.592799,0.5760024,43
18,0.4533786,1.38444,0.5763549,44
18,0.4554065,0.9736408,0.6067173,45
