Case,X,Y,Z,a,v,index
14,0.36376,0.884906,0.4695555,0
14,0.2547567,0.7643464,0.5173378,1
14,0.4222893,1.003182,0.484234,2
14,0.4514893,0.9144663,0.3898114,3
14,0.2525639,0.6183404,0.4448411,4
14,0.3836802,0.7791331,0.5918068,5
14,0.1872445,0.6876346,0.5093165,6
14,0.3503054,0.6256751,0.6335406,7
14,0.2154516,1.1593,0.4397605,8
14,0.07340455,1.259845,0.4915508,9
14,0.4311529,0.6667741,0.5204049,10
14,0.476893,0.7474097,0.4684496,11
14,0.3761159,1.114136,0.5711742,12
14,0.2041817,1.009449,0.4694771,13
14,0.07158756,0.9755515,0.4255888,14
14,0.09789193,0.6464261,0.5336175,15
14,0.005172789,0.636745,0.4903747,16
14,-0.07884657,1.318407,0.5775772,17
14,0.4918929,1.109912,0.5288104,18
14,0.1168615,1.097202,0.4400972,19
14,-0.09982759,0.7519195,0.4854296,20
14,-0.1191539,0.6519552,0.4417822,21
14,0.06323808,0.8725579,0.6214816,22
14,-0.01771775,0.9554681,0.6257685,23
14,-0.03555012,1.095745,0.5423852,24
14,0.08496118,1.53033,0.5258924,25
14,-0.2734917,0.7407265,0.5183213,26
14,-0.1855856,0.7807703,0.4137182,27
14,0.3616025,1.21112,0.5539533,28
14,0.3610181,1.365815,0.5515397,29
14,-0.1307618,0.9712421,0.5270253,30
14,0.2137938,1.497242,0.4046308,31
14,0.4625494,1.197266,0.5257058,32
14,0.2819962,1.429074,0.6550688,33
14,0.486479,1.444968,0.5224426,34
14,0.3433447,1.545276,0.424924,35
14,-0.09746766,1.228242,0.3990715,36
14,-0.2756942,0.8877759,0.5031665,37
14,0.1823518,1.586779,0.3987216,38
14,0.4378088,1.586583,0.4265605,39
14,0.4690611,1.287445,0.504406,40
14,-0.0699521,1.480081,0.4550465,41
14,-0.3975077,1.263235,0.6382334,42
14,-0.3921771,0.7227765,0.6102553,43
14,-0.1192146,1.56355,0.6040982,44
14,-0.4540289,1.012446,0.5233392,45
14,-0.2135239,0.6419716,0.5185893,46
14,-0.2468116,1.395077,0.4383583,47
14,-0.1319958,1.069153,0.5536011,48
14,0.04472727,1.162,0.6746072,49
14,-0.4909958,0.8741828,0.5103484,50
14,-0.00127694,1.598322,0.4501765,51
14,-0.4383569,0.8005948,0.5269276,52
14,-0.3983076,0.9266863,0.4739726,53
14,-0.4958167,1.310544,0.4662277,54
14,-0.3423207,0.9986584,0.4959491,55
14,-0.447132,1.38687,0.3874541,56
14,-0.4474133,1.120173,0.4042135,57
14,-0.3403243,0.8205705,0.4515939,58
14,-0.34852,1.465042,0.4085582,59
14,-0.4601558,1.49126,0.481812,60
14,-0.4122945,0.632934,0.5241108,61
14,-0.3107,0.6458412,0.4789774,62
14,-0.3242923,1.346652,0.5919857,63
14,-0.4871224,0.7175024,0.3927283,64
14,-0.2424302,1.505803,0.4909019,65
14,-0.4560703,1.595855,0.4588689,66
14,-0.271665,1.596741,0.6342458,67
14,-0.3640755,1.560142,0.4554156,68
