Case,X,Y,Z,a,v,index
22,-0.4512751,0.8891097,0.5200889,0
22,-0.4284178,0.9991384,0.4116612,1
22,-0.3900135,1.180639,0.6264657,2
22,-0.4094281,1.307068,0.490503,3
22,-0.3007981,0.8908958,0.5718298,4
22,-0.3099414,1.368162,0.6230262,5
22,-0.3859128,0.7754269,0.6494635,6
22,-0.3256114,0.6419181,0.5012781,7
22,-0.05527267,1.178871,0.5785284,8
22,0.01678163,1.079205,0.617588,9
22,-0.2511931,0.770799,0.4544564,10
22,-0.1653779,1.466244,0.6762699,11
22,0.1403272,1.154643,0.4225336,12
22,-0.4862301,0.6625152,0.4246937,13
22,0.04512173,1.227386,0.4516197,14
22,-0.1144693,1.052389,0.5437654,15
22,-0.02249545,1.493781,0.5060654,16
22,-0.1191965,0.6047921,0.5302578,17
22,-0.4123527,1.51706,0.5984656,18
22,-0.1066378,0.7231603,0.4492931,19
22,0.0418278,0.6670396,0.5967208,20
22,0.1505885,1.481281,0.5471764,21
22,0.3374889,1.39797,0.6540682,22
22,-0.2447497,1.557319,0.387617,23
22,0.1266304,0.7709303,0.438352,24
22,0.1755745,0.6673403,0.4311786,25
22,0.3413255,1.568191,0.4562965,26
22,0.0342465,1.593977,0.4012264,27
22,0.2660382,0.772312,0.4215202,28
22,0.3426709,1.01746,0.4366335,29
22,0.1577493,1.59708,0.6127889,30
22,0.3897439,0.6955571,0.4781978,31
22,0.459448,0.8848189,0.4820554,32
22,0.3794029,1.256297,0.6765695,33
22,0.4912478,1.072582,0.412795,34
22,0.303413,0.6001944,0.4679208,35
22,-0.1229964,1.578539,0.6292945,36
22,0.4795337,1.564472,0.4431611,37
22,0.3569711,0.8379015,0.546234,38
22,0.4356753,1.451411,0.5204594,39
22,0.4677022,1.344179,0.5345008,40
22,0.3855085,1.133822,0.4975811,41
