Case,X,Y,Z,modeSelected
29,0.1339665,1.035326,0.4713288,pinch
