Case,X,Y,Z,a,v,index
3,-0.3197303,0.6194752,0.4930923,0
3,-0.2087148,0.6101577,0.5235401,1
3,-0.2570816,0.7980679,0.3901623,2
3,-0.4690032,0.7035824,0.5096041,3
3,-0.0624736,0.6044362,0.4310305,4
3,0.05628341,0.6324747,0.4669116,5
3,-0.1454047,0.7282166,0.5175245,6
3,-0.3799525,0.8175563,0.4362113,7
3,-0.00446102,0.7480824,0.5161764,8
3,-0.02904853,0.9619017,0.4524135,9
3,0.04199016,1.132201,0.4511728,10
3,-0.09693056,1.048947,0.6729004,11
3,-0.4669473,0.888384,0.5058438,12
3,0.1763592,0.6927515,0.5116339,13
3,0.1357405,1.063312,0.4573584,14
3,0.2421894,0.8051753,0.6729791,15
3,0.3385248,1.003764,0.3881859,16
3,-0.3852154,0.9737144,0.6187031,17
3,-0.4813076,1.145322,0.6640474,18
3,-0.4830022,1.026774,0.4009547,19
3,-0.05220798,1.223658,0.4832207,20
3,0.3857364,0.7432073,0.6084979,21
3,-0.06575927,1.471786,0.6045647,22
3,0.2772986,0.9111686,0.4233575,23
3,0.0461691,1.477745,0.526266,24
3,0.1881331,1.435242,0.6548054,25
3,-0.05229598,1.587889,0.5516685,26
3,0.431295,0.8449447,0.5154812,27
3,-0.2369038,1.430692,0.4413782,28
3,-0.3618361,1.267425,0.4536479,29
3,0.3197973,1.405741,0.4008029,30
3,0.297629,0.6198196,0.3929185,31
3,0.1581602,1.557489,0.6246938,32
3,-0.2277676,1.585827,0.4212958,33
3,0.4473408,1.089912,0.4399569,34
3,-0.3464934,1.466601,0.5445181,35
3,0.4660434,1.202582,0.4567995,36
3,-0.466611,1.316482,0.4399493,37
3,0.4438223,0.6372915,0.6632733,38
3,-0.4563255,1.553414,0.4143224,39
3,-0.4967608,1.444587,0.5143917,40
3,-0.3451278,1.590344,0.5176662,41
3,0.3506388,1.560984,0.4523959,42
3,0.4849116,1.592799,0.3932685,43
3,0.4533786,1.38444,0.6292087,44
3,0.4554065,0.9736408,0.5960385,45
