Case,X,Y,Z,a,v,index
44,0.36376,0.884906,0.3968754,0
44,0.2547567,0.7643464,0.4147017,1
44,0.4222893,1.003182,0.5661968,2
44,0.4514893,0.9144663,0.4098134,3
44,0.2525639,0.6183404,0.4289661,4
44,0.3836802,0.7791331,0.4027711,5
44,0.1872445,0.6876346,0.6827018,6
44,0.3503054,0.6256751,0.5715104,7
44,0.2154516,1.1593,0.5360268,8
44,0.07340455,1.259845,0.4897128,9
44,0.4311529,0.6667741,0.6232951,10
44,0.476893,0.7474097,0.5268666,11
44,0.3761159,1.114136,0.4176046,12
44,0.2041817,1.009449,0.391923,13
44,0.07158756,0.9755515,0.6354734,14
44,0.09789193,0.6464261,0.4419582,15
44,0.005172789,0.636745,0.4775556,16
44,-0.07884657,1.318407,0.434007,17
44,0.4918929,1.109912,0.428341,18
44,0.1168615,1.097202,0.4702484,19
44,-0.09982759,0.7519195,0.522999,20
44,-0.1191539,0.6519552,0.6680583,21
44,0.06323808,0.8725579,0.5344859,22
44,-0.01771775,0.9554681,0.480959,23
44,-0.03555012,1.095745,0.6254597,24
44,0.08496118,1.53033,0.4037264,25
44,-0.2734917,0.7407265,0.4303988,26
44,-0.1855856,0.7807703,0.5476075,27
44,0.3616025,1.21112,0.5154485,28
44,0.3610181,1.365815,0.621061,29
44,-0.1307618,0.9712421,0.4675936,30
44,0.2137938,1.497242,0.465301,31
44,0.4625494,1.197266,0.4309393,32
44,0.2819962,1.429074,0.4539968,33
44,0.486479,1.444968,0.4895531,34
44,0.3433447,1.545276,0.5220776,35
44,-0.09746766,1.228242,0.4562538,36
44,-0.2756942,0.8877759,0.6659247,37
44,0.1823518,1.586779,0.4485576,38
44,0.4378088,1.586583,0.673599,39
44,0.4690611,1.287445,0.3882497,40
44,-0.0699521,1.480081,0.4543844,41
44,-0.3975077,1.263235,0.4228594,42
44,-0.3921771,0.7227765,0.5068819,43
44,-0.1192146,1.56355,0.5600227,44
44,-0.4540289,1.012446,0.4702179,45
44,-0.2135239,0.6419716,0.6773078,46
44,-0.2468116,1.395077,0.4648655,47
44,-0.1319958,1.069153,0.4037031,48
44,0.04472727,1.162,0.4730475,49
44,-0.4909958,0.8741828,0.4515505,50
44,-0.00127694,1.598322,0.5376825,51
44,-0.4383569,0.8005948,0.4046054,52
44,-0.3983076,0.9266863,0.6342671,53
44,-0.4958167,1.310544,0.6017224,54
44,-0.3423207,0.9986584,0.516871,55
44,-0.447132,1.38687,0.4963685,56
44,-0.4474133,1.120173,0.606108,57
44,-0.3403243,0.8205705,0.5390412,58
44,-0.34852,1.465042,0.4755148,59
44,-0.4601558,1.49126,0.4085136,60
44,-0.4122945,0.632934,0.6274287,61
44,-0.3107,0.6458412,0.3989449,62
44,-0.3242923,1.346652,0.4219624,63
44,-0.4871224,0.7175024,0.5076431,64
44,-0.2424302,1.505803,0.5445824,65
44,-0.4560703,1.595855,0.3870287,66
44,-0.271665,1.596741,0.5018154,67
44,-0.3640755,1.560142,0.4153377,68
