Case,X,Y,Z,a,v,index
5,0.009501994,1.167466,0.4592865,0
5,0.1867266,1.462806,0.4712538,1
5,-0.09964421,1.560996,0.4269386,2
5,0.4607139,1.235311,0.4829144,3
5,-0.09557852,1.443615,0.4841784,4
5,0.4994676,1.111667,0.4741623,5
5,0.4908717,1.357578,0.5673817,6
5,-0.2088888,1.513801,0.6059116,7
5,0.3572323,1.485583,0.4391138,8
5,0.4905676,1.503937,0.4788135,9
5,0.4629035,0.955566,0.6680153,10
5,0.3882641,1.591805,0.6285212,11
5,0.2695013,1.572758,0.4319886,12
5,0.3607178,1.316786,0.395889,13
5,-0.2690013,1.350988,0.5105202,14
5,0.2826281,1.394963,0.4056024,15
5,0.0120346,1.052443,0.6430936,16
5,0.07632858,1.554364,0.3886774,17
5,-0.02103782,0.6345962,0.4860665,18
5,-0.1466841,1.075139,0.4746641,19
5,0.2457824,0.8231745,0.4918074,20
5,-0.1689799,0.7627676,0.6836324,21
5,-0.06207523,0.9589568,0.4633803,22
5,-0.2844818,0.9043791,0.4440236,23
5,-0.3922611,1.213108,0.6779108,24
5,0.1517232,0.6683275,0.4394471,25
5,-0.4645724,1.385281,0.5005912,26
5,-0.4812332,1.020087,0.6271043,27
5,-0.4058843,0.850158,0.5659659,28
5,0.4134564,0.7548617,0.603802,29
5,-0.494221,1.142682,0.3986507,30
5,0.2820135,0.6767685,0.4449493,31
5,-0.4986836,1.598936,0.4491526,32
5,-0.3259166,1.523617,0.5078566,33
5,-0.2594055,0.6900633,0.4498471,34
5,0.04998565,0.7735882,0.4306458,35
5,0.3518623,0.8958032,0.4639348,36
5,-0.1714083,0.6104065,0.5129679,37
5,0.4850643,0.6582474,0.5968934,38
5,-0.3655504,0.6531602,0.5477298,39
5,0.3784437,0.6016917,0.6054142,40
5,0.4927448,0.8483266,0.4792816,41
5,-0.3169044,0.7844891,0.680912,42
5,-0.4892783,0.7243062,0.6025355,43
