Case,X,Y,Z,a,v,index
4,0.2777024,0.8375412,0.5521489,0
4,0.1664311,0.670546,0.5860779,1
4,0.3422856,0.9741812,0.4634342,2
4,0.4003472,1.154662,0.6528492,3
4,0.2638447,0.6128839,0.4988516,4
4,0.3059537,1.315766,0.4897339,5
4,0.3984371,0.8395079,0.5454848,6
4,0.4277458,0.6271738,0.399449,7
4,0.3543562,0.7339152,0.6605617,8
4,0.1216477,1.088341,0.6815649,9
4,-0.05402845,1.171433,0.4942514,10
4,0.4768794,0.7517662,0.484686,11
4,-0.002332449,1.034669,0.4012441,12
4,-0.1427993,0.747343,0.4043541,13
4,0.4593524,1.056525,0.4219657,14
4,-0.3285619,0.6832511,0.4057781,15
4,-0.1551669,1.116339,0.3980951,16
4,-0.007177621,0.6364384,0.6516883,17
4,0.1095927,1.450091,0.4830679,18
4,0.1670853,0.8043686,0.4353656,19
4,-0.490806,0.6745516,0.4281942,20
4,-0.08754757,1.45082,0.5077472,21
4,-0.3920419,0.968031,0.518849,22
4,0.48711,0.9058129,0.4349826,23
4,-0.3514071,1.211447,0.5077032,24
4,-0.1823549,0.6145123,0.4992034,25
4,-0.3712955,0.8320369,0.4620648,26
4,-0.2263582,0.822596,0.4628793,27
4,-0.4560768,1.059562,0.484654,28
4,0.00383532,1.516025,0.4915757,29
4,0.4984918,1.36676,0.584253,30
4,0.2285853,1.484399,0.6503541,31
4,-0.339658,1.075689,0.6012377,32
4,-0.2927218,1.314997,0.6712871,33
4,0.4307065,1.261246,0.5843692,34
4,-0.2014821,1.431201,0.5297347,35
4,-0.1183228,1.561711,0.3978947,36
4,-0.4787096,0.8862045,0.4270588,37
4,0.1500928,1.562711,0.5931016,38
4,0.2666546,1.588521,0.6472311,39
4,-0.4767739,1.220574,0.4746,40
4,-0.3059981,1.480107,0.4048856,41
4,-0.4364218,1.32708,0.5022601,42
4,0.3323421,1.425084,0.4082088,43
4,0.4363207,1.468471,0.6639737,44
4,-0.4561355,1.516689,0.4973159,45
4,0.4200652,1.582513,0.5874633,46
4,-0.263252,1.599532,0.5148305,47
