Case,X,Y,Z,a,v,index
9,0.3399369,1.216096,0.6478871,0
9,0.06045675,1.242463,0.6420218,1
9,0.09575808,1.128646,0.3918343,2
9,-0.04675952,1.160851,0.5451927,3
9,0.324496,0.9866744,0.5496269,4
9,0.1130248,0.7565259,0.5992483,5
9,0.4371348,1.323224,0.5853772,6
9,0.01219052,0.993651,0.4441047,7
9,0.4899578,1.448773,0.3950619,8
9,-0.08088779,0.7157208,0.6090147,9
9,0.2798242,1.393262,0.4251433,10
9,0.4326222,1.079491,0.4352532,11
9,0.231475,1.499813,0.5944252,12
9,0.1813222,0.66944,0.5673258,13
9,0.2114862,0.8323228,0.4006499,14
9,0.347777,1.531862,0.65039,15
9,0.04579347,0.6181342,0.5191039,16
9,0.3789772,0.7554146,0.5738163,17
9,0.4534262,0.9606633,0.4002618,18
9,-0.1630268,0.6355991,0.6002305,19
9,0.4731272,1.594054,0.4242738,20
9,0.3481997,0.8743489,0.4089765,21
9,-0.09415591,1.049701,0.6222464,22
9,-0.3062166,0.7568684,0.6087799,23
9,0.09968913,1.580411,0.5380359,24
9,-0.01366416,1.448282,0.6817901,25
9,0.4947066,0.8434402,0.4816343,26
9,0.4692273,0.666739,0.4309143,27
9,0.3015789,0.6701624,0.6170188,28
9,-0.2236644,1.392837,0.4045552,29
9,-0.3491482,0.8810123,0.5321003,30
9,-0.08311296,1.559227,0.5322018,31
9,0.4901053,1.173903,0.6646662,32
9,-0.4858206,0.7401143,0.4923891,33
9,-0.4827951,0.8773026,0.4472385,34
9,-0.3259304,1.586941,0.4763874,35
9,-0.3852929,0.6316778,0.6830462,36
9,-0.4429477,1.002318,0.4345153,37
9,-0.4158984,1.272499,0.566976,38
9,-0.4854766,1.113615,0.4100856,39
9,-0.2744391,0.6213977,0.5423022,40
9,-0.3660442,1.457761,0.538112,41
9,-0.2118069,1.579481,0.4713936,42
9,-0.4868219,1.46849,0.6168035,43
9,-0.4970936,0.6127017,0.6635653,44
9,-0.3013878,1.302453,0.6859488,45
