Case,X,Y,Z,a,v,index
2,-0.2780068,1.470732,0.6012909,0
2,-0.3191495,1.34453,0.5071114,1
2,-0.4779992,1.541077,0.4535591,2
2,-0.2719156,1.589713,0.4976689,3
2,-0.4088144,1.447086,0.4374518,4
2,-0.1559264,1.556402,0.4829383,5
2,-0.1529751,1.429497,0.5967524,6
2,-0.4471014,1.266195,0.4683225,7
2,-0.396771,1.159251,0.649566,8
2,0.05855238,1.58949,0.5194771,9
2,-0.08360159,1.214856,0.4805027,10
2,-0.01573643,1.493653,0.3985755,11
2,-0.4964016,1.072494,0.4863042,12
2,0.1883995,1.568918,0.3980921,13
2,-0.3531768,1.054007,0.469279,14
2,-0.4945068,1.367984,0.401448,15
2,-0.116456,1.015527,0.6838922,16
2,0.03971308,1.153224,0.6743603,17
2,-0.01982215,0.955097,0.5273955,18
2,-0.4473267,0.9350852,0.4472622,19
2,0.1005943,1.451986,0.3880533,20
2,-0.2611245,0.8642624,0.6782891,21
2,0.1333507,1.009739,0.4720512,22
2,0.217596,1.420658,0.4647276,23
2,0.3763959,1.547666,0.6023108,24
2,0.3501114,1.230271,0.5266794,25
2,-0.1402781,0.701728,0.3929587,26
2,-0.4314097,0.7761112,0.40316,27
2,0.02652007,0.7307147,0.6861308,28
2,0.1373619,0.7408451,0.5016859,29
2,0.208514,0.642377,0.444066,30
2,0.3904971,1.434248,0.3963945,31
2,-0.2734228,0.7546922,0.5382143,32
2,0.4856389,1.162052,0.585351,33
2,-0.01060444,0.6132415,0.4798863,34
2,0.3890041,0.7041485,0.5495025,35
2,0.4880969,0.6285436,0.6587433,36
2,0.333151,0.9140787,0.4528095,37
2,-0.397907,0.6199264,0.6857839,38
2,0.386224,1.100352,0.5226762,39
2,0.4374813,0.8487814,0.524681,40
2,-0.2563644,0.6340743,0.4362731,41
2,0.4807322,1.024816,0.3926733,42
2,0.3039011,0.7754599,0.6637204,43
2,0.4820269,1.342244,0.5079423,44
2,0.4955317,1.585192,0.4685267,45
