Case,X,Y,Z,a,v,index
15,-0.09231296,0.6553661,0.4654718,0
15,0.1036015,0.6733572,0.6051544,1
15,0.01235992,0.6099758,0.410549,2
15,0.2154669,0.6265669,0.6645824,3
15,-0.2740204,0.6724259,0.3971927,4
15,0.3446485,0.6320571,0.5055915,5
15,0.3713085,0.7707636,0.4191689,6
15,-0.1668584,0.7924962,0.4191816,7
15,0.4507063,0.9519517,0.6837181,8
15,-0.3000184,0.8777623,0.4054652,9
15,0.04450941,1.007814,0.5065765,10
15,-0.4381813,0.767274,0.5693483,11
15,0.2577174,0.7533494,0.5056998,12
15,-0.4070268,0.6073884,0.4985386,13
15,0.3478838,1.013041,0.5098854,14
15,-0.09455866,1.124677,0.5339413,15
15,-0.06408998,0.9785857,0.5235486,16
15,0.3659194,1.123966,0.5110978,17
15,0.4770021,0.6270764,0.5328837,18
15,0.4947848,1.152555,0.4213116,19
15,0.3144808,0.88965,0.6632824,20
15,0.4901394,0.7652312,0.4353804,21
15,0.07217544,1.143998,0.5384947,22
15,0.328065,1.230495,0.4714521,23
15,-0.4099138,1.00484,0.5344877,24
15,0.411155,1.399091,0.4587066,25
15,-0.3480504,1.282832,0.519527,26
15,-0.4171035,1.191808,0.5234549,27
15,0.2607092,1.432945,0.4716092,28
15,-0.4404407,1.355422,0.682544,29
15,-0.4888638,1.083289,0.6580933,30
15,-0.462481,0.8916916,0.5262665,31
15,0.4243038,1.542533,0.4491486,32
15,0.4598138,1.275589,0.4697227,33
15,-0.3660868,1.522563,0.567234,34
15,0.2492132,1.553217,0.5278916,35
15,0.1300951,1.557388,0.4037025,36
15,-0.06219414,1.501617,0.5203245,37
15,-0.3289775,1.399726,0.5240856,38
15,-0.2322729,1.561256,0.5689755,39
15,-0.485131,1.563861,0.4941996,40
