Case,X,Y,Z,a,v,index
12,-0.4043737,1.023242,0.4805348,0
12,-0.3413654,0.8406861,0.6144508,1
12,-0.2237309,0.8179217,0.5057368,2
12,-0.1360621,1.026659,0.4816382,3
12,-0.08939978,1.183312,0.4270528,4
12,-0.1621246,0.6650287,0.5062915,5
12,-0.007927567,0.6799365,0.5071849,6
12,-0.2774536,0.7105929,0.4457751,7
12,0.1072642,0.6965817,0.4998814,8
12,-0.3681386,0.6182284,0.4086357,9
12,-0.4252845,0.7333893,0.4322417,10
12,-0.446298,0.8808436,0.4312885,11
12,0.02956063,1.010132,0.538591,12
12,0.3716919,1.02324,0.4758315,13
12,0.1819428,0.8249121,0.5362912,14
12,-0.4915114,0.6105524,0.4988158,15
12,0.1060021,1.090734,0.5362387,16
12,0.301729,0.9285388,0.6119343,17
12,0.2398115,0.6712039,0.4034789,18
12,0.1034955,1.207892,0.4349768,19
12,0.3399343,0.817396,0.437946,20
12,-0.3602212,1.349825,0.5079204,21
12,-0.4596093,1.15985,0.4828985,22
12,-0.1136853,1.445098,0.5130403,23
12,0.01870543,1.564901,0.4727369,24
12,-0.2197961,1.376015,0.3953745,25
12,0.4458845,1.273794,0.5165261,26
12,0.4837519,1.101624,0.509735,27
12,0.3263878,1.443631,0.4192077,28
12,0.4580548,0.6942778,0.5937158,29
12,-0.4667735,1.294455,0.658521,30
12,0.328733,1.309008,0.4154688,31
12,0.179319,1.519936,0.4418211,32
12,-0.4892363,1.402777,0.4251166,33
12,0.4886425,0.8995744,0.5136303,34
12,-0.2597047,1.510701,0.4436703,35
12,0.3473152,1.553221,0.5913005,36
12,0.4812436,1.541495,0.4090093,37
12,0.4376163,1.436062,0.4537894,38
12,-0.4740822,1.532675,0.447486,39
12,-0.09351149,1.599919,0.5571051,40
12,-0.3740522,1.472814,0.5348231,41
12,0.3563902,0.6021509,0.6723506,42
