Case,X,Y,Z,a,v,index
14,-0.1152269,1.459708,0.430176,0
14,0.08639407,1.14352,0.579152,1
14,-0.2957572,1.355853,0.3875567,2
14,-0.1006594,1.210386,0.4635831,3
14,0.1747785,1.422019,0.4647351,4
14,0.0797019,1.585255,0.4017022,5
14,0.3974426,1.175603,0.6451396,6
14,0.1339665,1.035326,0.6234921,7
14,0.2134618,1.578127,0.4056506,8
14,0.2675947,1.354327,0.4571294,9
14,0.3676519,0.9931097,0.4312351,10
14,-0.1867914,1.375142,0.4546149,11
14,-0.4080095,1.388047,0.6853781,12
14,0.3123724,1.482345,0.4237015,13
14,0.003992617,1.487729,0.4205011,14
14,-0.2670633,1.576562,0.5261569,15
14,0.4307281,1.530177,0.38723,16
14,-0.2237729,0.7959017,0.4185594,17
14,-0.418207,1.518465,0.3881934,18
14,0.422358,1.407844,0.4397392,19
14,-0.3420761,0.8170471,0.4005646,20
14,-0.3194771,1.469309,0.4567419,21
14,-0.005096912,1.042447,0.5297894,22
14,-0.1188856,1.575455,0.3963833,23
14,0.4711949,0.8552654,0.4442583,24
14,-0.3687426,1.267335,0.3899949,25
14,-0.3698151,1.004688,0.5405554,26
14,-0.09956709,0.7048731,0.4442901,27
14,0.01950109,1.240084,0.4372012,28
14,-0.3650328,0.6819937,0.6656832,29
14,-0.4998064,0.8295761,0.6711572,30
14,-0.4837612,0.945189,0.4933891,31
14,0.1039754,0.7678976,0.5385733,32
14,-0.4697825,1.084587,0.6134399,33
14,0.08473557,0.6127239,0.672819,34
14,-0.2064633,0.6379846,0.4869579,35
14,0.4887085,1.049595,0.6200681,36
14,0.2644665,0.6705368,0.4600348,37
14,0.3045452,0.7759336,0.4557358,38
14,-0.4996241,1.242079,0.5070995,39
14,0.3852997,1.299301,0.6115589,40
14,-0.4974052,0.6693391,0.6233835,41
14,0.4931325,1.24607,0.5128016,42
14,0.4408292,0.627739,0.5322726,43
14,0.4145756,0.7570799,0.5425953,44
14,0.3012792,0.8860451,0.3956054,45
14,-0.02699968,0.600678,0.6552873,46
