Case,X,Y,Z,a,v,index
42,0.3701242,1.182277,0.5136847,0
42,0.4444676,0.9063593,0.3904536,1
42,0.4464175,0.7760707,0.4959759,2
42,0.4508157,1.055449,0.4475853,3
42,0.3671234,0.7092783,0.4197363,4
42,0.4833163,0.6515536,0.6532547,5
42,0.2784894,0.7650559,0.659261,6
42,0.3980064,0.6140435,0.4045511,7
42,0.3440878,0.8480085,0.5426407,8
42,0.282422,0.647531,0.4956321,9
42,0.1961098,0.7117429,0.4158752,10
42,0.4660882,1.20957,0.4752823,11
42,0.08959901,0.9824455,0.680892,12
42,0.3844547,0.9908252,0.5892909,13
42,0.1337953,0.6122114,0.5156463,14
42,0.009563386,0.6574029,0.4660399,15
42,0.1806495,1.140012,0.4386351,16
42,0.03207695,0.881165,0.3935737,17
42,0.2033603,1.012025,0.3967436,18
42,0.03188789,1.153444,0.485162,19
42,0.37257,1.357161,0.4558319,20
42,-0.12775,0.9879413,0.6145307,21
42,-0.09095055,0.6862608,0.6026189,22
42,-0.1839049,0.7346189,0.4847025,23
42,-0.09615824,1.255751,0.5146997,24
42,0.308668,1.443402,0.4442316,25
42,-0.0161126,1.042437,0.6602581,26
42,0.1031228,1.266988,0.5201105,27
42,-0.002684087,1.330394,0.6241502,28
42,0.2113459,1.442386,0.525,29
42,-0.1159263,1.124254,0.5022368,30
42,-0.1477376,0.6067415,0.6680219,31
42,-0.3200582,0.815388,0.5554034,32
42,-0.3080754,0.7189139,0.5865121,33
42,-0.2495917,0.634572,0.5168061,34
42,0.09215504,0.7038483,0.3909028,35
42,-0.1917458,1.211375,0.403121,36
42,0.4096038,1.463017,0.4573196,37
42,0.4819146,1.322052,0.4148459,38
42,0.3888232,1.588351,0.3886245,39
42,0.203669,1.573551,0.4130924,40
42,-0.4039194,0.6580697,0.4390622,41
42,0.09507221,1.469456,0.4422455,42
42,-0.02443889,1.455598,0.468643,43
42,-0.4470902,0.8394509,0.6157393,44
42,-0.3998196,0.7513408,0.6480207,45
42,-0.1451267,1.480111,0.4964164,46
42,-0.380179,1.127614,0.4166542,47
42,-0.4805922,0.9823921,0.4549653,48
42,-0.4944677,0.7246354,0.4862682,49
42,-0.28488,1.349129,0.5699304,50
42,-0.4280325,1.26663,0.5911218,51
42,-0.2887229,1.445024,0.5298911,52
42,-0.4770563,1.109232,0.4245144,53
42,-0.3801252,1.49747,0.5230474,54
42,0.3036092,1.553356,0.4349794,55
42,-0.3947157,1.015061,0.4663398,56
42,-0.3955244,1.37256,0.6746083,57
42,-0.2868976,1.575961,0.4646024,58
42,0.08557433,1.573303,0.4764897,59
42,0.4675968,1.544808,0.466379,60
42,-0.4768232,1.415926,0.5239719,61
42,-0.4756763,1.589185,0.4717413,62
42,-0.491528,0.6267601,0.6832587,63
42,-0.1375423,1.598808,0.4159164,64
42,-0.006308049,1.573166,0.4706972,65
