Case,X,Y,Z,a,v,index
37,-0.3197303,0.6194752,0.4051054,0
37,-0.2288994,0.6118518,0.4390081,1
37,-0.2684723,0.7655965,0.4186207,2
37,-0.4418626,0.6882902,0.4705362,3
37,-0.1092475,0.6071706,0.5524955,4
37,-0.2621471,0.9267849,0.5838764,5
37,-0.01208273,0.6301112,0.453029,6
37,-0.1771002,0.7084455,0.458113,7
37,-0.369003,0.7815415,0.4431415,8
37,-0.06178272,0.7246993,0.4139114,9
37,-0.08189976,0.8996423,0.474233,10
37,-0.02377722,1.038978,0.4685533,11
37,-0.1374396,0.9708613,0.5248348,12
37,0.08221602,0.8925573,0.6480836,13
37,-0.4692136,0.7860814,0.4603257,14
37,0.08616108,0.6794285,0.397364,15
37,0.05292755,0.9826145,0.5093901,16
37,0.1461641,1.013827,0.5109898,17
37,-0.4787015,0.9138547,0.6446018,18
37,-0.3697257,0.9025645,0.6822284,19
37,0.06514013,1.126018,0.4995508,20
37,0.1775692,1.129011,0.4565314,21
37,-0.4844067,1.062822,0.6270179,22
37,-0.3670008,1.050887,0.4468026,23
37,-0.4484123,1.150846,0.6815279,24
37,0.2574697,0.7207106,0.4466787,25
37,-0.4132518,1.270209,0.5861673,26
37,-0.177464,1.075511,0.6268872,27
37,0.2334713,1.377326,0.5283763,28
37,-0.03673741,1.128299,0.5361943,29
37,-0.2002956,1.167941,0.4989833,30
37,0.3736222,0.6859351,0.4463334,31
37,0.08654445,1.316522,0.4833754,32
37,0.1170372,1.21386,0.5594079,33
37,0.378138,0.8843296,0.4276439,34
37,-0.03932703,1.25606,0.4510014,35
37,0.1570682,0.6124464,0.6013212,36
37,-0.4246038,1.398966,0.6458435,37
37,0.3984824,1.011159,0.4643286,38
37,0.2889054,0.6269898,0.4694197,39
37,0.3532325,1.320926,0.446286,40
37,0.4518052,1.211723,0.4081079,41
37,0.4798469,1.061254,0.4287601,42
37,0.08975023,1.469856,0.5132806,43
37,0.3646182,0.7896065,0.5866254,44
37,0.4955791,0.8052853,0.5711665,45
37,0.204542,1.478765,0.4810399,46
37,0.3663836,1.165688,0.4883673,47
37,-0.3017452,1.359845,0.5606016,48
37,0.4593034,0.9393228,0.5496938,49
37,0.1559528,1.571309,0.5280159,50
37,0.3182267,1.590528,0.5293726,51
37,0.03726441,1.592769,0.5710475,52
37,0.4865476,0.7129642,0.4999949,53
37,0.4353801,1.377072,0.4766602,54
37,0.3141982,1.447388,0.5071358,55
37,0.446219,0.6164688,0.5442648,56
37,0.4586262,1.570512,0.465454,57
37,0.4585413,1.477788,0.674091,58
37,-0.07488546,1.53842,0.6223736,59
37,-0.224272,1.444457,0.6210518,60
37,-0.1784089,1.543609,0.3933484,61
37,-0.4725656,1.50854,0.602554,62
37,-0.09854433,1.436943,0.4893816,63
37,-0.4996533,1.34722,0.5308244,64
37,-0.2748905,1.584423,0.5563797,65
37,-0.127295,1.223146,0.5856847,66
37,-0.3117619,1.499223,0.4294007,67
37,-0.3768137,1.565236,0.4756497,68
