Case,X,Y,Z,a,v,index
2,-0.2780068,1.470732,0.6520089,0
2,-0.3191495,1.34453,0.6632016,1
2,-0.4779992,1.541077,0.5738127,2
2,-0.2719156,1.589713,0.5080974,3
2,-0.4088144,1.447086,0.5060742,4
2,-0.1559264,1.556402,0.4601609,5
2,-0.1529751,1.429497,0.5092697,6
2,-0.4471014,1.266195,0.5256884,7
2,-0.396771,1.159251,0.6103474,8
2,0.05855238,1.58949,0.633772,9
2,-0.08360159,1.214856,0.5015796,10
2,-0.01573643,1.493653,0.6147388,11
2,-0.4964016,1.072494,0.53487,12
2,0.1883995,1.568918,0.3990865,13
2,-0.3531768,1.054007,0.400371,14
2,-0.4945068,1.367984,0.5053928,15
2,-0.116456,1.015527,0.4571934,16
2,0.03971308,1.153224,0.6414438,17
2,-0.01982215,0.955097,0.665513,18
2,-0.4473267,0.9350852,0.6054007,19
2,0.1005943,1.451986,0.6304206,20
2,-0.2611245,0.8642624,0.575388,21
2,0.1333507,1.009739,0.4989062,22
2,0.217596,1.420658,0.4321083,23
2,0.3763959,1.547666,0.4836597,24
2,0.3501114,1.230271,0.4786001,25
2,-0.1402781,0.701728,0.5770472,26
2,-0.4314097,0.7761112,0.5283802,27
2,0.02652007,0.7307147,0.4965115,28
2,0.1373619,0.7408451,0.3916146,29
2,0.208514,0.642377,0.4793061,30
2,0.3904971,1.434248,0.682712,31
2,-0.2734228,0.7546922,0.476332,32
2,0.4856389,1.162052,0.4348359,33
2,-0.01060444,0.6132415,0.6790379,34
2,0.3890041,0.7041485,0.4447088,35
2,0.4880969,0.6285436,0.5204631,36
2,0.333151,0.9140787,0.4111165,37
2,-0.397907,0.6199264,0.5410472,38
2,0.386224,1.100352,0.4165932,39
2,0.4374813,0.8487814,0.6788321,40
2,-0.2563644,0.6340743,0.573969,41
2,0.4807322,1.024816,0.4285413,42
2,0.3039011,0.7754599,0.4387284,43
2,0.4820269,1.342244,0.4733726,44
2,0.4955317,1.585192,0.4741114,45
