Case,X,Y,Z,a,v,index
45,-0.2514899,1.049975,0.5174296,0
45,-0.3765767,1.028103,0.6432123,1
45,-0.3250244,0.8787388,0.501758,2
45,-0.157049,1.030898,0.4880111,3
45,-0.1188707,1.159069,0.6157251,4
45,-0.1783729,0.735019,0.5248654,5
45,-0.05221164,0.7472163,0.5705003,6
45,-0.2727329,0.7722988,0.3926233,7
45,-0.03257033,0.6362029,0.4677936,8
45,0.03165966,0.9217459,0.3921931,9
45,0.1362704,1.04142,0.3922496,10
45,-0.1142328,0.9452485,0.4948704,11
45,-0.3140677,0.6624167,0.4667579,12
45,0.04417622,0.7052257,0.3917543,13
45,-0.347742,1.177143,0.4972315,14
45,-0.2290961,0.6047928,0.5537996,15
45,-0.4668721,1.117046,0.5914804,16
45,-0.1186628,0.6642889,0.4198557,17
45,-0.4575211,0.9523044,0.4233494,18
45,-0.4395212,1.216139,0.4476946,19
45,-0.3731313,1.356198,0.583226,20
45,-0.0008679628,1.059167,0.6109124,21
45,-0.4240541,0.6564543,0.4060736,22
45,-0.4945323,1.341327,0.4523575,23
45,-0.4334149,0.8223709,0.522552,24
45,0.1885309,0.9556372,0.474932,25
45,0.2384646,1.094679,0.3974711,26
45,-0.1436331,1.287358,0.4410755,27
45,-0.2283081,1.457681,0.6784499,28
45,-0.3745559,0.75365,0.4353383,29
45,-0.2862582,1.307155,0.4143239,30
45,0.2101701,0.7263932,0.5164207,31
45,-0.4962783,0.7370754,0.5757681,32
45,-0.3908693,1.468725,0.5867772,33
45,-0.4002871,1.566301,0.5369455,34
45,0.1451737,0.6356013,0.3883724,35
45,-0.02644148,1.174369,0.410029,36
45,-0.4839745,1.515025,0.4811848,37
45,0.2772475,0.8576009,0.6704063,38
45,-0.2826103,1.538617,0.5706086,39
45,0.141388,1.22203,0.6196622,40
45,-0.05218831,1.287675,0.4347427,41
45,0.2643947,0.6420445,0.4571739,42
45,-0.1180031,1.551017,0.677364,43
45,0.07734817,1.126274,0.425145,44
45,0.3323783,1.18156,0.5092557,45
45,0.4964567,1.112132,0.4650563,46
45,0.3624989,1.282096,0.5136237,47
45,0.04661661,1.25694,0.5866244,48
45,0.1316653,1.313992,0.4668638,49
45,0.2098472,1.413127,0.5778489,50
45,0.1517617,1.546405,0.516995,51
45,0.3769392,1.445287,0.6049173,52
45,0.3833847,1.101083,0.3898351,53
45,0.3806496,0.9001234,0.4848968,54
45,0.372864,0.7713265,0.4504188,55
45,0.4235351,0.6814964,0.4765406,56
45,0.02697742,1.519258,0.4174147,57
45,-0.2063714,1.598393,0.6073724,58
45,0.4374571,1.333073,0.6255717,59
45,0.4867771,0.9063942,0.4037816,60
45,0.4833586,1.225502,0.5938962,61
45,0.4841002,0.9981059,0.5215155,62
45,0.4587163,0.8060363,0.5147654,63
45,0.2646864,1.556109,0.4730583,64
45,0.3944745,1.006539,0.452876,65
45,0.4396834,1.512322,0.4887521,66
45,0.3551027,1.563716,0.5340213,67
45,0.4893495,1.423521,0.4550568,68
