Case,X,Y,Z,a,v,index
9,0.3399369,1.216096,0.6075577,0
9,0.06045675,1.242463,0.5973454,1
9,0.09575808,1.128646,0.662503,2
9,-0.04675952,1.160851,0.3909658,3
9,0.324496,0.9866744,0.63951,4
9,0.1130248,0.7565259,0.5588596,5
9,0.4371348,1.323224,0.4765515,6
9,0.01219052,0.993651,0.6403254,7
9,0.4899578,1.448773,0.3940732,8
9,-0.08088779,0.7157208,0.4228806,9
9,0.2798242,1.393262,0.4106128,10
9,0.4326222,1.079491,0.4262681,11
9,0.231475,1.499813,0.6641145,12
9,0.1813222,0.66944,0.423925,13
9,0.2114862,0.8323228,0.4359057,14
9,0.347777,1.531862,0.5328611,15
9,0.04579347,0.6181342,0.427048,16
9,0.3789772,0.7554146,0.4315326,17
9,0.4534262,0.9606633,0.4144284,18
9,-0.1630268,0.6355991,0.6419163,19
9,0.4731272,1.594054,0.4832734,20
9,0.3481997,0.8743489,0.5744186,21
9,-0.09415591,1.049701,0.4821066,22
9,-0.3062166,0.7568684,0.4374489,23
9,0.09968913,1.580411,0.5293805,24
9,-0.01366416,1.448282,0.4223903,25
9,0.4947066,0.8434402,0.505741,26
9,0.4692273,0.666739,0.5165247,27
9,0.3015789,0.6701624,0.5235609,28
9,-0.2236644,1.392837,0.5412341,29
9,-0.3491482,0.8810123,0.4628367,30
9,-0.08311296,1.559227,0.5002821,31
9,0.4901053,1.173903,0.5305312,32
9,-0.4858206,0.7401143,0.6141423,33
9,-0.4827951,0.8773026,0.4742257,34
9,-0.3259304,1.586941,0.6606299,35
9,-0.3852929,0.6316778,0.6387013,36
9,-0.4429477,1.002318,0.5597432,37
9,-0.4158984,1.272499,0.5205389,38
9,-0.4854766,1.113615,0.4092275,39
9,-0.2744391,0.6213977,0.5011481,40
9,-0.3660442,1.457761,0.4555012,41
9,-0.2118069,1.579481,0.6327764,42
9,-0.4868219,1.46849,0.4113694,43
9,-0.4970936,0.6127017,0.6450304,44
9,-0.3013878,1.302453,0.4078338,45
