Case,X,Y,Z,a,v,index
35,-0.4236917,1.379919,0.5037434,0
35,-0.3510343,1.262049,0.4035517,1
35,-0.3361703,1.401426,0.4161288,2
35,-0.2401728,1.387114,0.6131494,3
35,-0.2411543,1.5293,0.5113583,4
35,-0.3230801,1.584775,0.5857651,5
35,-0.3627274,1.492598,0.3919761,6
35,-0.4580184,1.515637,0.3968073,7
35,-0.1536907,1.287405,0.4205837,8
35,-0.05333394,1.303264,0.6257888,9
35,-0.05583203,1.143731,0.4225374,10
35,-0.07240149,1.501744,0.5861347,11
35,-0.1364601,1.570014,0.5002147,12
35,-0.471402,1.3013,0.4498084,13
35,0.02413112,1.492545,0.6699906,14
35,-0.1672006,1.120064,0.4409844,15
35,0.1189915,1.497894,0.6333922,16
35,0.2345369,1.550643,0.6250874,17
35,0.3629864,1.469936,0.6229744,18
35,0.1232017,1.228761,0.4414251,19
35,0.2808809,1.369057,0.4356745,20
35,0.08693916,1.057127,0.5173194,21
35,-0.4637375,1.189993,0.4779921,22
35,-0.1352412,0.9581932,0.4976894,23
35,0.3867007,1.30795,0.516421,24
35,-0.009540647,1.581754,0.6702005,25
35,0.3399487,1.200396,0.5136135,26
35,0.2704908,1.461383,0.5261891,27
35,0.4069086,1.589145,0.5156327,28
35,-0.04334083,0.9708633,0.6022755,29
35,0.2017173,1.167466,0.568882,30
35,-0.007267088,0.871531,0.4530457,31
35,-0.2159352,0.9983559,0.535095,32
35,0.09386945,1.591269,0.5012891,33
35,0.02137649,1.193545,0.3902075,34
35,-0.4985571,1.030431,0.5360745,35
35,-0.4144136,0.9731382,0.3931653,36
35,0.0853501,0.9439493,0.4496993,37
35,0.4943095,1.555588,0.4487537,38
35,0.4562805,1.378667,0.4667975,39
35,-0.270602,0.8584629,0.6776402,40
35,0.2002844,0.9856838,0.5503184,41
35,0.4247269,1.155584,0.523541,42
35,-0.1098399,0.7017295,0.4409608,43
35,-0.3872759,1.125813,0.5166969,44
35,-0.3302666,0.927451,0.4682794,45
35,-0.2691538,0.6720788,0.5775043,46
35,-0.3409866,1.028156,0.569235,47
35,0.006391108,0.7155195,0.4887794,48
35,0.008321166,0.6248311,0.516105,49
35,0.4186081,1.051881,0.3887613,50
35,0.1393548,0.6704996,0.4204203,51
35,0.288992,0.7344834,0.435767,52
35,-0.09754995,1.06045,0.4779558,53
35,0.3994049,0.9462279,0.3977005,54
35,0.3050218,0.9214715,0.5659913,55
35,-0.3435917,0.8035582,0.5254943,56
35,0.3695582,0.8021809,0.672495,57
35,-0.3611657,0.6928428,0.4072229,58
35,-0.4740769,0.823333,0.5306653,59
35,-0.491163,0.6561128,0.4560282,60
35,-0.1638312,0.6028852,0.6230069,61
35,0.207973,0.606837,0.5157265,62
35,0.3568868,0.6285788,0.3899363,63
35,0.4701678,0.8865024,0.4725171,64
35,0.4807681,0.7374817,0.4294393,65
35,0.4945419,0.629858,0.5354125,66
35,0.1833881,0.7634553,0.4016997,67
