Case,X,Y,Z,a,v,index
6,0.1503742,1.105453,0.435232,0
6,0.2652519,0.8869836,0.4367937,1
6,0.00965488,1.110198,0.4866828,2
6,0.4148624,1.108986,0.6024903,3
6,0.2683337,1.404044,0.4916629,4
6,0.3990864,1.320777,0.4527035,5
6,-0.1407425,1.160795,0.5302601,6
6,0.125744,1.492939,0.556947,7
6,-0.1260976,1.458038,0.4674948,8
6,-0.03289402,1.001854,0.5272861,9
6,0.4333869,1.512408,0.4758787,10
6,0.04926842,1.572926,0.4843167,11
6,0.4902207,1.1929,0.6588442,12
6,0.2572667,1.514809,0.4174902,13
6,-0.1939112,1.367578,0.570944,14
6,0.4098923,0.9534307,0.6401485,15
6,0.4287662,0.7709529,0.5272055,16
6,0.1534364,0.7708679,0.5037588,17
6,0.3271669,0.6391824,0.4957594,18
6,-0.2618656,1.493422,0.6636039,19
6,0.1788677,0.6150171,0.5661421,20
6,-0.04033139,0.6844602,0.457458,21
6,-0.2123614,0.8288589,0.5223325,22
6,-0.1882064,0.703989,0.4813872,23
6,-0.405256,1.423318,0.6181295,24
6,-0.3478466,1.573303,0.4402249,25
6,-0.3598947,0.9974327,0.515165,26
6,0.4951141,0.6291238,0.4321508,27
6,0.296602,0.7740636,0.5275786,28
6,-0.4848161,1.247143,0.418571,29
6,-0.3899602,1.104665,0.5373923,30
6,0.08525407,0.6781737,0.652615,31
6,-0.3706748,0.8240129,0.5804867,32
6,-0.4931551,1.49756,0.5307238,33
6,-0.1096162,1.599438,0.449788,34
6,-0.4510778,0.6402363,0.6533541,35
6,-0.3134905,0.6974298,0.4788198,36
6,-0.3163974,1.339981,0.6482424,37
6,-0.4786918,0.9309626,0.4111601,38
6,-0.4987665,1.082841,0.6545607,39
