Case,X,Y,Z,a,v,index
39,0.3488177,0.778896,0.5166993,0
39,0.3008358,0.697028,0.6518052,1
39,0.4347376,0.6616335,0.4771581,2
39,0.4536091,0.8791662,0.3957033,3
39,0.469316,0.7732154,0.4587491,4
39,0.303499,0.6022884,0.3881622,5
39,0.4362853,1.009791,0.5126016,6
39,0.4921825,1.09003,0.4019269,7
39,0.2136672,1.06798,0.4090474,8
39,0.4540554,1.203233,0.4226027,9
39,0.3462772,0.8885531,0.5800271,10
39,0.1992872,0.742202,0.5230676,11
39,0.1511558,0.6208963,0.469891,12
39,0.09459203,0.7237913,0.6027799,13
39,0.3664721,1.22648,0.4212577,14
39,0.01683468,0.6572207,0.6604426,15
39,0.09791124,1.003045,0.4425951,16
39,0.2694829,1.346195,0.6031187,17
39,-0.04950175,0.7397292,0.503357,18
39,0.4477885,1.34988,0.4474806,19
39,0.05844051,1.102358,0.3926692,20
39,-0.1490551,0.6450445,0.4417025,21
39,-0.05454108,0.9386307,0.4817664,22
39,0.2576457,0.8286129,0.4509583,23
39,-0.1833769,0.7980596,0.6043722,24
39,0.1739385,1.182791,0.4906533,25
39,0.06532264,1.192267,0.6096218,26
39,0.3663334,1.414148,0.4346618,27
39,-0.05846703,1.178781,0.4002511,28
39,0.1211624,1.277744,0.4378002,29
39,-0.2739692,0.6033288,0.5279897,30
39,-0.360884,0.802093,0.5228228,31
39,-0.3686657,0.9135329,0.655315,32
39,-0.271823,0.7781336,0.5052991,33
39,0.3106644,1.544148,0.5578334,34
39,-0.07319194,1.089597,0.4606964,35
39,-0.461977,0.9921564,0.4301946,36
39,-0.4426965,0.7587916,0.5901462,37
39,-0.4118688,1.141658,0.4557475,38
39,0.4530125,1.510748,0.6859615,39
39,-0.3675558,0.6743289,0.5665768,40
39,-0.4503772,0.6142411,0.58214,41
39,0.4054822,1.590431,0.5312311,42
39,0.4940095,1.42846,0.5666336,43
39,-0.4615832,0.8611921,0.4973372,44
39,-0.1720218,1.029858,0.3885338,45
39,-0.1882941,1.121469,0.4846781,46
39,-0.005484343,1.017635,0.4695328,47
39,-0.4927758,1.080562,0.3985775,48
39,-0.129785,1.282464,0.5109489,49
39,0.1338615,1.55652,0.6629438,50
39,0.05117142,1.337271,0.4302946,51
39,0.2737904,1.451555,0.5067664,52
39,0.2217969,1.588822,0.6510439,53
39,-0.0623205,1.34612,0.4136232,54
39,-0.3465214,1.333844,0.5319203,55
39,-0.3321229,1.441937,0.5280098,56
39,-0.03568828,1.524695,0.4801309,57
39,-0.3659637,1.221476,0.487828,58
39,-0.4825236,1.350485,0.4450267,59
39,-0.2203856,1.46721,0.4800859,60
39,-0.4825652,1.23419,0.6488962,61
39,-0.1104492,1.58437,0.5624509,62
39,-0.2681144,1.55238,0.4452866,63
39,0.02951533,1.593865,0.4936447,64
39,-0.4725565,1.452929,0.4588176,65
39,-0.4162961,1.582988,0.5246834,66
39,-0.1087166,1.461608,0.6070406,67
