Case,X,Y,Z,a,v,index
7,-0.4512751,0.8891097,0.5921729,0
7,-0.4284178,0.9991384,0.4824554,1
7,-0.3900135,1.180639,0.5247465,2
7,-0.4094281,1.307068,0.4321441,3
7,-0.3007981,0.8908958,0.4753754,4
7,-0.3099414,1.368162,0.5245099,5
7,-0.3859128,0.7754269,0.5090427,6
7,-0.3256114,0.6419181,0.5723994,7
7,-0.05527267,1.178871,0.5193884,8
7,0.01678163,1.079205,0.5916425,9
7,-0.2511931,0.770799,0.5540661,10
7,-0.1653779,1.466244,0.3934358,11
7,0.1403272,1.154643,0.6730695,12
7,-0.4862301,0.6625152,0.4018506,13
7,0.04512173,1.227386,0.4095325,14
7,-0.1144693,1.052389,0.485362,15
7,-0.02249545,1.493781,0.4702646,16
7,-0.1191965,0.6047921,0.4898451,17
7,-0.4123527,1.51706,0.4159404,18
7,-0.1066378,0.7231603,0.4172289,19
7,0.0418278,0.6670396,0.447218,20
7,0.1505885,1.481281,0.5729023,21
7,0.3374889,1.39797,0.4859296,22
7,-0.2447497,1.557319,0.5103966,23
7,0.1266304,0.7709303,0.5279424,24
7,0.1755745,0.6673403,0.6638739,25
7,0.3413255,1.568191,0.5474977,26
7,0.0342465,1.593977,0.4347456,27
7,0.2660382,0.772312,0.4471954,28
7,0.3426709,1.01746,0.6100613,29
7,0.1577493,1.59708,0.390042,30
7,0.3897439,0.6955571,0.5771921,31
7,0.459448,0.8848189,0.3907192,32
7,0.3794029,1.256297,0.4441017,33
7,0.4912478,1.072582,0.6620145,34
7,0.303413,0.6001944,0.5062963,35
7,-0.1229964,1.578539,0.4172799,36
7,0.4795337,1.564472,0.6085402,37
7,0.3569711,0.8379015,0.4736274,38
7,0.4356753,1.451411,0.4489471,39
7,0.4677022,1.344179,0.4446841,40
7,0.3855085,1.133822,0.4168627,41
