Case,X,Y,Z,a,v,index
42,0.3701242,1.182277,0.6006518,0
42,0.4444676,0.9063593,0.6663953,1
42,0.4464175,0.7760707,0.4250394,2
42,0.4508157,1.055449,0.6853933,3
42,0.3671234,0.7092783,0.4303813,4
42,0.4833163,0.6515536,0.4271017,5
42,0.2784894,0.7650559,0.4801214,6
42,0.3980064,0.6140435,0.4446656,7
42,0.3440878,0.8480085,0.419584,8
42,0.282422,0.647531,0.5331211,9
42,0.1961098,0.7117429,0.4113296,10
42,0.4660882,1.20957,0.5789037,11
42,0.08959901,0.9824455,0.6762953,12
42,0.3844547,0.9908252,0.4135634,13
42,0.1337953,0.6122114,0.4557075,14
42,0.009563386,0.6574029,0.5612338,15
42,0.1806495,1.140012,0.4390918,16
42,0.03207695,0.881165,0.6725211,17
42,0.2033603,1.012025,0.5303144,18
42,0.03188789,1.153444,0.4619907,19
42,0.37257,1.357161,0.4596544,20
42,-0.12775,0.9879413,0.5485966,21
42,-0.09095055,0.6862608,0.4135631,22
42,-0.1839049,0.7346189,0.4641081,23
42,-0.09615824,1.255751,0.4041661,24
42,0.308668,1.443402,0.4008324,25
42,-0.0161126,1.042437,0.5668586,26
42,0.1031228,1.266988,0.4429883,27
42,-0.002684087,1.330394,0.4947178,28
42,0.2113459,1.442386,0.4903254,29
42,-0.1159263,1.124254,0.4081578,30
42,-0.1477376,0.6067415,0.57137,31
42,-0.3200582,0.815388,0.5163352,32
42,-0.3080754,0.7189139,0.6704601,33
42,-0.2495917,0.634572,0.6811762,34
42,0.09215504,0.7038483,0.5691994,35
42,-0.1917458,1.211375,0.5975647,36
42,0.4096038,1.463017,0.4604821,37
42,0.4819146,1.322052,0.4282501,38
42,0.3888232,1.588351,0.4863096,39
42,0.203669,1.573551,0.4288172,40
42,-0.4039194,0.6580697,0.6721928,41
42,0.09507221,1.469456,0.5742759,42
42,-0.02443889,1.455598,0.4047309,43
42,-0.4470902,0.8394509,0.4834716,44
42,-0.3998196,0.7513408,0.4211432,45
42,-0.1451267,1.480111,0.4707635,46
42,-0.380179,1.127614,0.5769894,47
42,-0.4805922,0.9823921,0.5065326,48
42,-0.4944677,0.7246354,0.6592507,49
42,-0.28488,1.349129,0.4893411,50
42,-0.4280325,1.26663,0.5065464,51
42,-0.2887229,1.445024,0.6441027,52
42,-0.4770563,1.109232,0.683825,53
42,-0.3801252,1.49747,0.4384632,54
42,0.3036092,1.553356,0.4118035,55
42,-0.3947157,1.015061,0.4336775,56
42,-0.3955244,1.37256,0.4955872,57
42,-0.2868976,1.575961,0.4723827,58
42,0.08557433,1.573303,0.4772442,59
42,0.4675968,1.544808,0.5292165,60
42,-0.4768232,1.415926,0.5040149,61
42,-0.4756763,1.589185,0.3917747,62
42,-0.491528,0.6267601,0.427301,63
42,-0.1375423,1.598808,0.4461271,64
42,-0.006308049,1.573166,0.615469,65
