Case,X,Y,Z,a,v,index
3,-0.3197303,0.6194752,0.4743833,0
3,-0.2087148,0.6101577,0.4902858,1
3,-0.2570816,0.7980679,0.4740201,2
3,-0.4690032,0.7035824,0.5112278,3
3,-0.0624736,0.6044362,0.4411438,4
3,0.05628341,0.6324747,0.5068817,5
3,-0.1454047,0.7282166,0.6585082,6
3,-0.3799525,0.8175563,0.5087802,7
3,-0.00446102,0.7480824,0.5905202,8
3,-0.02904853,0.9619017,0.4278643,9
3,0.04199016,1.132201,0.6360832,10
3,-0.09693056,1.048947,0.441146,11
3,-0.4669473,0.888384,0.4236442,12
3,0.1763592,0.6927515,0.5665496,13
3,0.1357405,1.063312,0.4747013,14
3,0.2421894,0.8051753,0.5162528,15
3,0.3385248,1.003764,0.4790697,16
3,-0.3852154,0.9737144,0.4979465,17
3,-0.4813076,1.145322,0.4332504,18
3,-0.4830022,1.026774,0.5120659,19
3,-0.05220798,1.223658,0.5163006,20
3,0.3857364,0.7432073,0.538045,21
3,-0.06575927,1.471786,0.4060314,22
3,0.2772986,0.9111686,0.4353054,23
3,0.0461691,1.477745,0.582692,24
3,0.1881331,1.435242,0.5687257,25
3,-0.05229598,1.587889,0.3960901,26
3,0.431295,0.8449447,0.4996359,27
3,-0.2369038,1.430692,0.4723027,28
3,-0.3618361,1.267425,0.5043769,29
3,0.3197973,1.405741,0.5040861,30
3,0.297629,0.6198196,0.5328408,31
3,0.1581602,1.557489,0.5328814,32
3,-0.2277676,1.585827,0.5833441,33
3,0.4473408,1.089912,0.5193196,34
3,-0.3464934,1.466601,0.4876217,35
3,0.4660434,1.202582,0.6541353,36
3,-0.466611,1.316482,0.4441704,37
3,0.4438223,0.6372915,0.6252357,38
3,-0.4563255,1.553414,0.6497335,39
3,-0.4967608,1.444587,0.4334011,40
3,-0.3451278,1.590344,0.5726442,41
3,0.3506388,1.560984,0.5214997,42
3,0.4849116,1.592799,0.486336,43
3,0.4533786,1.38444,0.6448632,44
3,0.4554065,0.9736408,0.3921316,45
