Case,X,Y,Z,a,v,index
39,0.3488177,0.778896,0.5289377,0
39,0.3008358,0.697028,0.4618497,1
39,0.4347376,0.6616335,0.4128496,2
39,0.4536091,0.8791662,0.6506256,3
39,0.469316,0.7732154,0.4524896,4
39,0.303499,0.6022884,0.4540064,5
39,0.4362853,1.009791,0.4026812,6
39,0.4921825,1.09003,0.4359337,7
39,0.2136672,1.06798,0.4730392,8
39,0.4540554,1.203233,0.5097098,9
39,0.3462772,0.8885531,0.5236484,10
39,0.1992872,0.742202,0.5090097,11
39,0.1511558,0.6208963,0.4946868,12
39,0.09459203,0.7237913,0.4132862,13
39,0.3664721,1.22648,0.4213191,14
39,0.01683468,0.6572207,0.4101255,15
39,0.09791124,1.003045,0.4733658,16
39,0.2694829,1.346195,0.3897813,17
39,-0.04950175,0.7397292,0.4541759,18
39,0.4477885,1.34988,0.5047708,19
39,0.05844051,1.102358,0.4822505,20
39,-0.1490551,0.6450445,0.3883551,21
39,-0.05454108,0.9386307,0.4966781,22
39,0.2576457,0.8286129,0.3956552,23
39,-0.1833769,0.7980596,0.3943627,24
39,0.1739385,1.182791,0.5856905,25
39,0.06532264,1.192267,0.3960488,26
39,0.3663334,1.414148,0.4597057,27
39,-0.05846703,1.178781,0.3976041,28
39,0.1211624,1.277744,0.3984367,29
39,-0.2739692,0.6033288,0.5110669,30
39,-0.360884,0.802093,0.5978853,31
39,-0.3686657,0.9135329,0.6126276,32
39,-0.271823,0.7781336,0.5748962,33
39,0.3106644,1.544148,0.456556,34
39,-0.07319194,1.089597,0.4043128,35
39,-0.461977,0.9921564,0.4105679,36
39,-0.4426965,0.7587916,0.4398135,37
39,-0.4118688,1.141658,0.5279813,38
39,0.4530125,1.510748,0.6539534,39
39,-0.3675558,0.6743289,0.5079265,40
39,-0.4503772,0.6142411,0.633316,41
39,0.4054822,1.590431,0.4984237,42
39,0.4940095,1.42846,0.5553279,43
39,-0.4615832,0.8611921,0.4322037,44
39,-0.1720218,1.029858,0.522144,45
39,-0.1882941,1.121469,0.5360705,46
39,-0.005484343,1.017635,0.4719331,47
39,-0.4927758,1.080562,0.6240979,48
39,-0.129785,1.282464,0.5825371,49
39,0.1338615,1.55652,0.4714853,50
39,0.05117142,1.337271,0.4550284,51
39,0.2737904,1.451555,0.6193769,52
39,0.2217969,1.588822,0.5011185,53
39,-0.0623205,1.34612,0.6778064,54
39,-0.3465214,1.333844,0.5169085,55
39,-0.3321229,1.441937,0.658079,56
39,-0.03568828,1.524695,0.4764144,57
39,-0.3659637,1.221476,0.476612,58
39,-0.4825236,1.350485,0.5957043,59
39,-0.2203856,1.46721,0.454382,60
39,-0.4825652,1.23419,0.5568459,61
39,-0.1104492,1.58437,0.4396338,62
39,-0.2681144,1.55238,0.4932492,63
39,0.02951533,1.593865,0.5080213,64
39,-0.4725565,1.452929,0.4852957,65
39,-0.4162961,1.582988,0.393047,66
39,-0.1087166,1.461608,0.4898367,67
