Case,X,Y,Z,a,v,index
42,0.3701242,1.182277,0.5446287,0
42,0.4444676,0.9063593,0.5105933,1
42,0.4464175,0.7760707,0.5700754,2
42,0.4508157,1.055449,0.5739165,3
42,0.3671234,0.7092783,0.46651,4
42,0.4833163,0.6515536,0.4763571,5
42,0.2784894,0.7650559,0.6092129,6
42,0.3980064,0.6140435,0.5297795,7
42,0.3440878,0.8480085,0.6457071,8
42,0.282422,0.647531,0.6204691,9
42,0.1961098,0.7117429,0.4643583,10
42,0.4660882,1.20957,0.5441417,11
42,0.08959901,0.9824455,0.5584614,12
42,0.3844547,0.9908252,0.4918585,13
42,0.1337953,0.6122114,0.4355497,14
42,0.009563386,0.6574029,0.4815065,15
42,0.1806495,1.140012,0.4512278,16
42,0.03207695,0.881165,0.6474421,17
42,0.2033603,1.012025,0.6550899,18
42,0.03188789,1.153444,0.574156,19
42,0.37257,1.357161,0.5917619,20
42,-0.12775,0.9879413,0.6782773,21
42,-0.09095055,0.6862608,0.4822873,22
42,-0.1839049,0.7346189,0.3971696,23
42,-0.09615824,1.255751,0.392447,24
42,0.308668,1.443402,0.4440947,25
42,-0.0161126,1.042437,0.6752747,26
42,0.1031228,1.266988,0.3927036,27
42,-0.002684087,1.330394,0.4354724,28
42,0.2113459,1.442386,0.3885454,29
42,-0.1159263,1.124254,0.5019161,30
42,-0.1477376,0.6067415,0.6723471,31
42,-0.3200582,0.815388,0.5068366,32
42,-0.3080754,0.7189139,0.4036705,33
42,-0.2495917,0.634572,0.4068487,34
42,0.09215504,0.7038483,0.5412678,35
42,-0.1917458,1.211375,0.4830393,36
42,0.4096038,1.463017,0.3977836,37
42,0.4819146,1.322052,0.4100278,38
42,0.3888232,1.588351,0.4189672,39
42,0.203669,1.573551,0.4040034,40
42,-0.4039194,0.6580697,0.4483452,41
42,0.09507221,1.469456,0.4973575,42
42,-0.02443889,1.455598,0.4230669,43
42,-0.4470902,0.8394509,0.427133,44
42,-0.3998196,0.7513408,0.5346211,45
42,-0.1451267,1.480111,0.4768971,46
42,-0.380179,1.127614,0.4145566,47
42,-0.4805922,0.9823921,0.5070341,48
42,-0.4944677,0.7246354,0.5767297,49
42,-0.28488,1.349129,0.3978708,50
42,-0.4280325,1.26663,0.474685,51
42,-0.2887229,1.445024,0.3981986,52
42,-0.4770563,1.109232,0.4592737,53
42,-0.3801252,1.49747,0.5215428,54
42,0.3036092,1.553356,0.6455439,55
42,-0.3947157,1.015061,0.4945191,56
42,-0.3955244,1.37256,0.3918186,57
42,-0.2868976,1.575961,0.4044687,58
42,0.08557433,1.573303,0.6806478,59
42,0.4675968,1.544808,0.5630401,60
42,-0.4768232,1.415926,0.412739,61
42,-0.4756763,1.589185,0.401292,62
42,-0.491528,0.6267601,0.4619063,63
42,-0.1375423,1.598808,0.4975325,64
42,-0.006308049,1.573166,0.4825645,65
