Case,X,Y,Z,a,v,index
6,0.1503742,1.105453,0.6142435,0
6,0.2652519,0.8869836,0.6162651,1
6,0.00965488,1.110198,0.4484313,2
6,0.4148624,1.108986,0.5270626,3
6,0.2683337,1.404044,0.4024208,4
6,0.3990864,1.320777,0.3941313,5
6,-0.1407425,1.160795,0.4403734,6
6,0.125744,1.492939,0.4984272,7
6,-0.1260976,1.458038,0.514863,8
6,-0.03289402,1.001854,0.4578375,9
6,0.4333869,1.512408,0.4727308,10
6,0.04926842,1.572926,0.4736611,11
6,0.4902207,1.1929,0.4754268,12
6,0.2572667,1.514809,0.4644383,13
6,-0.1939112,1.367578,0.3946306,14
6,0.4098923,0.9534307,0.657712,15
6,0.4287662,0.7709529,0.5133975,16
6,0.1534364,0.7708679,0.6364671,17
6,0.3271669,0.6391824,0.4486588,18
6,-0.2618656,1.493422,0.5042287,19
6,0.1788677,0.6150171,0.4998801,20
6,-0.04033139,0.6844602,0.4387074,21
6,-0.2123614,0.8288589,0.4547199,22
6,-0.1882064,0.703989,0.5398434,23
6,-0.405256,1.423318,0.465836,24
6,-0.3478466,1.573303,0.5102058,25
6,-0.3598947,0.9974327,0.6477555,26
6,0.4951141,0.6291238,0.4097283,27
6,0.296602,0.7740636,0.5350495,28
6,-0.4848161,1.247143,0.5553355,29
6,-0.3899602,1.104665,0.496298,30
6,0.08525407,0.6781737,0.4072018,31
6,-0.3706748,0.8240129,0.6300459,32
6,-0.4931551,1.49756,0.3952841,33
6,-0.1096162,1.599438,0.3924376,34
6,-0.4510778,0.6402363,0.5740039,35
6,-0.3134905,0.6974298,0.4534396,36
6,-0.3163974,1.339981,0.5193992,37
6,-0.4786918,0.9309626,0.4911997,38
6,-0.4987665,1.082841,0.4379514,39
