Case,X,Y,Z,a,v,index
37,-0.3197303,0.6194752,0.6681113,0
37,-0.2288994,0.6118518,0.407732,1
37,-0.2684723,0.7655965,0.4776114,2
37,-0.4418626,0.6882902,0.4711972,3
37,-0.1092475,0.6071706,0.4336172,4
37,-0.2621471,0.9267849,0.4440171,5
37,-0.01208273,0.6301112,0.4063548,6
37,-0.1771002,0.7084455,0.5357876,7
37,-0.369003,0.7815415,0.4454231,8
37,-0.06178272,0.7246993,0.4319941,9
37,-0.08189976,0.8996423,0.4354247,10
37,-0.02377722,1.038978,0.4415573,11
37,-0.1374396,0.9708613,0.5380901,12
37,0.08221602,0.8925573,0.5139439,13
37,-0.4692136,0.7860814,0.5009922,14
37,0.08616108,0.6794285,0.5311832,15
37,0.05292755,0.9826145,0.6505492,16
37,0.1461641,1.013827,0.5413706,17
37,-0.4787015,0.9138547,0.3964605,18
37,-0.3697257,0.9025645,0.4221096,19
37,0.06514013,1.126018,0.4902353,20
37,0.1775692,1.129011,0.4265052,21
37,-0.4844067,1.062822,0.575377,22
37,-0.3670008,1.050887,0.4003871,23
37,-0.4484123,1.150846,0.4179608,24
37,0.2574697,0.7207106,0.5599756,25
37,-0.4132518,1.270209,0.5224767,26
37,-0.177464,1.075511,0.3924073,27
37,0.2334713,1.377326,0.4433631,28
37,-0.03673741,1.128299,0.5262823,29
37,-0.2002956,1.167941,0.4726694,30
37,0.3736222,0.6859351,0.4885988,31
37,0.08654445,1.316522,0.6322653,32
37,0.1170372,1.21386,0.4452057,33
37,0.378138,0.8843296,0.4332683,34
37,-0.03932703,1.25606,0.4095649,35
37,0.1570682,0.6124464,0.484315,36
37,-0.4246038,1.398966,0.4861763,37
37,0.3984824,1.011159,0.4630809,38
37,0.2889054,0.6269898,0.4088365,39
37,0.3532325,1.320926,0.4182324,40
37,0.4518052,1.211723,0.4953292,41
37,0.4798469,1.061254,0.4484339,42
37,0.08975023,1.469856,0.4894709,43
37,0.3646182,0.7896065,0.4197482,44
37,0.4955791,0.8052853,0.4913215,45
37,0.204542,1.478765,0.6241844,46
37,0.3663836,1.165688,0.4235231,47
37,-0.3017452,1.359845,0.5141423,48
37,0.4593034,0.9393228,0.5076904,49
37,0.1559528,1.571309,0.4690403,50
37,0.3182267,1.590528,0.4943855,51
37,0.03726441,1.592769,0.4618009,52
37,0.4865476,0.7129642,0.4285675,53
37,0.4353801,1.377072,0.4822144,54
37,0.3141982,1.447388,0.5575718,55
37,0.446219,0.6164688,0.5097522,56
37,0.4586262,1.570512,0.5111697,57
37,0.4585413,1.477788,0.5997905,58
37,-0.07488546,1.53842,0.5050733,59
37,-0.224272,1.444457,0.4319336,60
37,-0.1784089,1.543609,0.4686216,61
37,-0.4725656,1.50854,0.6420608,62
37,-0.09854433,1.436943,0.5775951,63
37,-0.4996533,1.34722,0.5338068,64
37,-0.2748905,1.584423,0.6423602,65
37,-0.127295,1.223146,0.4332716,66
37,-0.3117619,1.499223,0.4281649,67
37,-0.3768137,1.565236,0.3962387,68
