Case,X,Y,Z,a,v,index
8,-0.04318434,0.9942126,0.3926912,0
8,0.04893875,1.192551,0.5945485,1
8,0.2411786,0.8545536,0.422853,2
8,0.4051219,1.14031,0.5052729,3
8,0.4555419,0.8775098,0.5195172,4
8,0.1360509,0.6688324,0.515747,5
8,0.4383813,0.7071878,0.4472518,6
8,0.08793592,1.059492,0.3928501,7
8,0.4181769,1.012355,0.4770541,8
8,0.3297402,1.295802,0.5169934,9
8,0.3275615,0.6316664,0.4967185,10
8,-0.05099338,0.6060132,0.3935794,11
8,0.4374301,1.477364,0.5351052,12
8,0.4594262,1.241617,0.5139496,13
8,-0.068198,1.123165,0.5798509,14
8,0.3293029,0.7627922,0.6273605,15
8,-0.2238823,0.7993555,0.4140074,16
8,0.00819242,1.523032,0.5767494,17
8,0.1183952,1.455125,0.4976195,18
8,-0.1839626,0.646596,0.4435169,19
8,0.02181423,0.7384076,0.6359834,20
8,0.4209535,1.367256,0.4346294,21
8,-0.09192592,0.7459952,0.5212924,22
8,0.2480849,1.508151,0.388548,23
8,0.3852829,1.592826,0.4986473,24
8,-0.1817388,1.461983,0.6771581,25
8,0.2471834,1.396004,0.5354553,26
8,0.1156887,1.596273,0.4314704,27
8,-0.2922724,0.9253495,0.4194155,28
8,-0.4464157,1.068104,0.4819413,29
8,-0.306554,0.6809703,0.4462551,30
8,-0.4362023,1.350935,0.4884785,31
8,-0.3374475,1.411091,0.4562892,32
8,-0.4397666,1.213608,0.4404894,33
8,-0.4461411,0.9074546,0.6242819,34
8,-0.4158199,1.535453,0.4567305,35
8,-0.3893818,0.7747118,0.4507004,36
8,-0.2187116,1.595814,0.6302384,37
8,-0.4364499,0.6165788,0.5105277,38
8,-0.4969251,0.7137784,0.644875,39
8,-0.09372175,1.57646,0.5493371,40
