Case,X,Y,Z,a,v,index
5,0.009501994,1.167466,0.4908497,0
5,0.1867266,1.462806,0.4277838,1
5,-0.09964421,1.560996,0.4058026,2
5,0.4607139,1.235311,0.5889291,3
5,-0.09557852,1.443615,0.4623369,4
5,0.4994676,1.111667,0.4652193,5
5,0.4908717,1.357578,0.4991181,6
5,-0.2088888,1.513801,0.4738429,7
5,0.3572323,1.485583,0.5581245,8
5,0.4905676,1.503937,0.5379541,9
5,0.4629035,0.955566,0.4957791,10
5,0.3882641,1.591805,0.4226583,11
5,0.2695013,1.572758,0.4642561,12
5,0.3607178,1.316786,0.5660974,13
5,-0.2690013,1.350988,0.5555747,14
5,0.2826281,1.394963,0.4591994,15
5,0.0120346,1.052443,0.5696412,16
5,0.07632858,1.554364,0.6503443,17
5,-0.02103782,0.6345962,0.5018575,18
5,-0.1466841,1.075139,0.4006477,19
5,0.2457824,0.8231745,0.5001518,20
5,-0.1689799,0.7627676,0.4762036,21
5,-0.06207523,0.9589568,0.4146197,22
5,-0.2844818,0.9043791,0.6002014,23
5,-0.3922611,1.213108,0.4984033,24
5,0.1517232,0.6683275,0.5922533,25
5,-0.4645724,1.385281,0.576171,26
5,-0.4812332,1.020087,0.5339232,27
5,-0.4058843,0.850158,0.4019375,28
5,0.4134564,0.7548617,0.5143442,29
5,-0.494221,1.142682,0.5656131,30
5,0.2820135,0.6767685,0.4169925,31
5,-0.4986836,1.598936,0.4597645,32
5,-0.3259166,1.523617,0.5128191,33
5,-0.2594055,0.6900633,0.4274682,34
5,0.04998565,0.7735882,0.4076888,35
5,0.3518623,0.8958032,0.5150609,36
5,-0.1714083,0.6104065,0.3881726,37
5,0.4850643,0.6582474,0.4776462,38
5,-0.3655504,0.6531602,0.489758,39
5,0.3784437,0.6016917,0.4522821,40
5,0.4927448,0.8483266,0.4185567,41
5,-0.3169044,0.7844891,0.5019015,42
5,-0.4892783,0.7243062,0.6550091,43
