Case,X,Y,Z,a,v,index
35,-0.4236917,1.379919,0.3983497,0
35,-0.3510343,1.262049,0.4124015,1
35,-0.3361703,1.401426,0.4205116,2
35,-0.2401728,1.387114,0.5847191,3
35,-0.2411543,1.5293,0.5350591,4
35,-0.3230801,1.584775,0.5942593,5
35,-0.3627274,1.492598,0.4720816,6
35,-0.4580184,1.515637,0.3944433,7
35,-0.1536907,1.287405,0.412448,8
35,-0.05333394,1.303264,0.4806726,9
35,-0.05583203,1.143731,0.494525,10
35,-0.07240149,1.501744,0.4328865,11
35,-0.1364601,1.570014,0.395511,12
35,-0.471402,1.3013,0.3932978,13
35,0.02413112,1.492545,0.4954551,14
35,-0.1672006,1.120064,0.5022561,15
35,0.1189915,1.497894,0.6592871,16
35,0.2345369,1.550643,0.5039439,17
35,0.3629864,1.469936,0.4044406,18
35,0.1232017,1.228761,0.481434,19
35,0.2808809,1.369057,0.6835377,20
35,0.08693916,1.057127,0.6137365,21
35,-0.4637375,1.189993,0.504792,22
35,-0.1352412,0.9581932,0.4736871,23
35,0.3867007,1.30795,0.5341721,24
35,-0.009540647,1.581754,0.6164145,25
35,0.3399487,1.200396,0.6217934,26
35,0.2704908,1.461383,0.4251017,27
35,0.4069086,1.589145,0.5901374,28
35,-0.04334083,0.9708633,0.461464,29
35,0.2017173,1.167466,0.6548547,30
35,-0.007267088,0.871531,0.6579096,31
35,-0.2159352,0.9983559,0.6366674,32
35,0.09386945,1.591269,0.6154943,33
35,0.02137649,1.193545,0.4073184,34
35,-0.4985571,1.030431,0.6734494,35
35,-0.4144136,0.9731382,0.5952652,36
35,0.0853501,0.9439493,0.4810081,37
35,0.4943095,1.555588,0.5782891,38
35,0.4562805,1.378667,0.392342,39
35,-0.270602,0.8584629,0.4716256,40
35,0.2002844,0.9856838,0.4732867,41
35,0.4247269,1.155584,0.5122359,42
35,-0.1098399,0.7017295,0.5261674,43
35,-0.3872759,1.125813,0.5844976,44
35,-0.3302666,0.927451,0.4284782,45
35,-0.2691538,0.6720788,0.4269365,46
35,-0.3409866,1.028156,0.422775,47
35,0.006391108,0.7155195,0.393517,48
35,0.008321166,0.6248311,0.6440413,49
35,0.4186081,1.051881,0.4662388,50
35,0.1393548,0.6704996,0.5168359,51
35,0.288992,0.7344834,0.5944775,52
35,-0.09754995,1.06045,0.4376798,53
35,0.3994049,0.9462279,0.5149298,54
35,0.3050218,0.9214715,0.4483986,55
35,-0.3435917,0.8035582,0.5039929,56
35,0.3695582,0.8021809,0.3945437,57
35,-0.3611657,0.6928428,0.563071,58
35,-0.4740769,0.823333,0.6829793,59
35,-0.491163,0.6561128,0.4303331,60
35,-0.1638312,0.6028852,0.514735,61
35,0.207973,0.606837,0.5582093,62
35,0.3568868,0.6285788,0.4876311,63
35,0.4701678,0.8865024,0.4546904,64
35,0.4807681,0.7374817,0.5069225,65
35,0.4945419,0.629858,0.395815,66
35,0.1833881,0.7634553,0.5947563,67
