Case,X,Y,Z,a,v,index
13,0.2374204,1.416169,0.3949689,0
13,0.01707071,1.174902,0.4484761,1
13,0.1169671,1.083888,0.4687934,2
13,0.3886437,1.383337,0.3880189,3
13,-0.1501259,1.511472,0.5578142,4
13,0.1741068,1.528488,0.4206195,5
13,0.3574032,1.55749,0.481957,6
13,0.3633232,1.190615,0.4796564,7
13,-0.2736042,1.473994,0.4178198,8
13,0.4045701,1.014522,0.5029511,9
13,0.08776224,1.433252,0.6844581,10
13,0.05818027,1.544065,0.540148,11
13,0.1841953,0.783972,0.4364343,12
13,-0.04592878,1.585732,0.5220026,13
13,0.01133364,0.9981082,0.4297727,14
13,-0.1376089,1.133049,0.4665664,15
13,0.4812289,1.55835,0.4449431,16
13,0.3913856,0.8451251,0.4762566,17
13,-0.3587896,1.569553,0.6762881,18
13,-0.4691948,1.564839,0.4025719,19
13,-0.402465,1.395509,0.43429,20
13,0.4987053,1.432522,0.4562071,21
13,0.2859144,0.8824232,0.6684076,22
13,-0.2344298,1.596866,0.4879565,23
13,-0.269043,1.351736,0.6265325,24
13,-0.03835362,0.7215165,0.5189308,25
13,-0.4881066,1.197614,0.4175328,26
13,-0.4869292,1.310638,0.6471871,27
13,-0.4715477,1.08322,0.457451,28
13,0.4624163,0.7373957,0.554072,29
13,-0.2286435,0.7129505,0.5405234,30
13,-0.4012097,0.9936879,0.5659045,31
13,0.3526391,0.6969854,0.6690981,32
13,-0.3666611,1.127537,0.476137,33
13,0.1518359,0.6408662,0.426314,34
13,0.4897081,1.300762,0.4836099,35
13,-0.2991646,0.8779497,0.5818869,36
13,0.43754,0.6008942,0.4839806,37
13,-0.4450197,0.783393,0.5992526,38
13,0.3079759,1.291732,0.6271136,39
13,-0.344888,0.6615737,0.6299236,40
13,-0.4813432,0.6105803,0.4978043,41
13,0.2669009,0.6119646,0.4181298,42
13,0.4741753,1.166401,0.3932202,43
13,-0.1079799,0.6355541,0.4818235,44
13,-0.4980966,0.9363323,0.4071522,45
13,0.03700984,0.6349926,0.5057659,46
