Case,X,Y,Z,a,v,index
45,-0.2514899,1.049975,0.5575377,0
45,-0.3765767,1.028103,0.4022924,1
45,-0.3250244,0.8787388,0.5975051,2
45,-0.157049,1.030898,0.4571479,3
45,-0.1188707,1.159069,0.4646384,4
45,-0.1783729,0.735019,0.4889588,5
45,-0.05221164,0.7472163,0.49706,6
45,-0.2727329,0.7722988,0.4336547,7
45,-0.03257033,0.6362029,0.3957059,8
45,0.03165966,0.9217459,0.555975,9
45,0.1362704,1.04142,0.5853721,10
45,-0.1142328,0.9452485,0.5369835,11
45,-0.3140677,0.6624167,0.5100799,12
45,0.04417622,0.7052257,0.6797414,13
45,-0.347742,1.177143,0.474161,14
45,-0.2290961,0.6047928,0.5368656,15
45,-0.4668721,1.117046,0.5187613,16
45,-0.1186628,0.6642889,0.4044473,17
45,-0.4575211,0.9523044,0.4989326,18
45,-0.4395212,1.216139,0.4055091,19
45,-0.3731313,1.356198,0.5740228,20
45,-0.0008679628,1.059167,0.5584948,21
45,-0.4240541,0.6564543,0.6593114,22
45,-0.4945323,1.341327,0.532142,23
45,-0.4334149,0.8223709,0.4418276,24
45,0.1885309,0.9556372,0.387252,25
45,0.2384646,1.094679,0.4898819,26
45,-0.1436331,1.287358,0.4988584,27
45,-0.2283081,1.457681,0.5384972,28
45,-0.3745559,0.75365,0.4591479,29
45,-0.2862582,1.307155,0.50777,30
45,0.2101701,0.7263932,0.4014006,31
45,-0.4962783,0.7370754,0.6375381,32
45,-0.3908693,1.468725,0.5126357,33
45,-0.4002871,1.566301,0.5755223,34
45,0.1451737,0.6356013,0.4909443,35
45,-0.02644148,1.174369,0.5886478,36
45,-0.4839745,1.515025,0.4638634,37
45,0.2772475,0.8576009,0.6661774,38
45,-0.2826103,1.538617,0.5079985,39
45,0.141388,1.22203,0.6094682,40
45,-0.05218831,1.287675,0.4640414,41
45,0.2643947,0.6420445,0.6175894,42
45,-0.1180031,1.551017,0.5990148,43
45,0.07734817,1.126274,0.6596743,44
45,0.3323783,1.18156,0.6655575,45
45,0.4964567,1.112132,0.4768659,46
45,0.3624989,1.282096,0.5299729,47
45,0.04661661,1.25694,0.5130622,48
45,0.1316653,1.313992,0.4420869,49
45,0.2098472,1.413127,0.4118286,50
45,0.1517617,1.546405,0.4645703,51
45,0.3769392,1.445287,0.3916012,52
45,0.3833847,1.101083,0.4453128,53
45,0.3806496,0.9001234,0.5318846,54
45,0.372864,0.7713265,0.6536863,55
45,0.4235351,0.6814964,0.4359237,56
45,0.02697742,1.519258,0.4706935,57
45,-0.2063714,1.598393,0.4367256,58
45,0.4374571,1.333073,0.4740657,59
45,0.4867771,0.9063942,0.4827675,60
45,0.4833586,1.225502,0.5048431,61
45,0.4841002,0.9981059,0.6385999,62
45,0.4587163,0.8060363,0.4216185,63
45,0.2646864,1.556109,0.5357642,64
45,0.3944745,1.006539,0.502014,65
45,0.4396834,1.512322,0.6487794,66
45,0.3551027,1.563716,0.5795655,67
45,0.4893495,1.423521,0.466811,68
