Case,X,Y,Z,a,v,index
24,0.3399369,1.216096,0.5184826,0
24,0.06045675,1.242463,0.5942155,1
24,0.09575808,1.128646,0.3904738,2
24,-0.04675952,1.160851,0.5079019,3
24,0.324496,0.9866744,0.6384774,4
24,0.1130248,0.7565259,0.4044038,5
24,0.4371348,1.323224,0.527352,6
24,0.01219052,0.993651,0.4429511,7
24,0.4899578,1.448773,0.3953892,8
24,-0.08088779,0.7157208,0.4159402,9
24,0.2798242,1.393262,0.5213291,10
24,0.4326222,1.079491,0.6838131,11
24,0.231475,1.499813,0.6523837,12
24,0.1813222,0.66944,0.4849801,13
24,0.2114862,0.8323228,0.4401878,14
24,0.347777,1.531862,0.4025027,15
24,0.04579347,0.6181342,0.5067406,16
24,0.3789772,0.7554146,0.5088926,17
24,0.4534262,0.9606633,0.6077042,18
24,-0.1630268,0.6355991,0.5669226,19
24,0.4731272,1.594054,0.4113699,20
24,0.3481997,0.8743489,0.576157,21
24,-0.09415591,1.049701,0.628794,22
24,-0.3062166,0.7568684,0.5215733,23
24,0.09968913,1.580411,0.425712,24
24,-0.01366416,1.448282,0.5093682,25
24,0.4947066,0.8434402,0.4453865,26
24,0.4692273,0.666739,0.3969132,27
24,0.3015789,0.6701624,0.481846,28
24,-0.2236644,1.392837,0.5142407,29
24,-0.3491482,0.8810123,0.6868155,30
24,-0.08311296,1.559227,0.4264891,31
24,0.4901053,1.173903,0.4085408,32
24,-0.4858206,0.7401143,0.5059521,33
24,-0.4827951,0.8773026,0.6273791,34
24,-0.3259304,1.586941,0.6607728,35
24,-0.3852929,0.6316778,0.6649333,36
24,-0.4429477,1.002318,0.3912015,37
24,-0.4158984,1.272499,0.4355198,38
24,-0.4854766,1.113615,0.4601123,39
24,-0.2744391,0.6213977,0.5771333,40
24,-0.3660442,1.457761,0.4996317,41
24,-0.2118069,1.579481,0.4059095,42
24,-0.4868219,1.46849,0.4093724,43
24,-0.4970936,0.6127017,0.4322206,44
24,-0.3013878,1.302453,0.4709774,45
