Case,X,Y,Z,a,v,index
20,0.009501994,1.167466,0.3940256,0
20,0.1867266,1.462806,0.6243365,1
20,-0.09964421,1.560996,0.4632085,2
20,0.4607139,1.235311,0.5352123,3
20,-0.09557852,1.443615,0.5480449,4
20,0.4994676,1.111667,0.4876738,5
20,0.4908717,1.357578,0.4578739,6
20,-0.2088888,1.513801,0.489126,7
20,0.3572323,1.485583,0.4626833,8
20,0.4905676,1.503937,0.4553278,9
20,0.4629035,0.955566,0.679729,10
20,0.3882641,1.591805,0.6759769,11
20,0.2695013,1.572758,0.6043992,12
20,0.3607178,1.316786,0.5572637,13
20,-0.2690013,1.350988,0.6439533,14
20,0.2826281,1.394963,0.4150273,15
20,0.0120346,1.052443,0.4292385,16
20,0.07632858,1.554364,0.4803235,17
20,-0.02103782,0.6345962,0.4419216,18
20,-0.1466841,1.075139,0.5781759,19
20,0.2457824,0.8231745,0.4856162,20
20,-0.1689799,0.7627676,0.3977573,21
20,-0.06207523,0.9589568,0.3917316,22
20,-0.2844818,0.9043791,0.3894406,23
20,-0.3922611,1.213108,0.3895586,24
20,0.1517232,0.6683275,0.5987613,25
20,-0.4645724,1.385281,0.4801289,26
20,-0.4812332,1.020087,0.4349976,27
20,-0.4058843,0.850158,0.4295279,28
20,0.4134564,0.7548617,0.3883693,29
20,-0.494221,1.142682,0.5829034,30
20,0.2820135,0.6767685,0.5205778,31
20,-0.4986836,1.598936,0.4377207,32
20,-0.3259166,1.523617,0.4454469,33
20,-0.2594055,0.6900633,0.5958307,34
20,0.04998565,0.7735882,0.6528578,35
20,0.3518623,0.8958032,0.6245424,36
20,-0.1714083,0.6104065,0.5423517,37
20,0.4850643,0.6582474,0.4081792,38
20,-0.3655504,0.6531602,0.4247519,39
20,0.3784437,0.6016917,0.4260695,40
20,0.4927448,0.8483266,0.4064413,41
20,-0.3169044,0.7844891,0.5678556,42
20,-0.4892783,0.7243062,0.6264034,43
