Case,X,Y,Z,a,v,index
3,-0.2780068,1.470732,0.4612483,0
3,-0.311669,1.367476,0.5231801,1
3,-0.4416369,1.528287,0.6223173,2
3,-0.2730231,1.56808,0.5819443,3
3,-0.3850312,1.451385,0.517455,4
3,-0.488465,1.357495,0.6381909,5
3,-0.3862573,1.271523,0.4476645,6
3,-0.1640204,1.570835,0.5152481,7
3,-0.1888795,1.413711,0.5247024,8
3,-0.006198049,1.4971,0.3968597,9
3,-0.495806,1.448394,0.4438961,10
3,-0.4873517,1.250602,0.5823678,11
3,-0.4265938,1.11304,0.6192392,12
3,-0.001387745,1.594367,0.4918482,13
3,-0.119002,1.485277,0.4808519,14
3,-0.3359566,1.151986,0.5043404,15
3,-0.1641217,1.190305,0.4980104,16
3,-0.4754477,1.025969,0.4561481,17
3,-0.3653596,0.9616824,0.551533,18
3,0.1673894,1.534005,0.4848882,19
3,0.1249143,1.299602,0.6364193,20
3,-0.05445933,1.209683,0.4198001,21
3,-0.1496458,1.086043,0.5579369,22
3,-0.05480605,1.101994,0.4136652,23
3,0.2631181,1.508373,0.6490313,24
3,-0.4714012,0.9142951,0.6147933,25
3,0.0792824,1.171135,0.4673282,26
3,0.1958642,1.143649,0.4512018,27
3,0.04406834,0.9690115,0.3916986,28
3,0.3639746,1.488266,0.4650303,29
3,0.1805395,0.9927279,0.5673063,30
3,-0.1285705,0.9379319,0.6512957,31
3,-0.2786028,0.8873794,0.5394776,32
3,0.3132661,1.591809,0.5197616,33
3,0.08881646,1.076876,0.6849482,34
3,0.345085,0.9538922,0.3885943,35
3,0.1564491,0.7184366,0.6070757,36
3,-0.3701381,0.860936,0.5602944,37
3,0.2545202,1.055502,0.5234146,38
3,-0.04273769,1.000663,0.5226779,39
3,0.09721261,1.595712,0.61774,40
3,0.08879751,0.8855755,0.4227252,41
3,0.4132206,0.8303999,0.4520542,42
3,0.2864301,1.297933,0.6625597,43
3,0.2117199,1.239411,0.5142565,44
3,0.4122747,1.388731,0.4912177,45
3,0.3201192,0.7763557,0.6816738,46
3,0.4353959,1.254677,0.6204042,47
3,-0.4987572,0.7581188,0.670504,48
3,0.03205782,1.260852,0.4008446,49
3,-0.1143249,0.7264947,0.4867455,50
3,0.4229287,1.58591,0.440504,51
3,-0.1882083,0.8242181,0.5254415,52
3,0.2861532,0.6611179,0.5127755,53
3,-0.2325762,0.7358916,0.4823913,54
3,-0.2026304,0.6036414,0.5214537,55
3,0.2391597,1.41082,0.3935227,56
3,0.4844208,1.500907,0.4388499,57
3,-0.3595264,0.6742043,0.5482784,58
3,0.001459897,0.6326764,0.4439189,59
3,-0.3393167,0.7691972,0.3951653,60
3,-0.1046062,0.6289529,0.4069413,61
3,0.1098998,0.6195414,0.3932883,62
3,-0.4616017,0.6556247,0.6779824,63
3,0.4212714,1.152434,0.3939591,64
3,0.377198,0.6910788,0.6753412,65
3,0.4599636,0.6160378,0.4641907,66
3,0.4745601,0.7107657,0.5039126,67
3,0.4373066,0.9991521,0.588444,68
3,0.3621837,0.6008539,0.5865192,69
3,0.4978318,0.8881812,0.4396179,70
