Case,X,Y,Z,a,v,index
12,0.3701242,1.182277,0.5234184,0
12,0.4444676,0.9063593,0.4763208,1
12,0.4464175,0.7760707,0.6219968,2
12,0.4508157,1.055449,0.4464723,3
12,0.3671234,0.7092783,0.4071327,4
12,0.4833163,0.6515536,0.6477845,5
12,0.2784894,0.7650559,0.6236967,6
12,0.3980064,0.6140435,0.4054035,7
12,0.3440878,0.8480085,0.5723388,8
12,0.282422,0.647531,0.4504376,9
12,0.1961098,0.7117429,0.6747907,10
12,0.4660882,1.20957,0.6004225,11
12,0.08959901,0.9824455,0.4635831,12
12,0.3844547,0.9908252,0.4942377,13
12,0.1337953,0.6122114,0.6256443,14
12,0.009563386,0.6574029,0.6162944,15
12,0.1806495,1.140012,0.5357282,16
12,0.03207695,0.881165,0.5285739,17
12,0.2033603,1.012025,0.4320296,18
12,0.03188789,1.153444,0.5405078,19
12,0.37257,1.357161,0.4192742,20
12,-0.12775,0.9879413,0.4028544,21
12,-0.09095055,0.6862608,0.6241387,22
12,-0.1839049,0.7346189,0.6846333,23
12,-0.09615824,1.255751,0.526204,24
12,0.308668,1.443402,0.6832954,25
12,-0.0161126,1.042437,0.5953056,26
12,0.1031228,1.266988,0.4905096,27
12,-0.002684087,1.330394,0.5011829,28
12,0.2113459,1.442386,0.4662453,29
12,-0.1159263,1.124254,0.5513658,30
12,-0.1477376,0.6067415,0.5537603,31
12,-0.3200582,0.815388,0.5071465,32
12,-0.3080754,0.7189139,0.68427,33
12,-0.2495917,0.634572,0.6208683,34
12,0.09215504,0.7038483,0.4910145,35
12,-0.1917458,1.211375,0.6818205,36
12,0.4096038,1.463017,0.4183947,37
12,0.4819146,1.322052,0.5119034,38
12,0.3888232,1.588351,0.509824,39
12,0.203669,1.573551,0.424848,40
12,-0.4039194,0.6580697,0.459105,41
12,0.09507221,1.469456,0.5496362,42
12,-0.02443889,1.455598,0.5862782,43
12,-0.4470902,0.8394509,0.4220421,44
12,-0.3998196,0.7513408,0.4138605,45
12,-0.1451267,1.480111,0.5302219,46
12,-0.380179,1.127614,0.400396,47
12,-0.4805922,0.9823921,0.454786,48
12,-0.4944677,0.7246354,0.4051183,49
12,-0.28488,1.349129,0.656435,50
12,-0.4280325,1.26663,0.4951029,51
12,-0.2887229,1.445024,0.3895259,52
12,-0.4770563,1.109232,0.6028298,53
12,-0.3801252,1.49747,0.506829,54
12,0.3036092,1.553356,0.5288584,55
12,-0.3947157,1.015061,0.4909412,56
12,-0.3955244,1.37256,0.5005246,57
12,-0.2868976,1.575961,0.5051766,58
12,0.08557433,1.573303,0.6790318,59
12,0.4675968,1.544808,0.4571838,60
12,-0.4768232,1.415926,0.4969817,61
12,-0.4756763,1.589185,0.5094977,62
12,-0.491528,0.6267601,0.6428159,63
12,-0.1375423,1.598808,0.4896817,64
12,-0.006308049,1.573166,0.4036267,65
