Case,X,Y,Z,a,v,index
17,-0.2780068,1.470732,0.4301113,0
17,-0.3191495,1.34453,0.4320748,1
17,-0.4779992,1.541077,0.432699,2
17,-0.2719156,1.589713,0.4864425,3
17,-0.4088144,1.447086,0.4274854,4
17,-0.1559264,1.556402,0.5051658,5
17,-0.1529751,1.429497,0.444579,6
17,-0.4471014,1.266195,0.4586695,7
17,-0.396771,1.159251,0.4254602,8
17,0.05855238,1.58949,0.4239859,9
17,-0.08360159,1.214856,0.517684,10
17,-0.01573643,1.493653,0.4805481,11
17,-0.4964016,1.072494,0.4392709,12
17,0.1883995,1.568918,0.5231913,13
17,-0.3531768,1.054007,0.4586195,14
17,-0.4945068,1.367984,0.6139838,15
17,-0.116456,1.015527,0.4124961,16
17,0.03971308,1.153224,0.4594694,17
17,-0.01982215,0.955097,0.4719493,18
17,-0.4473267,0.9350852,0.5723529,19
17,0.1005943,1.451986,0.6651833,20
17,-0.2611245,0.8642624,0.4969532,21
17,0.1333507,1.009739,0.4585741,22
17,0.217596,1.420658,0.4687386,23
17,0.3763959,1.547666,0.4837662,24
17,0.3501114,1.230271,0.4969908,25
17,-0.1402781,0.701728,0.6741068,26
17,-0.4314097,0.7761112,0.6204947,27
17,0.02652007,0.7307147,0.4376975,28
17,0.1373619,0.7408451,0.4584509,29
17,0.208514,0.642377,0.5187642,30
17,0.3904971,1.434248,0.410291,31
17,-0.2734228,0.7546922,0.4696557,32
17,0.4856389,1.162052,0.6720834,33
17,-0.01060444,0.6132415,0.6790218,34
17,0.3890041,0.7041485,0.5273555,35
17,0.4880969,0.6285436,0.6268784,36
17,0.333151,0.9140787,0.5321166,37
17,-0.397907,0.6199264,0.6685435,38
17,0.386224,1.100352,0.567739,39
17,0.4374813,0.8487814,0.5759197,40
17,-0.2563644,0.6340743,0.5116135,41
17,0.4807322,1.024816,0.62003,42
17,0.3039011,0.7754599,0.6758436,43
17,0.4820269,1.342244,0.3997553,44
17,0.4955317,1.585192,0.5651116,45
