Case,X,Y,Z,a,v,index
21,0.1503742,1.105453,0.5069921,0
21,0.2652519,0.8869836,0.4824266,1
21,0.00965488,1.110198,0.5697992,2
21,0.4148624,1.108986,0.424363,3
21,0.2683337,1.404044,0.4577931,4
21,0.3990864,1.320777,0.5101953,5
21,-0.1407425,1.160795,0.578758,6
21,0.125744,1.492939,0.3992445,7
21,-0.1260976,1.458038,0.4635115,8
21,-0.03289402,1.001854,0.3882731,9
21,0.4333869,1.512408,0.4124872,10
21,0.04926842,1.572926,0.6758427,11
21,0.4902207,1.1929,0.4071786,12
21,0.2572667,1.514809,0.4460907,13
21,-0.1939112,1.367578,0.4965808,14
21,0.4098923,0.9534307,0.387991,15
21,0.4287662,0.7709529,0.520044,16
21,0.1534364,0.7708679,0.5111408,17
21,0.3271669,0.6391824,0.5494879,18
21,-0.2618656,1.493422,0.591229,19
21,0.1788677,0.6150171,0.4222541,20
21,-0.04033139,0.6844602,0.48676,21
21,-0.2123614,0.8288589,0.4753724,22
21,-0.1882064,0.703989,0.3959548,23
21,-0.405256,1.423318,0.4411061,24
21,-0.3478466,1.573303,0.4342978,25
21,-0.3598947,0.9974327,0.5787119,26
21,0.4951141,0.6291238,0.441001,27
21,0.296602,0.7740636,0.5281658,28
21,-0.4848161,1.247143,0.6844325,29
21,-0.3899602,1.104665,0.4780366,30
21,0.08525407,0.6781737,0.4824293,31
21,-0.3706748,0.8240129,0.4795242,32
21,-0.4931551,1.49756,0.4163395,33
21,-0.1096162,1.599438,0.6653481,34
21,-0.4510778,0.6402363,0.6300213,35
21,-0.3134905,0.6974298,0.4146822,36
21,-0.3163974,1.339981,0.5598674,37
21,-0.4786918,0.9309626,0.4876055,38
21,-0.4987665,1.082841,0.6437032,39
