Case,X,Y,Z,a,v,index
8,-0.3458372,1.34005,0.4120968,0
8,-0.4034975,1.438043,0.394116,1
8,-0.2210229,1.252571,0.4481554,2
8,-0.2234449,1.139754,0.5041824,3
8,-0.3629966,1.547799,0.4401794,4
8,-0.3263729,1.170487,0.4324096,5
8,-0.3106747,1.453125,0.5143045,6
8,-0.1876021,1.374695,0.4154637,7
8,-0.434588,1.253718,0.550454,8
8,-0.481371,1.346345,0.53341,9
8,-0.1214565,1.143061,0.4666222,10
8,-0.3765599,1.061554,0.5381866,11
8,-0.4696719,1.162914,0.3971974,12
8,-0.1314842,1.051242,0.5239707,13
8,0.01798838,1.112967,0.6420074,14
8,-0.1990624,0.9465977,0.4893901,15
8,-0.46455,1.549123,0.4076728,16
8,-0.3628358,0.8663869,0.5740845,17
8,0.1327474,1.145534,0.4933296,18
8,-0.03909609,1.015933,0.4359713,19
8,-0.0005242527,1.517046,0.642144,20
8,0.07508183,1.251856,0.6078666,21
8,-0.4600436,0.9263271,0.6500663,22
8,0.06344026,0.9957095,0.6579807,23
8,-0.4929889,1.456939,0.4100463,24
8,-0.06884298,1.276343,0.5126445,25
8,-0.4636094,0.749092,0.5083591,26
8,-0.161178,1.53544,0.5022029,27
8,-0.3400123,0.652235,0.4986624,28
8,-0.3642945,0.7491822,0.5178574,29
8,0.2070844,1.030413,0.4144127,30
8,0.09054881,1.475584,0.4601685,31
8,0.2889305,0.9156278,0.4459399,32
8,-0.2217135,0.6874443,0.4119526,33
8,0.2499607,1.152338,0.5660248,34
8,-0.271061,1.569584,0.4857683,35
8,-0.01350144,1.204941,0.5352447,36
8,-0.1223787,0.8903338,0.4724119,37
8,-0.4927061,1.075637,0.4400727,38
8,-0.4341244,0.6346959,0.4606293,39
8,0.07739168,1.577726,0.4361605,40
8,-0.1257834,1.440262,0.6541283,41
8,0.3622563,1.071604,0.3906223,42
8,0.2348415,0.8025746,0.5507789,43
8,0.4662862,0.9684478,0.434363,44
8,0.4490998,0.8749988,0.4048283,45
8,-0.2705262,0.8253342,0.47392,46
8,0.1950276,1.453938,0.4750131,47
8,0.4645781,1.127269,0.5287411,48
8,0.2048156,0.7148217,0.5133411,49
8,0.1868493,1.568223,0.3883626,50
8,0.1889755,1.221253,0.5086502,51
8,0.3776906,0.7358972,0.6377613,52
8,-0.07403904,0.7198348,0.5318599,53
8,0.2808518,1.293569,0.5247548,54
8,0.3331667,0.8164567,0.5307317,55
8,-0.07380074,0.6130551,0.5256639,56
8,0.3597055,1.420712,0.4829094,57
8,0.352183,0.6455948,0.5071699,58
8,0.4926065,1.278237,0.5355363,59
8,0.4458382,1.550118,0.4639827,60
8,0.342128,1.559139,0.4734687,61
8,-0.07970515,1.597633,0.5261314,62
8,0.04744184,0.654357,0.5262432,63
8,0.2439999,0.6294937,0.4511901,64
8,0.4939827,0.7944577,0.5245667,65
8,0.4795541,0.6492746,0.4070253,66
8,0.4879236,1.444523,0.5235865,67
8,0.4114022,1.33564,0.5202451,68
8,0.3683658,0.9649266,0.4496309,69
8,0.1412664,0.6238554,0.4565223,70
