Case,X,Y,Z,a,v,index
15,-0.2514899,1.049975,0.6555759,0
15,-0.3765767,1.028103,0.4850984,1
15,-0.3250244,0.8787388,0.4815979,2
15,-0.157049,1.030898,0.4617145,3
15,-0.1188707,1.159069,0.658276,4
15,-0.1783729,0.735019,0.495388,5
15,-0.05221164,0.7472163,0.4189855,6
15,-0.2727329,0.7722988,0.3873356,7
15,-0.03257033,0.6362029,0.5264698,8
15,0.03165966,0.9217459,0.4686242,9
15,0.1362704,1.04142,0.4723421,10
15,-0.1142328,0.9452485,0.5142351,11
15,-0.3140677,0.6624167,0.398789,12
15,0.04417622,0.7052257,0.5847481,13
15,-0.347742,1.177143,0.5489695,14
15,-0.2290961,0.6047928,0.620906,15
15,-0.4668721,1.117046,0.6504823,16
15,-0.1186628,0.6642889,0.6417313,17
15,-0.4575211,0.9523044,0.4989806,18
15,-0.4395212,1.216139,0.5346041,19
15,-0.3731313,1.356198,0.4348924,20
15,-0.0008679628,1.059167,0.5288476,21
15,-0.4240541,0.6564543,0.4112259,22
15,-0.4945323,1.341327,0.4334609,23
15,-0.4334149,0.8223709,0.6584691,24
15,0.1885309,0.9556372,0.6551962,25
15,0.2384646,1.094679,0.5334435,26
15,-0.1436331,1.287358,0.5617995,27
15,-0.2283081,1.457681,0.5069219,28
15,-0.3745559,0.75365,0.4189723,29
15,-0.2862582,1.307155,0.5012589,30
15,0.2101701,0.7263932,0.4030589,31
15,-0.4962783,0.7370754,0.64433,32
15,-0.3908693,1.468725,0.5428982,33
15,-0.4002871,1.566301,0.6678483,34
15,0.1451737,0.6356013,0.4141307,35
15,-0.02644148,1.174369,0.487729,36
15,-0.4839745,1.515025,0.4253702,37
15,0.2772475,0.8576009,0.4641529,38
15,-0.2826103,1.538617,0.3905191,39
15,0.141388,1.22203,0.5058439,40
15,-0.05218831,1.287675,0.4630321,41
15,0.2643947,0.6420445,0.4998674,42
15,-0.1180031,1.551017,0.6717656,43
15,0.07734817,1.126274,0.3891127,44
15,0.3323783,1.18156,0.4398561,45
15,0.4964567,1.112132,0.5178795,46
15,0.3624989,1.282096,0.4366336,47
15,0.04661661,1.25694,0.5217869,48
15,0.1316653,1.313992,0.4375664,49
15,0.2098472,1.413127,0.5967193,50
15,0.1517617,1.546405,0.4499072,51
15,0.3769392,1.445287,0.5937208,52
15,0.3833847,1.101083,0.4555344,53
15,0.3806496,0.9001234,0.4443589,54
15,0.372864,0.7713265,0.5671219,55
15,0.4235351,0.6814964,0.4492745,56
15,0.02697742,1.519258,0.5344656,57
15,-0.2063714,1.598393,0.5051837,58
15,0.4374571,1.333073,0.65802,59
15,0.4867771,0.9063942,0.5430919,60
15,0.4833586,1.225502,0.6002923,61
15,0.4841002,0.9981059,0.4873871,62
15,0.4587163,0.8060363,0.43107,63
15,0.2646864,1.556109,0.6188307,64
15,0.3944745,1.006539,0.454348,65
15,0.4396834,1.512322,0.4932188,66
15,0.3551027,1.563716,0.4004428,67
15,0.4893495,1.423521,0.5101093,68
