Case,X,Y,Z,a,v,index
5,-0.4236917,1.379919,0.5709818,0
5,-0.3510343,1.262049,0.6122153,1
5,-0.3361703,1.401426,0.405037,2
5,-0.2401728,1.387114,0.580763,3
5,-0.2411543,1.5293,0.4570844,4
5,-0.3230801,1.584775,0.677747,5
5,-0.3627274,1.492598,0.5642653,6
5,-0.4580184,1.515637,0.4256663,7
5,-0.1536907,1.287405,0.3991584,8
5,-0.05333394,1.303264,0.470393,9
5,-0.05583203,1.143731,0.4409915,10
5,-0.07240149,1.501744,0.401685,11
5,-0.1364601,1.570014,0.5310397,12
5,-0.471402,1.3013,0.6543403,13
5,0.02413112,1.492545,0.3951368,14
5,-0.1672006,1.120064,0.6481148,15
5,0.1189915,1.497894,0.5349805,16
5,0.2345369,1.550643,0.3983057,17
5,0.3629864,1.469936,0.4967118,18
5,0.1232017,1.228761,0.3947099,19
5,0.2808809,1.369057,0.5605138,20
5,0.08693916,1.057127,0.6263082,21
5,-0.4637375,1.189993,0.6750481,22
5,-0.1352412,0.9581932,0.5161986,23
5,0.3867007,1.30795,0.5348249,24
5,-0.009540647,1.581754,0.4898493,25
5,0.3399487,1.200396,0.5367852,26
5,0.2704908,1.461383,0.680461,27
5,0.4069086,1.589145,0.478173,28
5,-0.04334083,0.9708633,0.4701256,29
5,0.2017173,1.167466,0.3919809,30
5,-0.007267088,0.871531,0.4143572,31
5,-0.2159352,0.9983559,0.5907838,32
5,0.09386945,1.591269,0.6333271,33
5,0.02137649,1.193545,0.4133784,34
5,-0.4985571,1.030431,0.4514451,35
5,-0.4144136,0.9731382,0.6750376,36
5,0.0853501,0.9439493,0.544966,37
5,0.4943095,1.555588,0.6747212,38
5,0.4562805,1.378667,0.6533298,39
5,-0.270602,0.8584629,0.5049511,40
5,0.2002844,0.9856838,0.4444068,41
5,0.4247269,1.155584,0.59567,42
5,-0.1098399,0.7017295,0.4818378,43
5,-0.3872759,1.125813,0.4923186,44
5,-0.3302666,0.927451,0.4996688,45
5,-0.2691538,0.6720788,0.60715,46
5,-0.3409866,1.028156,0.4759642,47
5,0.006391108,0.7155195,0.4416295,48
5,0.008321166,0.6248311,0.407751,49
5,0.4186081,1.051881,0.590276,50
5,0.1393548,0.6704996,0.517215,51
5,0.288992,0.7344834,0.4910281,52
5,-0.09754995,1.06045,0.4645512,53
5,0.3994049,0.9462279,0.6179498,54
5,0.3050218,0.9214715,0.4254194,55
5,-0.3435917,0.8035582,0.4618351,56
5,0.3695582,0.8021809,0.4127162,57
5,-0.3611657,0.6928428,0.6497201,58
5,-0.4740769,0.823333,0.555374,59
5,-0.491163,0.6561128,0.4383153,60
5,-0.1638312,0.6028852,0.4380489,61
5,0.207973,0.606837,0.4865952,62
5,0.3568868,0.6285788,0.4908038,63
5,0.4701678,0.8865024,0.4712507,64
5,0.4807681,0.7374817,0.4968477,65
5,0.4945419,0.629858,0.4100468,66
5,0.1833881,0.7634553,0.6307439,67
