Case,X,Y,Z,a,v,index
35,0.009501994,1.167466,0.5891877,0
35,0.1867266,1.462806,0.471544,1
35,-0.09964421,1.560996,0.4441176,2
35,0.4607139,1.235311,0.4061609,3
35,-0.09557852,1.443615,0.4679357,4
35,0.4994676,1.111667,0.4353354,5
35,0.4908717,1.357578,0.4459072,6
35,-0.2088888,1.513801,0.6510198,7
35,0.3572323,1.485583,0.507439,8
35,0.4905676,1.503937,0.4592056,9
35,0.4629035,0.955566,0.5202729,10
35,0.3882641,1.591805,0.4299641,11
35,0.2695013,1.572758,0.5208023,12
35,0.3607178,1.316786,0.6152689,13
35,-0.2690013,1.350988,0.5194271,14
35,0.2826281,1.394963,0.5138772,15
35,0.0120346,1.052443,0.4073929,16
35,0.07632858,1.554364,0.4881275,17
35,-0.02103782,0.6345962,0.5511002,18
35,-0.1466841,1.075139,0.4354792,19
35,0.2457824,0.8231745,0.4848775,20
35,-0.1689799,0.7627676,0.5805223,21
35,-0.06207523,0.9589568,0.4293019,22
35,-0.2844818,0.9043791,0.5236926,23
35,-0.3922611,1.213108,0.4149557,24
35,0.1517232,0.6683275,0.4607036,25
35,-0.4645724,1.385281,0.5916176,26
35,-0.4812332,1.020087,0.4701025,27
35,-0.4058843,0.850158,0.3925117,28
35,0.4134564,0.7548617,0.5520493,29
35,-0.494221,1.142682,0.6594491,30
35,0.2820135,0.6767685,0.402744,31
35,-0.4986836,1.598936,0.5176396,32
35,-0.3259166,1.523617,0.6769632,33
35,-0.2594055,0.6900633,0.5955813,34
35,0.04998565,0.7735882,0.4272778,35
35,0.3518623,0.8958032,0.5280543,36
35,-0.1714083,0.6104065,0.4232914,37
35,0.4850643,0.6582474,0.6354589,38
35,-0.3655504,0.6531602,0.5495892,39
35,0.3784437,0.6016917,0.6571385,40
35,0.4927448,0.8483266,0.4320685,41
35,-0.3169044,0.7844891,0.4352125,42
35,-0.4892783,0.7243062,0.5135757,43
