Case,X,Y,Z,a,v,index
32,-0.2780068,1.470732,0.4751519,0
32,-0.3191495,1.34453,0.5091254,1
32,-0.4779992,1.541077,0.483448,2
32,-0.2719156,1.589713,0.598749,3
32,-0.4088144,1.447086,0.6808164,4
32,-0.1559264,1.556402,0.6375601,5
32,-0.1529751,1.429497,0.6331936,6
32,-0.4471014,1.266195,0.4368777,7
32,-0.396771,1.159251,0.4528651,8
32,0.05855238,1.58949,0.583591,9
32,-0.08360159,1.214856,0.4386522,10
32,-0.01573643,1.493653,0.4043702,11
32,-0.4964016,1.072494,0.5001944,12
32,0.1883995,1.568918,0.595783,13
32,-0.3531768,1.054007,0.4112515,14
32,-0.4945068,1.367984,0.6428721,15
32,-0.116456,1.015527,0.4995033,16
32,0.03971308,1.153224,0.5168065,17
32,-0.01982215,0.955097,0.5029831,18
32,-0.4473267,0.9350852,0.5052386,19
32,0.1005943,1.451986,0.4787763,20
32,-0.2611245,0.8642624,0.4690432,21
32,0.1333507,1.009739,0.5545394,22
32,0.217596,1.420658,0.5217701,23
32,0.3763959,1.547666,0.4682776,24
32,0.3501114,1.230271,0.4909537,25
32,-0.1402781,0.701728,0.4791077,26
32,-0.4314097,0.7761112,0.6228619,27
32,0.02652007,0.7307147,0.5008202,28
32,0.1373619,0.7408451,0.6049722,29
32,0.208514,0.642377,0.512112,30
32,0.3904971,1.434248,0.5536085,31
32,-0.2734228,0.7546922,0.5023472,32
32,0.4856389,1.162052,0.5729117,33
32,-0.01060444,0.6132415,0.4968913,34
32,0.3890041,0.7041485,0.3924527,35
32,0.4880969,0.6285436,0.6248578,36
32,0.333151,0.9140787,0.5711929,37
32,-0.397907,0.6199264,0.5810835,38
32,0.386224,1.100352,0.4442454,39
32,0.4374813,0.8487814,0.6855448,40
32,-0.2563644,0.6340743,0.6556276,41
32,0.4807322,1.024816,0.5593238,42
32,0.3039011,0.7754599,0.6805562,43
32,0.4820269,1.342244,0.4524992,44
32,0.4955317,1.585192,0.396802,45
