Case,X,Y,Z,a,v,index
36,0.1503742,1.105453,0.6476976,0
36,0.2652519,0.8869836,0.6492274,1
36,0.00965488,1.110198,0.6729874,2
36,0.4148624,1.108986,0.604784,3
36,0.2683337,1.404044,0.5589027,4
36,0.3990864,1.320777,0.453296,5
36,-0.1407425,1.160795,0.5993059,6
36,0.125744,1.492939,0.4551733,7
36,-0.1260976,1.458038,0.4835976,8
36,-0.03289402,1.001854,0.4693726,9
36,0.4333869,1.512408,0.42573,10
36,0.04926842,1.572926,0.531579,11
36,0.4902207,1.1929,0.5658488,12
36,0.2572667,1.514809,0.4729287,13
36,-0.1939112,1.367578,0.4572605,14
36,0.4098923,0.9534307,0.6748275,15
36,0.4287662,0.7709529,0.4773024,16
36,0.1534364,0.7708679,0.5448179,17
36,0.3271669,0.6391824,0.408004,18
36,-0.2618656,1.493422,0.4139357,19
36,0.1788677,0.6150171,0.5013941,20
36,-0.04033139,0.6844602,0.5156928,21
36,-0.2123614,0.8288589,0.5726108,22
36,-0.1882064,0.703989,0.6202183,23
36,-0.405256,1.423318,0.5016186,24
36,-0.3478466,1.573303,0.4959896,25
36,-0.3598947,0.9974327,0.6107783,26
36,0.4951141,0.6291238,0.4100168,27
36,0.296602,0.7740636,0.4110352,28
36,-0.4848161,1.247143,0.675485,29
36,-0.3899602,1.104665,0.5898875,30
36,0.08525407,0.6781737,0.5659169,31
36,-0.3706748,0.8240129,0.404694,32
36,-0.4931551,1.49756,0.5001169,33
36,-0.1096162,1.599438,0.4714863,34
36,-0.4510778,0.6402363,0.412088,35
36,-0.3134905,0.6974298,0.4561897,36
36,-0.3163974,1.339981,0.4822517,37
36,-0.4786918,0.9309626,0.4550381,38
36,-0.4987665,1.082841,0.4311617,39
