Case,X,Y,Z,a,v,index
45,-0.09231296,0.6553661,0.6857429,0
45,0.1036015,0.6733572,0.5275675,1
45,0.01235992,0.6099758,0.4650078,2
45,0.2154669,0.6265669,0.4303242,3
45,-0.2740204,0.6724259,0.4034138,4
45,0.3446485,0.6320571,0.5398114,5
45,0.3713085,0.7707636,0.44216,6
45,-0.1668584,0.7924962,0.4667037,7
45,0.4507063,0.9519517,0.5179195,8
45,-0.3000184,0.8777623,0.3919656,9
45,0.04450941,1.007814,0.5685422,10
45,-0.4381813,0.767274,0.5317953,11
45,0.2577174,0.7533494,0.447834,12
45,-0.4070268,0.6073884,0.6730072,13
45,0.3478838,1.013041,0.4328571,14
45,-0.09455866,1.124677,0.5350006,15
45,-0.06408998,0.9785857,0.5888735,16
45,0.3659194,1.123966,0.4969251,17
45,0.4770021,0.6270764,0.440281,18
45,0.4947848,1.152555,0.5053815,19
45,0.3144808,0.88965,0.6524911,20
45,0.4901394,0.7652312,0.4204715,21
45,0.07217544,1.143998,0.416258,22
45,0.328065,1.230495,0.5298121,23
45,-0.4099138,1.00484,0.5805536,24
45,0.411155,1.399091,0.5307635,25
45,-0.3480504,1.282832,0.4848992,26
45,-0.4171035,1.191808,0.5612717,27
45,0.2607092,1.432945,0.5378668,28
45,-0.4404407,1.355422,0.5098483,29
45,-0.4888638,1.083289,0.4447405,30
45,-0.462481,0.8916916,0.5472261,31
45,0.4243038,1.542533,0.4148512,32
45,0.4598138,1.275589,0.5713785,33
45,-0.3660868,1.522563,0.6173774,34
45,0.2492132,1.553217,0.5813925,35
45,0.1300951,1.557388,0.3978515,36
45,-0.06219414,1.501617,0.5031204,37
45,-0.3289775,1.399726,0.6498466,38
45,-0.2322729,1.561256,0.4711922,39
45,-0.485131,1.563861,0.4294461,40
