Case,X,Y,Z,a,v,index
23,-0.04318434,0.9942126,0.5975499,0
23,0.04893875,1.192551,0.6480381,1
23,0.2411786,0.8545536,0.5885023,2
23,0.4051219,1.14031,0.5139551,3
23,0.4555419,0.8775098,0.6745111,4
23,0.1360509,0.6688324,0.6277216,5
23,0.4383813,0.7071878,0.4727283,6
23,0.08793592,1.059492,0.3894576,7
23,0.4181769,1.012355,0.6682904,8
23,0.3297402,1.295802,0.5915733,9
23,0.3275615,0.6316664,0.5991826,10
23,-0.05099338,0.6060132,0.5299727,11
23,0.4374301,1.477364,0.6585029,12
23,0.4594262,1.241617,0.5427845,13
23,-0.068198,1.123165,0.6003178,14
23,0.3293029,0.7627922,0.6339071,15
23,-0.2238823,0.7993555,0.6804081,16
23,0.00819242,1.523032,0.6675682,17
23,0.1183952,1.455125,0.5047349,18
23,-0.1839626,0.646596,0.4161584,19
23,0.02181423,0.7384076,0.4822798,20
23,0.4209535,1.367256,0.6198333,21
23,-0.09192592,0.7459952,0.5290977,22
23,0.2480849,1.508151,0.5872175,23
23,0.3852829,1.592826,0.4696911,24
23,-0.1817388,1.461983,0.4202736,25
23,0.2471834,1.396004,0.4113457,26
23,0.1156887,1.596273,0.5784592,27
23,-0.2922724,0.9253495,0.4231895,28
23,-0.4464157,1.068104,0.5098026,29
23,-0.306554,0.6809703,0.6283749,30
23,-0.4362023,1.350935,0.6163054,31
23,-0.3374475,1.411091,0.5670465,32
23,-0.4397666,1.213608,0.4485632,33
23,-0.4461411,0.9074546,0.5193754,34
23,-0.4158199,1.535453,0.5270418,35
23,-0.3893818,0.7747118,0.5327047,36
23,-0.2187116,1.595814,0.4675958,37
23,-0.4364499,0.6165788,0.4881738,38
23,-0.4969251,0.7137784,0.4793574,39
23,-0.09372175,1.57646,0.586617,40
