Case,X,Y,Z,a,v,index
2,0.05079788,1.308148,0.485322,0
2,0.1459917,1.241543,0.4784367,1
2,0.1693931,1.078866,0.6696709,2
2,-0.0791142,1.223945,0.6031581,3
2,0.07027918,0.9611352,0.5510367,4
2,-0.09468779,1.316744,0.4384332,5
2,-0.07863191,1.090083,0.4825019,6
2,0.3448468,1.323277,0.4484786,7
2,0.1690649,0.9452651,0.4173194,8
2,0.04739827,1.205556,0.5204542,9
2,0.06696564,1.10451,0.6540064,10
2,0.1252836,1.543598,0.3953497,11
2,-0.1906662,1.095382,0.4599143,12
2,0.3551239,1.467647,0.4323906,13
2,0.2571737,1.436243,0.5357431,14
2,0.22158,1.537907,0.5864358,15
2,-0.1890076,0.9789701,0.4044478,16
2,0.3145724,0.8551703,0.422034,17
2,0.4381212,1.105805,0.4752436,18
2,0.03310418,1.59417,0.6422318,19
2,0.4954886,1.367148,0.4467036,20
2,0.3629673,0.9336675,0.4043096,21
2,-0.07003108,0.9964809,0.5356479,22
2,0.4765726,1.520358,0.4851038,23
2,0.3246013,1.554535,0.4462782,24
2,0.4103707,1.017673,0.6112198,25
2,0.4157097,1.208416,0.3918471,26
2,-0.05328238,1.432814,0.4416752,27
2,0.1747215,0.6907867,0.4471691,28
2,-0.2765987,1.434675,0.416336,29
2,0.2005388,1.16468,0.4943566,30
2,-0.4699368,1.039769,0.4728748,31
2,0.3933087,0.8013205,0.4517058,32
2,-0.1685671,1.468921,0.565693,33
2,-0.347912,1.167507,0.4799263,34
2,0.2746617,0.7620283,0.6119366,35
2,-0.3304916,1.520158,0.3898508,36
2,-0.1214219,0.8968913,0.5222478,37
2,-0.3169752,1.280689,0.5030362,38
2,-0.08816075,1.55222,0.5271049,39
2,-0.3481826,0.9532686,0.4694089,40
2,0.03939092,1.449044,0.6630809,41
2,0.08432215,0.7112563,0.6263117,42
2,-0.4401827,1.58776,0.5421481,43
2,0.4561779,0.9181718,0.4021888,44
2,0.4785457,0.7720386,0.6357156,45
2,-0.2407038,1.541528,0.4084348,46
2,-0.4053341,1.378944,0.6642352,47
2,0.4135481,0.6522281,0.4123169,48
2,-0.4351551,1.492505,0.3942623,49
2,-0.2902859,0.8763486,0.5498616,50
2,0.3218424,0.6032621,0.4943783,51
2,-0.3832163,0.7834972,0.3954289,52
2,-0.4756298,1.290986,0.4453249,53
2,-0.1776757,1.235185,0.4658035,54
2,-0.484624,1.169293,0.6667131,55
2,-0.07033187,0.6573662,0.4790804,56
2,-0.4707502,0.9165218,0.570455,57
2,-0.4929003,0.7798056,0.4488166,58
2,0.01394135,0.6228281,0.5794761,59
2,-0.2207002,0.7783105,0.5970408,60
2,-0.2913744,0.7142367,0.5465484,61
2,-0.1404151,0.7312087,0.5821793,62
2,-0.1889148,0.6383536,0.4209009,63
2,-0.4394311,0.6377807,0.6575756,64
2,-0.2761074,0.6109136,0.6382121,65
2,-0.0189079,0.910104,0.4108275,66
