Case,X,Y,Z,a,v,index
12,0.3701242,1.182277,0.4386911,0
12,0.4444676,0.9063593,0.6471311,1
12,0.4464175,0.7760707,0.5476909,2
12,0.4508157,1.055449,0.5324873,3
12,0.3671234,0.7092783,0.6420535,4
12,0.4833163,0.6515536,0.533978,5
12,0.2784894,0.7650559,0.5725052,6
12,0.3980064,0.6140435,0.5935564,7
12,0.3440878,0.8480085,0.6331456,8
12,0.282422,0.647531,0.5458674,9
12,0.1961098,0.7117429,0.4902628,10
12,0.4660882,1.20957,0.672061,11
12,0.08959901,0.9824455,0.4213478,12
12,0.3844547,0.9908252,0.4379095,13
12,0.1337953,0.6122114,0.5793445,14
12,0.009563386,0.6574029,0.5360468,15
12,0.1806495,1.140012,0.5253859,16
12,0.03207695,0.881165,0.556196,17
12,0.2033603,1.012025,0.4062296,18
12,0.03188789,1.153444,0.4664764,19
12,0.37257,1.357161,0.5176739,20
12,-0.12775,0.9879413,0.4352632,21
12,-0.09095055,0.6862608,0.4758953,22
12,-0.1839049,0.7346189,0.4670879,23
12,-0.09615824,1.255751,0.6135629,24
12,0.308668,1.443402,0.5327207,25
12,-0.0161126,1.042437,0.5567422,26
12,0.1031228,1.266988,0.5286183,27
12,-0.002684087,1.330394,0.4024078,28
12,0.2113459,1.442386,0.6045759,29
12,-0.1159263,1.124254,0.5968236,30
12,-0.1477376,0.6067415,0.6729426,31
12,-0.3200582,0.815388,0.6462393,32
12,-0.3080754,0.7189139,0.6470633,33
12,-0.2495917,0.634572,0.4895799,34
12,0.09215504,0.7038483,0.5074183,35
12,-0.1917458,1.211375,0.4374869,36
12,0.4096038,1.463017,0.6479917,37
12,0.4819146,1.322052,0.6577355,38
12,0.3888232,1.588351,0.4858727,39
12,0.203669,1.573551,0.412901,40
12,-0.4039194,0.6580697,0.4102944,41
12,0.09507221,1.469456,0.4517717,42
12,-0.02443889,1.455598,0.4074866,43
12,-0.4470902,0.8394509,0.4274467,44
12,-0.3998196,0.7513408,0.6245819,45
12,-0.1451267,1.480111,0.5262997,46
12,-0.380179,1.127614,0.5262216,47
12,-0.4805922,0.9823921,0.5416574,48
12,-0.4944677,0.7246354,0.4667253,49
12,-0.28488,1.349129,0.4515803,50
12,-0.4280325,1.26663,0.4710378,51
12,-0.2887229,1.445024,0.650878,52
12,-0.4770563,1.109232,0.6629502,53
12,-0.3801252,1.49747,0.4333736,54
12,0.3036092,1.553356,0.5347719,55
12,-0.3947157,1.015061,0.4051006,56
12,-0.3955244,1.37256,0.3895914,57
12,-0.2868976,1.575961,0.4569879,58
12,0.08557433,1.573303,0.5031946,59
12,0.4675968,1.544808,0.4566051,60
12,-0.4768232,1.415926,0.5023184,61
12,-0.4756763,1.589185,0.5795004,62
12,-0.491528,0.6267601,0.4269248,63
12,-0.1375423,1.598808,0.394609,64
12,-0.006308049,1.573166,0.4092595,65
