Case,X,Y,Z,a,v,index
17,-0.2780068,1.470732,0.4974537,0
17,-0.3191495,1.34453,0.4062031,1
17,-0.4779992,1.541077,0.5411332,2
17,-0.2719156,1.589713,0.475751,3
17,-0.4088144,1.447086,0.6499676,4
17,-0.1559264,1.556402,0.4019541,5
17,-0.1529751,1.429497,0.4046691,6
17,-0.4471014,1.266195,0.6808496,7
17,-0.396771,1.159251,0.4551919,8
17,0.05855238,1.58949,0.3923157,9
17,-0.08360159,1.214856,0.4605439,10
17,-0.01573643,1.493653,0.4742122,11
17,-0.4964016,1.072494,0.3916293,12
17,0.1883995,1.568918,0.5204847,13
17,-0.3531768,1.054007,0.4677956,14
17,-0.4945068,1.367984,0.5084568,15
17,-0.116456,1.015527,0.4886774,16
17,0.03971308,1.153224,0.5745076,17
17,-0.01982215,0.955097,0.5416315,18
17,-0.4473267,0.9350852,0.4285469,19
17,0.1005943,1.451986,0.6108431,20
17,-0.2611245,0.8642624,0.446007,21
17,0.1333507,1.009739,0.4946749,22
17,0.217596,1.420658,0.6412914,23
17,0.3763959,1.547666,0.399103,24
17,0.3501114,1.230271,0.460793,25
17,-0.1402781,0.701728,0.4512002,26
17,-0.4314097,0.7761112,0.5777876,27
17,0.02652007,0.7307147,0.419796,28
17,0.1373619,0.7408451,0.4105183,29
17,0.208514,0.642377,0.5561928,30
17,0.3904971,1.434248,0.4856689,31
17,-0.2734228,0.7546922,0.6175889,32
17,0.4856389,1.162052,0.4286577,33
17,-0.01060444,0.6132415,0.661014,34
17,0.3890041,0.7041485,0.4306499,35
17,0.4880969,0.6285436,0.5555825,36
17,0.333151,0.9140787,0.5239936,37
17,-0.397907,0.6199264,0.4669738,38
17,0.386224,1.100352,0.4641945,39
17,0.4374813,0.8487814,0.4883682,40
17,-0.2563644,0.6340743,0.6471446,41
17,0.4807322,1.024816,0.5279318,42
17,0.3039011,0.7754599,0.5181832,43
17,0.4820269,1.342244,0.5358816,44
17,0.4955317,1.585192,0.5290767,45
