Case,X,Y,Z,a,v,index
14,0.36376,0.884906,0.5011472,0
14,0.2547567,0.7643464,0.623757,1
14,0.4222893,1.003182,0.5292207,2
14,0.4514893,0.9144663,0.5478767,3
14,0.2525639,0.6183404,0.4599547,4
14,0.3836802,0.7791331,0.4073511,5
14,0.1872445,0.6876346,0.4544386,6
14,0.3503054,0.6256751,0.439732,7
14,0.2154516,1.1593,0.4327533,8
14,0.07340455,1.259845,0.5603057,9
14,0.4311529,0.6667741,0.5119869,10
14,0.476893,0.7474097,0.4469176,11
14,0.3761159,1.114136,0.6674976,12
14,0.2041817,1.009449,0.6697605,13
14,0.07158756,0.9755515,0.5447133,14
14,0.09789193,0.6464261,0.522902,15
14,0.005172789,0.636745,0.6832211,16
14,-0.07884657,1.318407,0.4259455,17
14,0.4918929,1.109912,0.4708902,18
14,0.1168615,1.097202,0.39357,19
14,-0.09982759,0.7519195,0.6040352,20
14,-0.1191539,0.6519552,0.4490179,21
14,0.06323808,0.8725579,0.6289645,22
14,-0.01771775,0.9554681,0.5146924,23
14,-0.03555012,1.095745,0.6660717,24
14,0.08496118,1.53033,0.4173173,25
14,-0.2734917,0.7407265,0.4058613,26
14,-0.1855856,0.7807703,0.5354052,27
14,0.3616025,1.21112,0.4874315,28
14,0.3610181,1.365815,0.4926292,29
14,-0.1307618,0.9712421,0.5685561,30
14,0.2137938,1.497242,0.6668232,31
14,0.4625494,1.197266,0.4766778,32
14,0.2819962,1.429074,0.4953232,33
14,0.486479,1.444968,0.5141668,34
14,0.3433447,1.545276,0.6486019,35
14,-0.09746766,1.228242,0.4004433,36
14,-0.2756942,0.8877759,0.6260904,37
14,0.1823518,1.586779,0.4960375,38
14,0.4378088,1.586583,0.4760988,39
14,0.4690611,1.287445,0.4137686,40
14,-0.0699521,1.480081,0.4957293,41
14,-0.3975077,1.263235,0.5954118,42
14,-0.3921771,0.7227765,0.4568027,43
14,-0.1192146,1.56355,0.4501224,44
14,-0.4540289,1.012446,0.4142885,45
14,-0.2135239,0.6419716,0.5846762,46
14,-0.2468116,1.395077,0.3893279,47
14,-0.1319958,1.069153,0.4096658,48
14,0.04472727,1.162,0.4084517,49
14,-0.4909958,0.8741828,0.4994708,50
14,-0.00127694,1.598322,0.437509,51
14,-0.4383569,0.8005948,0.4737204,52
14,-0.3983076,0.9266863,0.5157212,53
14,-0.4958167,1.310544,0.4277758,54
14,-0.3423207,0.9986584,0.4701044,55
14,-0.447132,1.38687,0.5308907,56
14,-0.4474133,1.120173,0.4350813,57
14,-0.3403243,0.8205705,0.4912641,58
14,-0.34852,1.465042,0.436163,59
14,-0.4601558,1.49126,0.4112615,60
14,-0.4122945,0.632934,0.486998,61
14,-0.3107,0.6458412,0.4922385,62
14,-0.3242923,1.346652,0.4039729,63
14,-0.4871224,0.7175024,0.388779,64
14,-0.2424302,1.505803,0.4525588,65
14,-0.4560703,1.595855,0.5163413,66
14,-0.271665,1.596741,0.6039782,67
14,-0.3640755,1.560142,0.6867433,68
