Case,X,Y,Z,a,v,index
21,0.1503742,1.105453,0.5312649,0
21,0.2652519,0.8869836,0.553921,1
21,0.00965488,1.110198,0.4267125,2
21,0.4148624,1.108986,0.5421948,3
21,0.2683337,1.404044,0.4715356,4
21,0.3990864,1.320777,0.545413,5
21,-0.1407425,1.160795,0.4250485,6
21,0.125744,1.492939,0.4717324,7
21,-0.1260976,1.458038,0.4878428,8
21,-0.03289402,1.001854,0.5070832,9
21,0.4333869,1.512408,0.447148,10
21,0.04926842,1.572926,0.5655217,11
21,0.4902207,1.1929,0.4635406,12
21,0.2572667,1.514809,0.4604731,13
21,-0.1939112,1.367578,0.428981,14
21,0.4098923,0.9534307,0.4983691,15
21,0.4287662,0.7709529,0.4095057,16
21,0.1534364,0.7708679,0.4879227,17
21,0.3271669,0.6391824,0.5409306,18
21,-0.2618656,1.493422,0.5343767,19
21,0.1788677,0.6150171,0.4972246,20
21,-0.04033139,0.6844602,0.5571204,21
21,-0.2123614,0.8288589,0.4679981,22
21,-0.1882064,0.703989,0.4045052,23
21,-0.405256,1.423318,0.5439248,24
21,-0.3478466,1.573303,0.4278203,25
21,-0.3598947,0.9974327,0.4232403,26
21,0.4951141,0.6291238,0.6019678,27
21,0.296602,0.7740636,0.6580327,28
21,-0.4848161,1.247143,0.4670955,29
21,-0.3899602,1.104665,0.664956,30
21,0.08525407,0.6781737,0.4128275,31
21,-0.3706748,0.8240129,0.6869931,32
21,-0.4931551,1.49756,0.4241133,33
21,-0.1096162,1.599438,0.4621905,34
21,-0.4510778,0.6402363,0.4283331,35
21,-0.3134905,0.6974298,0.5205047,36
21,-0.3163974,1.339981,0.4420305,37
21,-0.4786918,0.9309626,0.6329882,38
21,-0.4987665,1.082841,0.5792158,39
