Case,X,Y,Z,a,v,index
33,-0.3197303,0.6194752,0.663452,0
33,-0.2087148,0.6101577,0.4791675,1
33,-0.2570816,0.7980679,0.4529833,2
33,-0.4690032,0.7035824,0.6365803,3
33,-0.0624736,0.6044362,0.4488023,4
33,0.05628341,0.6324747,0.5255963,5
33,-0.1454047,0.7282166,0.5354251,6
33,-0.3799525,0.8175563,0.530869,7
33,-0.00446102,0.7480824,0.5702277,8
33,-0.02904853,0.9619017,0.4572752,9
33,0.04199016,1.132201,0.594539,10
33,-0.09693056,1.048947,0.600812,11
33,-0.4669473,0.888384,0.6701876,12
33,0.1763592,0.6927515,0.4913542,13
33,0.1357405,1.063312,0.4450221,14
33,0.2421894,0.8051753,0.4634781,15
33,0.3385248,1.003764,0.452114,16
33,-0.3852154,0.9737144,0.5067474,17
33,-0.4813076,1.145322,0.4487984,18
33,-0.4830022,1.026774,0.5553033,19
33,-0.05220798,1.223658,0.4317727,20
33,0.3857364,0.7432073,0.4137333,21
33,-0.06575927,1.471786,0.4119599,22
33,0.2772986,0.9111686,0.5322607,23
33,0.0461691,1.477745,0.4356436,24
33,0.1881331,1.435242,0.5170372,25
33,-0.05229598,1.587889,0.5642723,26
33,0.431295,0.8449447,0.5258198,27
33,-0.2369038,1.430692,0.530937,28
33,-0.3618361,1.267425,0.4056646,29
33,0.3197973,1.405741,0.6354643,30
33,0.297629,0.6198196,0.4937918,31
33,0.1581602,1.557489,0.5873091,32
33,-0.2277676,1.585827,0.478709,33
33,0.4473408,1.089912,0.4628359,34
33,-0.3464934,1.466601,0.5135051,35
33,0.4660434,1.202582,0.5652319,36
33,-0.466611,1.316482,0.5159649,37
33,0.4438223,0.6372915,0.4729166,38
33,-0.4563255,1.553414,0.5745622,39
33,-0.4967608,1.444587,0.5266545,40
33,-0.3451278,1.590344,0.4100364,41
33,0.3506388,1.560984,0.6200194,42
33,0.4849116,1.592799,0.56007,43
33,0.4533786,1.38444,0.4829805,44
33,0.4554065,0.9736408,0.4239436,45
