Case,X,Y,Z,a,v,index
37,-0.4512751,0.8891097,0.6132495,0
37,-0.4284178,0.9991384,0.4035755,1
37,-0.3900135,1.180639,0.4383247,2
37,-0.4094281,1.307068,0.4877982,3
37,-0.3007981,0.8908958,0.6156541,4
37,-0.3099414,1.368162,0.43206,5
37,-0.3859128,0.7754269,0.480886,6
37,-0.3256114,0.6419181,0.6759365,7
37,-0.05527267,1.178871,0.4148516,8
37,0.01678163,1.079205,0.4777818,9
37,-0.2511931,0.770799,0.6412231,10
37,-0.1653779,1.466244,0.3998322,11
37,0.1403272,1.154643,0.6084876,12
37,-0.4862301,0.6625152,0.5011023,13
37,0.04512173,1.227386,0.4134525,14
37,-0.1144693,1.052389,0.4338731,15
37,-0.02249545,1.493781,0.4494164,16
37,-0.1191965,0.6047921,0.6181974,17
37,-0.4123527,1.51706,0.5436467,18
37,-0.1066378,0.7231603,0.5008239,19
37,0.0418278,0.6670396,0.6236509,20
37,0.1505885,1.481281,0.4786729,21
37,0.3374889,1.39797,0.4786655,22
37,-0.2447497,1.557319,0.5080004,23
37,0.1266304,0.7709303,0.5291194,24
37,0.1755745,0.6673403,0.4331086,25
37,0.3413255,1.568191,0.682127,26
37,0.0342465,1.593977,0.5050685,27
37,0.2660382,0.772312,0.5103063,28
37,0.3426709,1.01746,0.4302032,29
37,0.1577493,1.59708,0.5038288,30
37,0.3897439,0.6955571,0.5654843,31
37,0.459448,0.8848189,0.5347346,32
37,0.3794029,1.256297,0.4817055,33
37,0.4912478,1.072582,0.435817,34
37,0.303413,0.6001944,0.496687,35
37,-0.1229964,1.578539,0.6049993,36
37,0.4795337,1.564472,0.6151006,37
37,0.3569711,0.8379015,0.6290032,38
37,0.4356753,1.451411,0.6481781,39
37,0.4677022,1.344179,0.4049875,40
37,0.3855085,1.133822,0.5257598,41
