Case,X,Y,Z,a,v,index
44,-0.1152269,1.459708,0.5283141,0
44,0.08639407,1.14352,0.4936783,1
44,-0.2957572,1.355853,0.4281668,2
44,-0.1006594,1.210386,0.4173494,3
44,0.1747785,1.422019,0.6629502,4
44,0.0797019,1.585255,0.5779168,5
44,0.3974426,1.175603,0.6535873,6
44,0.1339665,1.035326,0.4161319,7
44,0.2134618,1.578127,0.4718345,8
44,0.2675947,1.354327,0.5282233,9
44,0.3676519,0.9931097,0.4546157,10
44,-0.1867914,1.375142,0.444591,11
44,-0.4080095,1.388047,0.4282321,12
44,0.3123724,1.482345,0.6515469,13
44,0.003992617,1.487729,0.5262998,14
44,-0.2670633,1.576562,0.5064315,15
44,0.4307281,1.530177,0.5894467,16
44,-0.2237729,0.7959017,0.5317413,17
44,-0.418207,1.518465,0.417121,18
44,0.422358,1.407844,0.401452,19
44,-0.3420761,0.8170471,0.6582644,20
44,-0.3194771,1.469309,0.4708647,21
44,-0.005096912,1.042447,0.4211238,22
44,-0.1188856,1.575455,0.5824189,23
44,0.4711949,0.8552654,0.4191124,24
44,-0.3687426,1.267335,0.5089751,25
44,-0.3698151,1.004688,0.6360359,26
44,-0.09956709,0.7048731,0.5846328,27
44,0.01950109,1.240084,0.4033779,28
44,-0.3650328,0.6819937,0.4504713,29
44,-0.4998064,0.8295761,0.5658424,30
44,-0.4837612,0.945189,0.6526853,31
44,0.1039754,0.7678976,0.4245844,32
44,-0.4697825,1.084587,0.4885439,33
44,0.08473557,0.6127239,0.4811039,34
44,-0.2064633,0.6379846,0.6080372,35
44,0.4887085,1.049595,0.5815159,36
44,0.2644665,0.6705368,0.5827862,37
44,0.3045452,0.7759336,0.529739,38
44,-0.4996241,1.242079,0.5388387,39
44,0.3852997,1.299301,0.4777146,40
44,-0.4974052,0.6693391,0.6253543,41
44,0.4931325,1.24607,0.4636964,42
44,0.4408292,0.627739,0.4770789,43
44,0.4145756,0.7570799,0.5445452,44
44,0.3012792,0.8860451,0.5072593,45
44,-0.02699968,0.600678,0.4639192,46
