Case,X,Y,Z,a,v,index
20,-0.4236917,1.379919,0.6205882,0
20,-0.3510343,1.262049,0.5094473,1
20,-0.3361703,1.401426,0.5696615,2
20,-0.2401728,1.387114,0.684551,3
20,-0.2411543,1.5293,0.5140699,4
20,-0.3230801,1.584775,0.4274026,5
20,-0.3627274,1.492598,0.5199475,6
20,-0.4580184,1.515637,0.5319626,7
20,-0.1536907,1.287405,0.4184726,8
20,-0.05333394,1.303264,0.4580738,9
20,-0.05583203,1.143731,0.4287381,10
20,-0.07240149,1.501744,0.6334112,11
20,-0.1364601,1.570014,0.4818584,12
20,-0.471402,1.3013,0.4733753,13
20,0.02413112,1.492545,0.5254008,14
20,-0.1672006,1.120064,0.6462532,15
20,0.1189915,1.497894,0.5050982,16
20,0.2345369,1.550643,0.6044317,17
20,0.3629864,1.469936,0.4376987,18
20,0.1232017,1.228761,0.4829297,19
20,0.2808809,1.369057,0.4392964,20
20,0.08693916,1.057127,0.4340728,21
20,-0.4637375,1.189993,0.677493,22
20,-0.1352412,0.9581932,0.4662588,23
20,0.3867007,1.30795,0.4292744,24
20,-0.009540647,1.581754,0.4441899,25
20,0.3399487,1.200396,0.4961233,26
20,0.2704908,1.461383,0.6452155,27
20,0.4069086,1.589145,0.4125311,28
20,-0.04334083,0.9708633,0.4504243,29
20,0.2017173,1.167466,0.5888039,30
20,-0.007267088,0.871531,0.5275021,31
20,-0.2159352,0.9983559,0.4239374,32
20,0.09386945,1.591269,0.4355878,33
20,0.02137649,1.193545,0.4983367,34
20,-0.4985571,1.030431,0.5023084,35
20,-0.4144136,0.9731382,0.5201175,36
20,0.0853501,0.9439493,0.4131348,37
20,0.4943095,1.555588,0.4174105,38
20,0.4562805,1.378667,0.4232484,39
20,-0.270602,0.8584629,0.3964583,40
20,0.2002844,0.9856838,0.6059803,41
20,0.4247269,1.155584,0.4675867,42
20,-0.1098399,0.7017295,0.6248654,43
20,-0.3872759,1.125813,0.6476649,44
20,-0.3302666,0.927451,0.5826986,45
20,-0.2691538,0.6720788,0.6503898,46
20,-0.3409866,1.028156,0.4764187,47
20,0.006391108,0.7155195,0.5107455,48
20,0.008321166,0.6248311,0.4702984,49
20,0.4186081,1.051881,0.5479003,50
20,0.1393548,0.6704996,0.5830778,51
20,0.288992,0.7344834,0.489443,52
20,-0.09754995,1.06045,0.46846,53
20,0.3994049,0.9462279,0.4086294,54
20,0.3050218,0.9214715,0.5604443,55
20,-0.3435917,0.8035582,0.4811842,56
20,0.3695582,0.8021809,0.4813246,57
20,-0.3611657,0.6928428,0.4822131,58
20,-0.4740769,0.823333,0.4230171,59
20,-0.491163,0.6561128,0.5900411,60
20,-0.1638312,0.6028852,0.4215818,61
20,0.207973,0.606837,0.6222506,62
20,0.3568868,0.6285788,0.4967283,63
20,0.4701678,0.8865024,0.4316466,64
20,0.4807681,0.7374817,0.4408023,65
20,0.4945419,0.629858,0.4452307,66
20,0.1833881,0.7634553,0.394539,67
