Case,X,Y,Z,a,v,index
30,-0.2514899,1.049975,0.4367611,0
30,-0.3765767,1.028103,0.5070001,1
30,-0.3250244,0.8787388,0.422548,2
30,-0.157049,1.030898,0.520933,3
30,-0.1188707,1.159069,0.6440746,4
30,-0.1783729,0.735019,0.4164749,5
30,-0.05221164,0.7472163,0.5301712,6
30,-0.2727329,0.7722988,0.5783436,7
30,-0.03257033,0.6362029,0.6492795,8
30,0.03165966,0.9217459,0.4826615,9
30,0.1362704,1.04142,0.5079749,10
30,-0.1142328,0.9452485,0.577383,11
30,-0.3140677,0.6624167,0.5282549,12
30,0.04417622,0.7052257,0.4020084,13
30,-0.347742,1.177143,0.5323131,14
30,-0.2290961,0.6047928,0.6666178,15
30,-0.4668721,1.117046,0.5359828,16
30,-0.1186628,0.6642889,0.4163463,17
30,-0.4575211,0.9523044,0.4505629,18
30,-0.4395212,1.216139,0.4563479,19
30,-0.3731313,1.356198,0.4882948,20
30,-0.0008679628,1.059167,0.5266823,21
30,-0.4240541,0.6564543,0.4281063,22
30,-0.4945323,1.341327,0.4956193,23
30,-0.4334149,0.8223709,0.5008329,24
30,0.1885309,0.9556372,0.4489575,25
30,0.2384646,1.094679,0.5163102,26
30,-0.1436331,1.287358,0.5653255,27
30,-0.2283081,1.457681,0.5209185,28
30,-0.3745559,0.75365,0.43001,29
30,-0.2862582,1.307155,0.5618042,30
30,0.2101701,0.7263932,0.4234176,31
30,-0.4962783,0.7370754,0.4024134,32
30,-0.3908693,1.468725,0.5366454,33
30,-0.4002871,1.566301,0.4647652,34
30,0.1451737,0.6356013,0.4709823,35
30,-0.02644148,1.174369,0.3876894,36
30,-0.4839745,1.515025,0.682974,37
30,0.2772475,0.8576009,0.5572273,38
30,-0.2826103,1.538617,0.5094115,39
30,0.141388,1.22203,0.6102824,40
30,-0.05218831,1.287675,0.4486026,41
30,0.2643947,0.6420445,0.5222871,42
30,-0.1180031,1.551017,0.4840899,43
30,0.07734817,1.126274,0.4203935,44
30,0.3323783,1.18156,0.5170283,45
30,0.4964567,1.112132,0.4970192,46
30,0.3624989,1.282096,0.6021293,47
30,0.04661661,1.25694,0.4830922,48
30,0.1316653,1.313992,0.5346551,49
30,0.2098472,1.413127,0.5358657,50
30,0.1517617,1.546405,0.4210959,51
30,0.3769392,1.445287,0.5478868,52
30,0.3833847,1.101083,0.5328749,53
30,0.3806496,0.9001234,0.444069,54
30,0.372864,0.7713265,0.5154174,55
30,0.4235351,0.6814964,0.4456911,56
30,0.02697742,1.519258,0.6114443,57
30,-0.2063714,1.598393,0.4454972,58
30,0.4374571,1.333073,0.510061,59
30,0.4867771,0.9063942,0.6201199,60
30,0.4833586,1.225502,0.4533985,61
30,0.4841002,0.9981059,0.423826,62
30,0.4587163,0.8060363,0.4425898,63
30,0.2646864,1.556109,0.5433198,64
30,0.3944745,1.006539,0.3954162,65
30,0.4396834,1.512322,0.4622637,66
30,0.3551027,1.563716,0.6835726,67
30,0.4893495,1.423521,0.419181,68
