Case,X,Y,Z,a,v,index
34,0.2777024,0.8375412,0.5184329,0
34,0.1664311,0.670546,0.3943549,1
34,0.3422856,0.9741812,0.4572873,2
34,0.4003472,1.154662,0.4681062,3
34,0.2638447,0.6128839,0.4159286,4
34,0.3059537,1.315766,0.3971595,5
34,0.3984371,0.8395079,0.4142887,6
34,0.4277458,0.6271738,0.4208772,7
34,0.3543562,0.7339152,0.464033,8
34,0.1216477,1.088341,0.418786,9
34,-0.05402845,1.171433,0.5034298,10
34,0.4768794,0.7517662,0.6233786,11
34,-0.002332449,1.034669,0.5401543,12
34,-0.1427993,0.747343,0.3989852,13
34,0.4593524,1.056525,0.5310459,14
34,-0.3285619,0.6832511,0.5227654,15
34,-0.1551669,1.116339,0.5987173,16
34,-0.007177621,0.6364384,0.4773035,17
34,0.1095927,1.450091,0.4863192,18
34,0.1670853,0.8043686,0.5491626,19
34,-0.490806,0.6745516,0.5343727,20
34,-0.08754757,1.45082,0.494274,21
34,-0.3920419,0.968031,0.5278201,22
34,0.48711,0.9058129,0.5286989,23
34,-0.3514071,1.211447,0.4274014,24
34,-0.1823549,0.6145123,0.5206565,25
34,-0.3712955,0.8320369,0.6071326,26
34,-0.2263582,0.822596,0.4930177,27
34,-0.4560768,1.059562,0.4317161,28
34,0.00383532,1.516025,0.5983078,29
34,0.4984918,1.36676,0.5880371,30
34,0.2285853,1.484399,0.4673199,31
34,-0.339658,1.075689,0.4810552,32
34,-0.2927218,1.314997,0.3947977,33
34,0.4307065,1.261246,0.4498405,34
34,-0.2014821,1.431201,0.4434729,35
34,-0.1183228,1.561711,0.4256039,36
34,-0.4787096,0.8862045,0.4289386,37
34,0.1500928,1.562711,0.5670979,38
34,0.2666546,1.588521,0.3966083,39
34,-0.4767739,1.220574,0.5539742,40
34,-0.3059981,1.480107,0.5018447,41
34,-0.4364218,1.32708,0.5336977,42
34,0.3323421,1.425084,0.3917248,43
34,0.4363207,1.468471,0.4059563,44
34,-0.4561355,1.516689,0.4864548,45
34,0.4200652,1.582513,0.6758188,46
34,-0.263252,1.599532,0.4233985,47
