Case,X,Y,Z,a,v,index
17,0.05079788,1.308148,0.5618308,0
17,0.1459917,1.241543,0.6269166,1
17,0.1693931,1.078866,0.5412806,2
17,-0.0791142,1.223945,0.3872458,3
17,0.07027918,0.9611352,0.5174516,4
17,-0.09468779,1.316744,0.6519765,5
17,-0.07863191,1.090083,0.4191544,6
17,0.3448468,1.323277,0.511055,7
17,0.1690649,0.9452651,0.4101581,8
17,0.04739827,1.205556,0.4438322,9
17,0.06696564,1.10451,0.3907371,10
17,0.1252836,1.543598,0.5897979,11
17,-0.1906662,1.095382,0.4505343,12
17,0.3551239,1.467647,0.4644895,13
17,0.2571737,1.436243,0.6455463,14
17,0.22158,1.537907,0.400296,15
17,-0.1890076,0.9789701,0.5421243,16
17,0.3145724,0.8551703,0.5110288,17
17,0.4381212,1.105805,0.4261107,18
17,0.03310418,1.59417,0.6093508,19
17,0.4954886,1.367148,0.4314069,20
17,0.3629673,0.9336675,0.531413,21
17,-0.07003108,0.9964809,0.6192502,22
17,0.4765726,1.520358,0.4137975,23
17,0.3246013,1.554535,0.4333663,24
17,0.4103707,1.017673,0.5321926,25
17,0.4157097,1.208416,0.425846,26
17,-0.05328238,1.432814,0.5096676,27
17,0.1747215,0.6907867,0.4522535,28
17,-0.2765987,1.434675,0.3987539,29
17,0.2005388,1.16468,0.4297732,30
17,-0.4699368,1.039769,0.4541165,31
17,0.3933087,0.8013205,0.5478128,32
17,-0.1685671,1.468921,0.4034166,33
17,-0.347912,1.167507,0.4736795,34
17,0.2746617,0.7620283,0.4993933,35
17,-0.3304916,1.520158,0.5124933,36
17,-0.1214219,0.8968913,0.6713907,37
17,-0.3169752,1.280689,0.4447861,38
17,-0.08816075,1.55222,0.4231576,39
17,-0.3481826,0.9532686,0.6443555,40
17,0.03939092,1.449044,0.6777513,41
17,0.08432215,0.7112563,0.3896056,42
17,-0.4401827,1.58776,0.6569504,43
17,0.4561779,0.9181718,0.617167,44
17,0.4785457,0.7720386,0.5207957,45
17,-0.2407038,1.541528,0.3893732,46
17,-0.4053341,1.378944,0.4077356,47
17,0.4135481,0.6522281,0.4351,48
17,-0.4351551,1.492505,0.418598,49
17,-0.2902859,0.8763486,0.4449372,50
17,0.3218424,0.6032621,0.4137518,51
17,-0.3832163,0.7834972,0.5531144,52
17,-0.4756298,1.290986,0.4413734,53
17,-0.1776757,1.235185,0.4159851,54
17,-0.484624,1.169293,0.4777597,55
17,-0.07033187,0.6573662,0.3983485,56
17,-0.4707502,0.9165218,0.6316183,57
17,-0.4929003,0.7798056,0.4736158,58
17,0.01394135,0.6228281,0.405859,59
17,-0.2207002,0.7783105,0.4248498,60
17,-0.2913744,0.7142367,0.638917,61
17,-0.1404151,0.7312087,0.48803,62
17,-0.1889148,0.6383536,0.4715968,63
17,-0.4394311,0.6377807,0.388062,64
17,-0.2761074,0.6109136,0.5660843,65
17,-0.0189079,0.910104,0.43759,66
