Case,X,Y,Z,a,v,index
39,0.3488177,0.778896,0.6468036,0
39,0.3008358,0.697028,0.5247619,1
39,0.4347376,0.6616335,0.4688498,2
39,0.4536091,0.8791662,0.4191956,3
39,0.469316,0.7732154,0.4208192,4
39,0.303499,0.6022884,0.4871842,5
39,0.4362853,1.009791,0.4589583,6
39,0.4921825,1.09003,0.4999434,7
39,0.2136672,1.06798,0.6599714,8
39,0.4540554,1.203233,0.4716932,9
39,0.3462772,0.8885531,0.4846643,10
39,0.1992872,0.742202,0.3973304,11
39,0.1511558,0.6208963,0.4772322,12
39,0.09459203,0.7237913,0.3998965,13
39,0.3664721,1.22648,0.4815454,14
39,0.01683468,0.6572207,0.6412793,15
39,0.09791124,1.003045,0.6252449,16
39,0.2694829,1.346195,0.4249525,17
39,-0.04950175,0.7397292,0.452361,18
39,0.4477885,1.34988,0.5104154,19
39,0.05844051,1.102358,0.5795545,20
39,-0.1490551,0.6450445,0.4148335,21
39,-0.05454108,0.9386307,0.6480558,22
39,0.2576457,0.8286129,0.5026857,23
39,-0.1833769,0.7980596,0.3971921,24
39,0.1739385,1.182791,0.6469805,25
39,0.06532264,1.192267,0.5060101,26
39,0.3663334,1.414148,0.3874843,27
39,-0.05846703,1.178781,0.5304509,28
39,0.1211624,1.277744,0.4983709,29
39,-0.2739692,0.6033288,0.4767514,30
39,-0.360884,0.802093,0.5068388,31
39,-0.3686657,0.9135329,0.4891297,32
39,-0.271823,0.7781336,0.4673889,33
39,0.3106644,1.544148,0.6774585,34
39,-0.07319194,1.089597,0.567763,35
39,-0.461977,0.9921564,0.5496671,36
39,-0.4426965,0.7587916,0.6543339,37
39,-0.4118688,1.141658,0.4549364,38
39,0.4530125,1.510748,0.5984627,39
39,-0.3675558,0.6743289,0.491585,40
39,-0.4503772,0.6142411,0.3887563,41
39,0.4054822,1.590431,0.4499215,42
39,0.4940095,1.42846,0.6221545,43
39,-0.4615832,0.8611921,0.4672562,44
39,-0.1720218,1.029858,0.4265289,45
39,-0.1882941,1.121469,0.4720916,46
39,-0.005484343,1.017635,0.4522942,47
39,-0.4927758,1.080562,0.405693,48
39,-0.129785,1.282464,0.6731589,49
39,0.1338615,1.55652,0.4424746,50
39,0.05117142,1.337271,0.4494627,51
39,0.2737904,1.451555,0.4229982,52
39,0.2217969,1.588822,0.4705999,53
39,-0.0623205,1.34612,0.4022991,54
39,-0.3465214,1.333844,0.4070202,55
39,-0.3321229,1.441937,0.6654781,56
39,-0.03568828,1.524695,0.4637537,57
39,-0.3659637,1.221476,0.4363316,58
39,-0.4825236,1.350485,0.6684416,59
39,-0.2203856,1.46721,0.4248737,60
39,-0.4825652,1.23419,0.4892692,61
39,-0.1104492,1.58437,0.4785632,62
39,-0.2681144,1.55238,0.4530844,63
39,0.02951533,1.593865,0.4873996,64
39,-0.4725565,1.452929,0.4405348,65
39,-0.4162961,1.582988,0.6079215,66
39,-0.1087166,1.461608,0.4893488,67
