Case,X,Y,Z,a,v,index
11,0.3588893,0.9727112,0.5929068,0
11,0.4445763,1.120768,0.4089081,1
11,0.2727348,0.8244041,0.5811542,2
11,0.4860983,0.8360485,0.4493509,3
11,0.4961923,0.9492582,0.4280424,4
11,0.4133341,0.742942,0.419142,5
11,0.4821128,1.29802,0.6103835,6
11,0.3383225,1.201219,0.6134519,7
11,0.3596972,1.317145,0.4883414,8
11,0.4996827,0.6452807,0.4907548,9
11,0.2199641,0.6849734,0.3969991,10
11,0.02091908,0.7438676,0.5338012,11
11,0.05184555,1.171961,0.6681182,12
11,0.3126619,1.516245,0.6365048,13
11,0.3536053,0.6493203,0.5318232,14
11,0.4322906,1.512083,0.4254083,15
11,-0.1710542,0.6498024,0.3957549,16
11,0.1229318,1.431629,0.5471945,17
11,-0.04110673,1.458125,0.603662,18
11,0.1335372,1.562632,0.6276334,19
11,-0.05982941,0.6241964,0.656535,20
11,-0.0555242,1.218474,0.4820849,21
11,0.08615303,1.017264,0.4986659,22
11,-0.1865948,1.451104,0.4303893,23
11,-0.2728754,0.7747773,0.486865,24
11,0.1039367,0.6485724,0.5888916,25
11,-0.3836118,0.6569952,0.6085962,26
11,-0.2414638,1.547078,0.4062427,27
11,0.1605784,0.7914662,0.4851575,28
11,-0.03829563,1.106578,0.6723626,29
11,-0.3153285,1.427367,0.6532422,30
11,-0.4083531,1.522311,0.5722337,31
11,-0.3947192,0.8408597,0.4788725,32
11,-0.4979753,0.784469,0.4675349,33
11,-0.04310149,1.592506,0.4731449,34
11,-0.3734608,1.235112,0.4973855,35
11,-0.2770919,0.6054934,0.4931127,36
11,-0.4675074,1.299301,0.5151981,37
11,-0.3660882,1.106293,0.3958064,38
11,-0.4800426,1.4105,0.549275,39
11,-0.3925228,0.9967386,0.5021015,40
11,-0.4781294,0.9149764,0.3941137,41
11,-0.4680358,1.162902,0.5684722,42
11,-0.09689578,0.7324659,0.4768487,43
