Case,X,Y,Z,a,v,index
45,-0.2514899,1.049975,0.4047281,0
45,-0.3765767,1.028103,0.6517085,1
45,-0.3250244,0.8787388,0.3908973,2
45,-0.157049,1.030898,0.5291981,3
45,-0.1188707,1.159069,0.3940713,4
45,-0.1783729,0.735019,0.570457,5
45,-0.05221164,0.7472163,0.4750894,6
45,-0.2727329,0.7722988,0.3945039,7
45,-0.03257033,0.6362029,0.5504743,8
45,0.03165966,0.9217459,0.4484417,9
45,0.1362704,1.04142,0.4960625,10
45,-0.1142328,0.9452485,0.530849,11
45,-0.3140677,0.6624167,0.6677897,12
45,0.04417622,0.7052257,0.4928735,13
45,-0.347742,1.177143,0.4737662,14
45,-0.2290961,0.6047928,0.6613435,15
45,-0.4668721,1.117046,0.4000301,16
45,-0.1186628,0.6642889,0.4600849,17
45,-0.4575211,0.9523044,0.4612706,18
45,-0.4395212,1.216139,0.4996378,19
45,-0.3731313,1.356198,0.6553642,20
45,-0.0008679628,1.059167,0.4143741,21
45,-0.4240541,0.6564543,0.4788126,22
45,-0.4945323,1.341327,0.5049819,23
45,-0.4334149,0.8223709,0.6797239,24
45,0.1885309,0.9556372,0.5330212,25
45,0.2384646,1.094679,0.4609131,26
45,-0.1436331,1.287358,0.5257186,27
45,-0.2283081,1.457681,0.5563982,28
45,-0.3745559,0.75365,0.3991521,29
45,-0.2862582,1.307155,0.4664415,30
45,0.2101701,0.7263932,0.6631093,31
45,-0.4962783,0.7370754,0.6420835,32
45,-0.3908693,1.468725,0.4663202,33
45,-0.4002871,1.566301,0.5909947,34
45,0.1451737,0.6356013,0.5545765,35
45,-0.02644148,1.174369,0.6084973,36
45,-0.4839745,1.515025,0.4512356,37
45,0.2772475,0.8576009,0.6628761,38
45,-0.2826103,1.538617,0.4231414,39
45,0.141388,1.22203,0.4447789,40
45,-0.05218831,1.287675,0.5004337,41
45,0.2643947,0.6420445,0.5214809,42
45,-0.1180031,1.551017,0.4396415,43
45,0.07734817,1.126274,0.3915995,44
45,0.3323783,1.18156,0.6566231,45
45,0.4964567,1.112132,0.629312,46
45,0.3624989,1.282096,0.4596997,47
45,0.04661661,1.25694,0.6810224,48
45,0.1316653,1.313992,0.5330633,49
45,0.2098472,1.413127,0.6353747,50
45,0.1517617,1.546405,0.5048984,51
45,0.3769392,1.445287,0.6682699,52
45,0.3833847,1.101083,0.5760189,53
45,0.3806496,0.9001234,0.6415508,54
45,0.372864,0.7713265,0.6412115,55
45,0.4235351,0.6814964,0.5145136,56
45,0.02697742,1.519258,0.5233324,57
45,-0.2063714,1.598393,0.6575382,58
45,0.4374571,1.333073,0.5178324,59
45,0.4867771,0.9063942,0.4510865,60
45,0.4833586,1.225502,0.441412,61
45,0.4841002,0.9981059,0.6087719,62
45,0.4587163,0.8060363,0.390504,63
45,0.2646864,1.556109,0.5233404,64
45,0.3944745,1.006539,0.5731145,65
45,0.4396834,1.512322,0.4428608,66
45,0.3551027,1.563716,0.4154354,67
45,0.4893495,1.423521,0.5243021,68
