Case,X,Y,Z,a,v,index
37,-0.3197303,0.6194752,0.6072606,0
37,-0.2288994,0.6118518,0.4711599,1
37,-0.2684723,0.7655965,0.5169924,2
37,-0.4418626,0.6882902,0.5228177,3
37,-0.1092475,0.6071706,0.5381189,4
37,-0.2621471,0.9267849,0.6590229,5
37,-0.01208273,0.6301112,0.643579,6
37,-0.1771002,0.7084455,0.422649,7
37,-0.369003,0.7815415,0.6368269,8
37,-0.06178272,0.7246993,0.6610528,9
37,-0.08189976,0.8996423,0.6338465,10
37,-0.02377722,1.038978,0.6532825,11
37,-0.1374396,0.9708613,0.4625677,12
37,0.08221602,0.8925573,0.4931814,13
37,-0.4692136,0.7860814,0.5551438,14
37,0.08616108,0.6794285,0.5030349,15
37,0.05292755,0.9826145,0.5609683,16
37,0.1461641,1.013827,0.6180269,17
37,-0.4787015,0.9138547,0.4303318,18
37,-0.3697257,0.9025645,0.4405255,19
37,0.06514013,1.126018,0.6136774,20
37,0.1775692,1.129011,0.6171747,21
37,-0.4844067,1.062822,0.5854585,22
37,-0.3670008,1.050887,0.461395,23
37,-0.4484123,1.150846,0.5153737,24
37,0.2574697,0.7207106,0.5951502,25
37,-0.4132518,1.270209,0.5294148,26
37,-0.177464,1.075511,0.5615216,27
37,0.2334713,1.377326,0.5010558,28
37,-0.03673741,1.128299,0.4784378,29
37,-0.2002956,1.167941,0.5466808,30
37,0.3736222,0.6859351,0.5756035,31
37,0.08654445,1.316522,0.6483474,32
37,0.1170372,1.21386,0.6163846,33
37,0.378138,0.8843296,0.5316049,34
37,-0.03932703,1.25606,0.5775385,35
37,0.1570682,0.6124464,0.4365604,36
37,-0.4246038,1.398966,0.4642693,37
37,0.3984824,1.011159,0.4295876,38
37,0.2889054,0.6269898,0.6502907,39
37,0.3532325,1.320926,0.661463,40
37,0.4518052,1.211723,0.4353279,41
37,0.4798469,1.061254,0.4221761,42
37,0.08975023,1.469856,0.4561026,43
37,0.3646182,0.7896065,0.6366014,44
37,0.4955791,0.8052853,0.5346323,45
37,0.204542,1.478765,0.5150467,46
37,0.3663836,1.165688,0.4196987,47
37,-0.3017452,1.359845,0.5989184,48
37,0.4593034,0.9393228,0.5935518,49
37,0.1559528,1.571309,0.4846127,50
37,0.3182267,1.590528,0.6596317,51
37,0.03726441,1.592769,0.6777495,52
37,0.4865476,0.7129642,0.3899685,53
37,0.4353801,1.377072,0.4437511,54
37,0.3141982,1.447388,0.5644217,55
37,0.446219,0.6164688,0.4156061,56
37,0.4586262,1.570512,0.6061498,57
37,0.4585413,1.477788,0.643891,58
37,-0.07488546,1.53842,0.4382102,59
37,-0.224272,1.444457,0.6759788,60
37,-0.1784089,1.543609,0.4831863,61
37,-0.4725656,1.50854,0.6159403,62
37,-0.09854433,1.436943,0.4614547,63
37,-0.4996533,1.34722,0.4689593,64
37,-0.2748905,1.584423,0.4727182,65
37,-0.127295,1.223146,0.547857,66
37,-0.3117619,1.499223,0.5329712,67
37,-0.3768137,1.565236,0.45373,68
