Case,X,Y,Z,a,v,index
15,-0.09231296,0.6553661,0.4352194,0
15,0.1036015,0.6733572,0.4550596,1
15,0.01235992,0.6099758,0.4130623,2
15,0.2154669,0.6265669,0.4875867,3
15,-0.2740204,0.6724259,0.5383492,4
15,0.3446485,0.6320571,0.4519517,5
15,0.3713085,0.7707636,0.4780234,6
15,-0.1668584,0.7924962,0.6655645,7
15,0.4507063,0.9519517,0.4237581,8
15,-0.3000184,0.8777623,0.4622766,9
15,0.04450941,1.007814,0.6336566,10
15,-0.4381813,0.767274,0.5031061,11
15,0.2577174,0.7533494,0.4714884,12
15,-0.4070268,0.6073884,0.4324774,13
15,0.3478838,1.013041,0.4990729,14
15,-0.09455866,1.124677,0.610895,15
15,-0.06408998,0.9785857,0.6609311,16
15,0.3659194,1.123966,0.4634274,17
15,0.4770021,0.6270764,0.6098183,18
15,0.4947848,1.152555,0.4649302,19
15,0.3144808,0.88965,0.4541101,20
15,0.4901394,0.7652312,0.4281665,21
15,0.07217544,1.143998,0.4922551,22
15,0.328065,1.230495,0.4229884,23
15,-0.4099138,1.00484,0.5031838,24
15,0.411155,1.399091,0.5208755,25
15,-0.3480504,1.282832,0.5723485,26
15,-0.4171035,1.191808,0.4940094,27
15,0.2607092,1.432945,0.5172013,28
15,-0.4404407,1.355422,0.4337521,29
15,-0.4888638,1.083289,0.5035557,30
15,-0.462481,0.8916916,0.4931864,31
15,0.4243038,1.542533,0.4953853,32
15,0.4598138,1.275589,0.507098,33
15,-0.3660868,1.522563,0.4747385,34
15,0.2492132,1.553217,0.5209795,35
15,0.1300951,1.557388,0.5130699,36
15,-0.06219414,1.501617,0.4480085,37
15,-0.3289775,1.399726,0.5411158,38
15,-0.2322729,1.561256,0.4603447,39
15,-0.485131,1.563861,0.6727554,40
