Case,X,Y,Z,a,v,index
42,0.3701242,1.182277,0.6189213,0
42,0.4444676,0.9063593,0.5623327,1
42,0.4464175,0.7760707,0.5134487,2
42,0.4508157,1.055449,0.4794387,3
42,0.3671234,0.7092783,0.6418378,4
42,0.4833163,0.6515536,0.3892196,5
42,0.2784894,0.7650559,0.6355965,6
42,0.3980064,0.6140435,0.5121332,7
42,0.3440878,0.8480085,0.4464473,8
42,0.282422,0.647531,0.5886542,9
42,0.1961098,0.7117429,0.6300675,10
42,0.4660882,1.20957,0.6370953,11
42,0.08959901,0.9824455,0.4552405,12
42,0.3844547,0.9908252,0.3990823,13
42,0.1337953,0.6122114,0.6473886,14
42,0.009563386,0.6574029,0.4682383,15
42,0.1806495,1.140012,0.4624505,16
42,0.03207695,0.881165,0.591627,17
42,0.2033603,1.012025,0.4881393,18
42,0.03188789,1.153444,0.5335294,19
42,0.37257,1.357161,0.4942657,20
42,-0.12775,0.9879413,0.4113699,21
42,-0.09095055,0.6862608,0.4072983,22
42,-0.1839049,0.7346189,0.4194747,23
42,-0.09615824,1.255751,0.3882945,24
42,0.308668,1.443402,0.6319352,25
42,-0.0161126,1.042437,0.6859614,26
42,0.1031228,1.266988,0.6062415,27
42,-0.002684087,1.330394,0.509393,28
42,0.2113459,1.442386,0.4671039,29
42,-0.1159263,1.124254,0.5180337,30
42,-0.1477376,0.6067415,0.4182003,31
42,-0.3200582,0.815388,0.6533869,32
42,-0.3080754,0.7189139,0.5233704,33
42,-0.2495917,0.634572,0.5010412,34
42,0.09215504,0.7038483,0.5588976,35
42,-0.1917458,1.211375,0.3930424,36
42,0.4096038,1.463017,0.4717617,37
42,0.4819146,1.322052,0.6203547,38
42,0.3888232,1.588351,0.5105258,39
42,0.203669,1.573551,0.4238145,40
42,-0.4039194,0.6580697,0.4563428,41
42,0.09507221,1.469456,0.4564701,42
42,-0.02443889,1.455598,0.522787,43
42,-0.4470902,0.8394509,0.6061074,44
42,-0.3998196,0.7513408,0.3911112,45
42,-0.1451267,1.480111,0.5205544,46
42,-0.380179,1.127614,0.398157,47
42,-0.4805922,0.9823921,0.548035,48
42,-0.4944677,0.7246354,0.5301898,49
42,-0.28488,1.349129,0.3899382,50
42,-0.4280325,1.26663,0.5220896,51
42,-0.2887229,1.445024,0.5256644,52
42,-0.4770563,1.109232,0.5039651,53
42,-0.3801252,1.49747,0.4061256,54
42,0.3036092,1.553356,0.3894022,55
42,-0.3947157,1.015061,0.5026118,56
42,-0.3955244,1.37256,0.517467,57
42,-0.2868976,1.575961,0.4779084,58
42,0.08557433,1.573303,0.4054205,59
42,0.4675968,1.544808,0.4096911,60
42,-0.4768232,1.415926,0.6151241,61
42,-0.4756763,1.589185,0.4287361,62
42,-0.491528,0.6267601,0.4936392,63
42,-0.1375423,1.598808,0.4169324,64
42,-0.006308049,1.573166,0.4381949,65
