Case,X,Y,Z,a,v,index
2,-0.2780068,1.470732,0.3883609,0
2,-0.3191495,1.34453,0.5188049,1
2,-0.4779992,1.541077,0.6113629,2
2,-0.2719156,1.589713,0.4539462,3
2,-0.4088144,1.447086,0.597556,4
2,-0.1559264,1.556402,0.4658773,5
2,-0.1529751,1.429497,0.6026638,6
2,-0.4471014,1.266195,0.4302662,7
2,-0.396771,1.159251,0.5238457,8
2,0.05855238,1.58949,0.52692,9
2,-0.08360159,1.214856,0.4268844,10
2,-0.01573643,1.493653,0.5128615,11
2,-0.4964016,1.072494,0.4065658,12
2,0.1883995,1.568918,0.5457281,13
2,-0.3531768,1.054007,0.4770614,14
2,-0.4945068,1.367984,0.4264718,15
2,-0.116456,1.015527,0.5203023,16
2,0.03971308,1.153224,0.4769481,17
2,-0.01982215,0.955097,0.5951946,18
2,-0.4473267,0.9350852,0.4242265,19
2,0.1005943,1.451986,0.4216666,20
2,-0.2611245,0.8642624,0.3916083,21
2,0.1333507,1.009739,0.3934269,22
2,0.217596,1.420658,0.4605026,23
2,0.3763959,1.547666,0.6161086,24
2,0.3501114,1.230271,0.4918928,25
2,-0.1402781,0.701728,0.4709742,26
2,-0.4314097,0.7761112,0.400819,27
2,0.02652007,0.7307147,0.4085045,28
2,0.1373619,0.7408451,0.4179279,29
2,0.208514,0.642377,0.4748712,30
2,0.3904971,1.434248,0.4945242,31
2,-0.2734228,0.7546922,0.4004438,32
2,0.4856389,1.162052,0.4478394,33
2,-0.01060444,0.6132415,0.467702,34
2,0.3890041,0.7041485,0.5799485,35
2,0.4880969,0.6285436,0.5004067,36
2,0.333151,0.9140787,0.4529244,37
2,-0.397907,0.6199264,0.582255,38
2,0.386224,1.100352,0.6498866,39
2,0.4374813,0.8487814,0.4697343,40
2,-0.2563644,0.6340743,0.4567196,41
2,0.4807322,1.024816,0.6819966,42
2,0.3039011,0.7754599,0.6234419,43
2,0.4820269,1.342244,0.4874252,44
2,0.4955317,1.585192,0.4177439,45
