Case,X,Y,Z,a,v,index
44,0.36376,0.884906,0.4685163,0
44,0.2547567,0.7643464,0.3913532,1
44,0.4222893,1.003182,0.5142524,2
44,0.4514893,0.9144663,0.4944782,3
44,0.2525639,0.6183404,0.489597,4
44,0.3836802,0.7791331,0.4515466,5
44,0.1872445,0.6876346,0.3929734,6
44,0.3503054,0.6256751,0.5310788,7
44,0.2154516,1.1593,0.632017,8
44,0.07340455,1.259845,0.6697417,9
44,0.4311529,0.6667741,0.4842652,10
44,0.476893,0.7474097,0.3910244,11
44,0.3761159,1.114136,0.5232442,12
44,0.2041817,1.009449,0.568432,13
44,0.07158756,0.9755515,0.6216285,14
44,0.09789193,0.6464261,0.4537655,15
44,0.005172789,0.636745,0.5801986,16
44,-0.07884657,1.318407,0.4459993,17
44,0.4918929,1.109912,0.6253267,18
44,0.1168615,1.097202,0.4870265,19
44,-0.09982759,0.7519195,0.460877,20
44,-0.1191539,0.6519552,0.4334219,21
44,0.06323808,0.8725579,0.4719318,22
44,-0.01771775,0.9554681,0.4980284,23
44,-0.03555012,1.095745,0.6282417,24
44,0.08496118,1.53033,0.5403342,25
44,-0.2734917,0.7407265,0.4598817,26
44,-0.1855856,0.7807703,0.5465307,27
44,0.3616025,1.21112,0.625536,28
44,0.3610181,1.365815,0.6265857,29
44,-0.1307618,0.9712421,0.4734375,30
44,0.2137938,1.497242,0.4478607,31
44,0.4625494,1.197266,0.5405225,32
44,0.2819962,1.429074,0.430036,33
44,0.486479,1.444968,0.422842,34
44,0.3433447,1.545276,0.5761579,35
44,-0.09746766,1.228242,0.4099229,36
44,-0.2756942,0.8877759,0.5087398,37
44,0.1823518,1.586779,0.6831983,38
44,0.4378088,1.586583,0.5259103,39
44,0.4690611,1.287445,0.3975989,40
44,-0.0699521,1.480081,0.4402914,41
44,-0.3975077,1.263235,0.4128527,42
44,-0.3921771,0.7227765,0.4750201,43
44,-0.1192146,1.56355,0.6630404,44
44,-0.4540289,1.012446,0.4605564,45
44,-0.2135239,0.6419716,0.4594625,46
44,-0.2468116,1.395077,0.4849958,47
44,-0.1319958,1.069153,0.5256916,48
44,0.04472727,1.162,0.6288597,49
44,-0.4909958,0.8741828,0.5257957,50
44,-0.00127694,1.598322,0.4141667,51
44,-0.4383569,0.8005948,0.5309155,52
44,-0.3983076,0.9266863,0.5788119,53
44,-0.4958167,1.310544,0.5263166,54
44,-0.3423207,0.9986584,0.4529133,55
44,-0.447132,1.38687,0.401267,56
44,-0.4474133,1.120173,0.5531973,57
44,-0.3403243,0.8205705,0.488638,58
44,-0.34852,1.465042,0.3956689,59
44,-0.4601558,1.49126,0.3880218,60
44,-0.4122945,0.632934,0.4236266,61
44,-0.3107,0.6458412,0.4345982,62
44,-0.3242923,1.346652,0.4510865,63
44,-0.4871224,0.7175024,0.4509029,64
44,-0.2424302,1.505803,0.6659427,65
44,-0.4560703,1.595855,0.5389221,66
44,-0.271665,1.596741,0.5627971,67
44,-0.3640755,1.560142,0.4175942,68
