Case,X,Y,Z,a,v,index
6,0.1503742,1.105453,0.6371973,0
6,0.2652519,0.8869836,0.4429663,1
6,0.00965488,1.110198,0.6332431,2
6,0.4148624,1.108986,0.6467447,3
6,0.2683337,1.404044,0.6301103,4
6,0.3990864,1.320777,0.5125697,5
6,-0.1407425,1.160795,0.4596577,6
6,0.125744,1.492939,0.4461599,7
6,-0.1260976,1.458038,0.5104575,8
6,-0.03289402,1.001854,0.4445939,9
6,0.4333869,1.512408,0.6541914,10
6,0.04926842,1.572926,0.4883647,11
6,0.4902207,1.1929,0.6536974,12
6,0.2572667,1.514809,0.4929298,13
6,-0.1939112,1.367578,0.5605533,14
6,0.4098923,0.9534307,0.5683064,15
6,0.4287662,0.7709529,0.592342,16
6,0.1534364,0.7708679,0.6858767,17
6,0.3271669,0.6391824,0.5318865,18
6,-0.2618656,1.493422,0.5509305,19
6,0.1788677,0.6150171,0.6607145,20
6,-0.04033139,0.6844602,0.4590183,21
6,-0.2123614,0.8288589,0.588012,22
6,-0.1882064,0.703989,0.5215309,23
6,-0.405256,1.423318,0.5887586,24
6,-0.3478466,1.573303,0.5285015,25
6,-0.3598947,0.9974327,0.4861538,26
6,0.4951141,0.6291238,0.6293343,27
6,0.296602,0.7740636,0.3928167,28
6,-0.4848161,1.247143,0.6047004,29
6,-0.3899602,1.104665,0.3990166,30
6,0.08525407,0.6781737,0.3903675,31
6,-0.3706748,0.8240129,0.5868377,32
6,-0.4931551,1.49756,0.595679,33
6,-0.1096162,1.599438,0.4743741,34
6,-0.4510778,0.6402363,0.6652054,35
6,-0.3134905,0.6974298,0.5627557,36
6,-0.3163974,1.339981,0.4855359,37
6,-0.4786918,0.9309626,0.4778814,38
6,-0.4987665,1.082841,0.4962702,39
