Case,X,Y,Z,a,v,index
32,0.05079788,1.308148,0.658977,0
32,0.1459917,1.241543,0.538451,1
32,0.1693931,1.078866,0.4696605,2
32,-0.0791142,1.223945,0.4936328,3
32,0.07027918,0.9611352,0.581868,4
32,-0.09468779,1.316744,0.4797699,5
32,-0.07863191,1.090083,0.5121125,6
32,0.3448468,1.323277,0.5208032,7
32,0.1690649,0.9452651,0.3898112,8
32,0.04739827,1.205556,0.5100037,9
32,0.06696564,1.10451,0.5439206,10
32,0.1252836,1.543598,0.4134795,11
32,-0.1906662,1.095382,0.676303,12
32,0.3551239,1.467647,0.4178947,13
32,0.2571737,1.436243,0.5038195,14
32,0.22158,1.537907,0.4159012,15
32,-0.1890076,0.9789701,0.5291434,16
32,0.3145724,0.8551703,0.4354893,17
32,0.4381212,1.105805,0.5243894,18
32,0.03310418,1.59417,0.5462427,19
32,0.4954886,1.367148,0.5019337,20
32,0.3629673,0.9336675,0.4856234,21
32,-0.07003108,0.9964809,0.5698562,22
32,0.4765726,1.520358,0.3967083,23
32,0.3246013,1.554535,0.6649679,24
32,0.4103707,1.017673,0.5831891,25
32,0.4157097,1.208416,0.433038,26
32,-0.05328238,1.432814,0.3935423,27
32,0.1747215,0.6907867,0.5201584,28
32,-0.2765987,1.434675,0.6264784,29
32,0.2005388,1.16468,0.5198891,30
32,-0.4699368,1.039769,0.6237589,31
32,0.3933087,0.8013205,0.4843372,32
32,-0.1685671,1.468921,0.6232302,33
32,-0.347912,1.167507,0.6162834,34
32,0.2746617,0.7620283,0.5575329,35
32,-0.3304916,1.520158,0.4495128,36
32,-0.1214219,0.8968913,0.4935209,37
32,-0.3169752,1.280689,0.4243615,38
32,-0.08816075,1.55222,0.6309482,39
32,-0.3481826,0.9532686,0.6332932,40
32,0.03939092,1.449044,0.5217956,41
32,0.08432215,0.7112563,0.6558543,42
32,-0.4401827,1.58776,0.4917506,43
32,0.4561779,0.9181718,0.614982,44
32,0.4785457,0.7720386,0.4440532,45
32,-0.2407038,1.541528,0.5830936,46
32,-0.4053341,1.378944,0.3974714,47
32,0.4135481,0.6522281,0.6377496,48
32,-0.4351551,1.492505,0.6342286,49
32,-0.2902859,0.8763486,0.5013564,50
32,0.3218424,0.6032621,0.3908743,51
32,-0.3832163,0.7834972,0.4920957,52
32,-0.4756298,1.290986,0.4584576,53
32,-0.1776757,1.235185,0.4590321,54
32,-0.484624,1.169293,0.4245902,55
32,-0.07033187,0.6573662,0.4191898,56
32,-0.4707502,0.9165218,0.4540453,57
32,-0.4929003,0.7798056,0.6638452,58
32,0.01394135,0.6228281,0.4321017,59
32,-0.2207002,0.7783105,0.6386762,60
32,-0.2913744,0.7142367,0.6475766,61
32,-0.1404151,0.7312087,0.5210409,62
32,-0.1889148,0.6383536,0.6114196,63
32,-0.4394311,0.6377807,0.435624,64
32,-0.2761074,0.6109136,0.3973878,65
32,-0.0189079,0.910104,0.4996743,66
