Case,X,Y,Z,a,v,index
8,-0.04318434,0.9942126,0.4589653,0
8,0.04893875,1.192551,0.4878091,1
8,0.2411786,0.8545536,0.5243225,2
8,0.4051219,1.14031,0.4943148,3
8,0.4555419,0.8775098,0.5033029,4
8,0.1360509,0.6688324,0.4675121,5
8,0.4383813,0.7071878,0.489713,6
8,0.08793592,1.059492,0.4749534,7
8,0.4181769,1.012355,0.5534864,8
8,0.3297402,1.295802,0.4512836,9
8,0.3275615,0.6316664,0.4284147,10
8,-0.05099338,0.6060132,0.4105424,11
8,0.4374301,1.477364,0.4819233,12
8,0.4594262,1.241617,0.5218059,13
8,-0.068198,1.123165,0.4161152,14
8,0.3293029,0.7627922,0.3924143,15
8,-0.2238823,0.7993555,0.4053097,16
8,0.00819242,1.523032,0.6435711,17
8,0.1183952,1.455125,0.5869923,18
8,-0.1839626,0.646596,0.6558977,19
8,0.02181423,0.7384076,0.4508511,20
8,0.4209535,1.367256,0.6751304,21
8,-0.09192592,0.7459952,0.5329842,22
8,0.2480849,1.508151,0.4524396,23
8,0.3852829,1.592826,0.4140861,24
8,-0.1817388,1.461983,0.6260107,25
8,0.2471834,1.396004,0.5997865,26
8,0.1156887,1.596273,0.5167044,27
8,-0.2922724,0.9253495,0.4213097,28
8,-0.4464157,1.068104,0.6496938,29
8,-0.306554,0.6809703,0.6857427,30
8,-0.4362023,1.350935,0.6457211,31
8,-0.3374475,1.411091,0.5653665,32
8,-0.4397666,1.213608,0.4228775,33
8,-0.4461411,0.9074546,0.4687809,34
8,-0.4158199,1.535453,0.585111,35
8,-0.3893818,0.7747118,0.4554504,36
8,-0.2187116,1.595814,0.536377,37
8,-0.4364499,0.6165788,0.4428775,38
8,-0.4969251,0.7137784,0.402228,39
8,-0.09372175,1.57646,0.459034,40
