Case,X,Y,Z,a,v,index
2,-0.2780068,1.470732,0.4810169,0
2,-0.3191495,1.34453,0.4224911,1
2,-0.4779992,1.541077,0.5366154,2
2,-0.2719156,1.589713,0.4310679,3
2,-0.4088144,1.447086,0.6316503,4
2,-0.1559264,1.556402,0.4162186,5
2,-0.1529751,1.429497,0.6626481,6
2,-0.4471014,1.266195,0.4355877,7
2,-0.396771,1.159251,0.5330731,8
2,0.05855238,1.58949,0.4256527,9
2,-0.08360159,1.214856,0.4435225,10
2,-0.01573643,1.493653,0.391753,11
2,-0.4964016,1.072494,0.4861355,12
2,0.1883995,1.568918,0.5041929,13
2,-0.3531768,1.054007,0.4761013,14
2,-0.4945068,1.367984,0.4818339,15
2,-0.116456,1.015527,0.6105554,16
2,0.03971308,1.153224,0.4118355,17
2,-0.01982215,0.955097,0.5524595,18
2,-0.4473267,0.9350852,0.493734,19
2,0.1005943,1.451986,0.5312355,20
2,-0.2611245,0.8642624,0.5701656,21
2,0.1333507,1.009739,0.4366905,22
2,0.217596,1.420658,0.5090258,23
2,0.3763959,1.547666,0.619404,24
2,0.3501114,1.230271,0.5248047,25
2,-0.1402781,0.701728,0.4417878,26
2,-0.4314097,0.7761112,0.3945532,27
2,0.02652007,0.7307147,0.4232323,28
2,0.1373619,0.7408451,0.5123776,29
2,0.208514,0.642377,0.4657211,30
2,0.3904971,1.434248,0.5489318,31
2,-0.2734228,0.7546922,0.6623973,32
2,0.4856389,1.162052,0.5240155,33
2,-0.01060444,0.6132415,0.593639,34
2,0.3890041,0.7041485,0.4931904,35
2,0.4880969,0.6285436,0.6005737,36
2,0.333151,0.9140787,0.6439837,37
2,-0.397907,0.6199264,0.526749,38
2,0.386224,1.100352,0.5797349,39
2,0.4374813,0.8487814,0.5541374,40
2,-0.2563644,0.6340743,0.6246459,41
2,0.4807322,1.024816,0.5350363,42
2,0.3039011,0.7754599,0.5759313,43
2,0.4820269,1.342244,0.6857674,44
2,0.4955317,1.585192,0.5475389,45
