Case,X,Y,Z,a,v,index
4,0.2777024,0.8375412,0.4903735,0
4,0.1664311,0.670546,0.5781996,1
4,0.3422856,0.9741812,0.5483175,2
4,0.4003472,1.154662,0.5550799,3
4,0.2638447,0.6128839,0.6216039,4
4,0.3059537,1.315766,0.5015446,5
4,0.3984371,0.8395079,0.5100836,6
4,0.4277458,0.6271738,0.4487887,7
4,0.3543562,0.7339152,0.4294185,8
4,0.1216477,1.088341,0.4856632,9
4,-0.05402845,1.171433,0.609242,10
4,0.4768794,0.7517662,0.5842441,11
4,-0.002332449,1.034669,0.4151509,12
4,-0.1427993,0.747343,0.4245883,13
4,0.4593524,1.056525,0.45604,14
4,-0.3285619,0.6832511,0.4430048,15
4,-0.1551669,1.116339,0.4802105,16
4,-0.007177621,0.6364384,0.6211987,17
4,0.1095927,1.450091,0.528057,18
4,0.1670853,0.8043686,0.4346705,19
4,-0.490806,0.6745516,0.5718663,20
4,-0.08754757,1.45082,0.557552,21
4,-0.3920419,0.968031,0.4983737,22
4,0.48711,0.9058129,0.6455609,23
4,-0.3514071,1.211447,0.4490953,24
4,-0.1823549,0.6145123,0.630482,25
4,-0.3712955,0.8320369,0.4717169,26
4,-0.2263582,0.822596,0.526068,27
4,-0.4560768,1.059562,0.6551119,28
4,0.00383532,1.516025,0.6013418,29
4,0.4984918,1.36676,0.4603152,30
4,0.2285853,1.484399,0.478015,31
4,-0.339658,1.075689,0.4909813,32
4,-0.2927218,1.314997,0.5874928,33
4,0.4307065,1.261246,0.5087121,34
4,-0.2014821,1.431201,0.6362125,35
4,-0.1183228,1.561711,0.4377648,36
4,-0.4787096,0.8862045,0.6521831,37
4,0.1500928,1.562711,0.501259,38
4,0.2666546,1.588521,0.5762745,39
4,-0.4767739,1.220574,0.5153151,40
4,-0.3059981,1.480107,0.4136834,41
4,-0.4364218,1.32708,0.4832059,42
4,0.3323421,1.425084,0.5030719,43
4,0.4363207,1.468471,0.4551493,44
4,-0.4561355,1.516689,0.4615387,45
4,0.4200652,1.582513,0.4837119,46
4,-0.263252,1.599532,0.5118177,47
