Case,X,Y,Z,a,v,index
3,-0.3197303,0.6194752,0.6685171,0
3,-0.2087148,0.6101577,0.5360818,1
3,-0.2570816,0.7980679,0.4880649,2
3,-0.4690032,0.7035824,0.5033407,3
3,-0.0624736,0.6044362,0.6077341,4
3,0.05628341,0.6324747,0.5192919,5
3,-0.1454047,0.7282166,0.649525,6
3,-0.3799525,0.8175563,0.5067196,7
3,-0.00446102,0.7480824,0.4523304,8
3,-0.02904853,0.9619017,0.6305315,9
3,0.04199016,1.132201,0.3871329,10
3,-0.09693056,1.048947,0.394237,11
3,-0.4669473,0.888384,0.6737261,12
3,0.1763592,0.6927515,0.4042113,13
3,0.1357405,1.063312,0.4013719,14
3,0.2421894,0.8051753,0.458953,15
3,0.3385248,1.003764,0.6291801,16
3,-0.3852154,0.9737144,0.4903025,17
3,-0.4813076,1.145322,0.4943786,18
3,-0.4830022,1.026774,0.6399122,19
3,-0.05220798,1.223658,0.4570946,20
3,0.3857364,0.7432073,0.4017232,21
3,-0.06575927,1.471786,0.4418176,22
3,0.2772986,0.9111686,0.5918114,23
3,0.0461691,1.477745,0.5024143,24
3,0.1881331,1.435242,0.4853351,25
3,-0.05229598,1.587889,0.6201826,26
3,0.431295,0.8449447,0.6110442,27
3,-0.2369038,1.430692,0.4770913,28
3,-0.3618361,1.267425,0.4186257,29
3,0.3197973,1.405741,0.6866909,30
3,0.297629,0.6198196,0.6864094,31
3,0.1581602,1.557489,0.5503609,32
3,-0.2277676,1.585827,0.6764154,33
3,0.4473408,1.089912,0.4141663,34
3,-0.3464934,1.466601,0.6684166,35
3,0.4660434,1.202582,0.5001103,36
3,-0.466611,1.316482,0.5877464,37
3,0.4438223,0.6372915,0.4547602,38
3,-0.4563255,1.553414,0.5822884,39
3,-0.4967608,1.444587,0.5552255,40
3,-0.3451278,1.590344,0.5206748,41
3,0.3506388,1.560984,0.3991022,42
3,0.4849116,1.592799,0.5992403,43
3,0.4533786,1.38444,0.5072862,44
3,0.4554065,0.9736408,0.5282994,45
