Case,X,Y,Z,a,v,index
14,-0.1152269,1.459708,0.4506373,0
14,0.08639407,1.14352,0.4100449,1
14,-0.2957572,1.355853,0.4660936,2
14,-0.1006594,1.210386,0.4719343,3
14,0.1747785,1.422019,0.6066109,4
14,0.0797019,1.585255,0.3907103,5
14,0.3974426,1.175603,0.4868209,6
14,0.1339665,1.035326,0.6455234,7
14,0.2134618,1.578127,0.4506858,8
14,0.2675947,1.354327,0.4536395,9
14,0.3676519,0.9931097,0.437333,10
14,-0.1867914,1.375142,0.4324449,11
14,-0.4080095,1.388047,0.4906116,12
14,0.3123724,1.482345,0.4932755,13
14,0.003992617,1.487729,0.4421739,14
14,-0.2670633,1.576562,0.486361,15
14,0.4307281,1.530177,0.6480533,16
14,-0.2237729,0.7959017,0.4297926,17
14,-0.418207,1.518465,0.4155049,18
14,0.422358,1.407844,0.4125519,19
14,-0.3420761,0.8170471,0.3897354,20
14,-0.3194771,1.469309,0.4642165,21
14,-0.005096912,1.042447,0.4746983,22
14,-0.1188856,1.575455,0.4212953,23
14,0.4711949,0.8552654,0.4597859,24
14,-0.3687426,1.267335,0.5942481,25
14,-0.3698151,1.004688,0.5203547,26
14,-0.09956709,0.7048731,0.530088,27
14,0.01950109,1.240084,0.4582428,28
14,-0.3650328,0.6819937,0.5297914,29
14,-0.4998064,0.8295761,0.6481423,30
14,-0.4837612,0.945189,0.4136364,31
14,0.1039754,0.7678976,0.4245719,32
14,-0.4697825,1.084587,0.5407308,33
14,0.08473557,0.6127239,0.6476816,34
14,-0.2064633,0.6379846,0.6056941,35
14,0.4887085,1.049595,0.5105024,36
14,0.2644665,0.6705368,0.492309,37
14,0.3045452,0.7759336,0.5703504,38
14,-0.4996241,1.242079,0.503974,39
14,0.3852997,1.299301,0.5141924,40
14,-0.4974052,0.6693391,0.4674439,41
14,0.4931325,1.24607,0.4903585,42
14,0.4408292,0.627739,0.6022356,43
14,0.4145756,0.7570799,0.5087472,44
14,0.3012792,0.8860451,0.493273,45
14,-0.02699968,0.600678,0.5030066,46
