Case,X,Y,Z,a,v,index
37,-0.4512751,0.8891097,0.5480157,0
37,-0.4284178,0.9991384,0.5194902,1
37,-0.3900135,1.180639,0.4294636,2
37,-0.4094281,1.307068,0.587074,3
37,-0.3007981,0.8908958,0.410874,4
37,-0.3099414,1.368162,0.6050757,5
37,-0.3859128,0.7754269,0.6571141,6
37,-0.3256114,0.6419181,0.4823655,7
37,-0.05527267,1.178871,0.4350848,8
37,0.01678163,1.079205,0.5776781,9
37,-0.2511931,0.770799,0.4014934,10
37,-0.1653779,1.466244,0.5331927,11
37,0.1403272,1.154643,0.4938219,12
37,-0.4862301,0.6625152,0.6861201,13
37,0.04512173,1.227386,0.5111109,14
37,-0.1144693,1.052389,0.5327576,15
37,-0.02249545,1.493781,0.5129862,16
37,-0.1191965,0.6047921,0.4624405,17
37,-0.4123527,1.51706,0.6123217,18
37,-0.1066378,0.7231603,0.5919411,19
37,0.0418278,0.6670396,0.6070955,20
37,0.1505885,1.481281,0.4396182,21
37,0.3374889,1.39797,0.4635137,22
37,-0.2447497,1.557319,0.5170307,23
37,0.1266304,0.7709303,0.5654268,24
37,0.1755745,0.6673403,0.598583,25
37,0.3413255,1.568191,0.483472,26
37,0.0342465,1.593977,0.6545988,27
37,0.2660382,0.772312,0.4458089,28
37,0.3426709,1.01746,0.458488,29
37,0.1577493,1.59708,0.3979373,30
37,0.3897439,0.6955571,0.5952861,31
37,0.459448,0.8848189,0.4307361,32
37,0.3794029,1.256297,0.525496,33
37,0.4912478,1.072582,0.423452,34
37,0.303413,0.6001944,0.5811791,35
37,-0.1229964,1.578539,0.5448229,36
37,0.4795337,1.564472,0.4073769,37
37,0.3569711,0.8379015,0.4441347,38
37,0.4356753,1.451411,0.4401682,39
37,0.4677022,1.344179,0.4634452,40
37,0.3855085,1.133822,0.5749311,41
