Case,X,Y,Z,a,v,index
42,-0.4043737,1.023242,0.4273825,0
42,-0.3413654,0.8406861,0.437492,1
42,-0.2237309,0.8179217,0.6115171,2
42,-0.1360621,1.026659,0.3927687,3
42,-0.08939978,1.183312,0.4242415,4
42,-0.1621246,0.6650287,0.4650089,5
42,-0.007927567,0.6799365,0.4562311,6
42,-0.2774536,0.7105929,0.5197021,7
42,0.1072642,0.6965817,0.4114166,8
42,-0.3681386,0.6182284,0.5773368,9
42,-0.4252845,0.7333893,0.5261358,10
42,-0.446298,0.8808436,0.3934456,11
42,0.02956063,1.010132,0.4230452,12
42,0.3716919,1.02324,0.3922557,13
42,0.1819428,0.8249121,0.42417,14
42,-0.4915114,0.6105524,0.572121,15
42,0.1060021,1.090734,0.6330391,16
42,0.301729,0.9285388,0.578835,17
42,0.2398115,0.6712039,0.389618,18
42,0.1034955,1.207892,0.6319981,19
42,0.3399343,0.817396,0.4815477,20
42,-0.3602212,1.349825,0.4406096,21
42,-0.4596093,1.15985,0.633342,22
42,-0.1136853,1.445098,0.5411261,23
42,0.01870543,1.564901,0.4273132,24
42,-0.2197961,1.376015,0.6575139,25
42,0.4458845,1.273794,0.419639,26
42,0.4837519,1.101624,0.4303588,27
42,0.3263878,1.443631,0.5657764,28
42,0.4580548,0.6942778,0.4377338,29
42,-0.4667735,1.294455,0.51061,30
42,0.328733,1.309008,0.6025679,31
42,0.179319,1.519936,0.3881629,32
42,-0.4892363,1.402777,0.5050825,33
42,0.4886425,0.8995744,0.5366935,34
42,-0.2597047,1.510701,0.644914,35
42,0.3473152,1.553221,0.4180519,36
42,0.4812436,1.541495,0.4009405,37
42,0.4376163,1.436062,0.3976171,38
42,-0.4740822,1.532675,0.6336313,39
42,-0.09351149,1.599919,0.5569631,40
42,-0.3740522,1.472814,0.6208094,41
42,0.3563902,0.6021509,0.4416834,42
