Case,X,Y,Z,a,v,index
17,0.05079788,1.308148,0.6082727,0
17,0.1459917,1.241543,0.5084001,1
17,0.1693931,1.078866,0.5387352,2
17,-0.0791142,1.223945,0.4816065,3
17,0.07027918,0.9611352,0.5916799,4
17,-0.09468779,1.316744,0.4853953,5
17,-0.07863191,1.090083,0.6527433,6
17,0.3448468,1.323277,0.4179281,7
17,0.1690649,0.9452651,0.5664008,8
17,0.04739827,1.205556,0.632793,9
17,0.06696564,1.10451,0.5786475,10
17,0.1252836,1.543598,0.6845785,11
17,-0.1906662,1.095382,0.6216426,12
17,0.3551239,1.467647,0.4099339,13
17,0.2571737,1.436243,0.4433557,14
17,0.22158,1.537907,0.4808027,15
17,-0.1890076,0.9789701,0.4431198,16
17,0.3145724,0.8551703,0.4630203,17
17,0.4381212,1.105805,0.6315152,18
17,0.03310418,1.59417,0.3915001,19
17,0.4954886,1.367148,0.4834971,20
17,0.3629673,0.9336675,0.4769642,21
17,-0.07003108,0.9964809,0.6117542,22
17,0.4765726,1.520358,0.6539841,23
17,0.3246013,1.554535,0.4332461,24
17,0.4103707,1.017673,0.4804844,25
17,0.4157097,1.208416,0.5929998,26
17,-0.05328238,1.432814,0.4363357,27
17,0.1747215,0.6907867,0.4767811,28
17,-0.2765987,1.434675,0.4400908,29
17,0.2005388,1.16468,0.4063941,30
17,-0.4699368,1.039769,0.5117733,31
17,0.3933087,0.8013205,0.4433065,32
17,-0.1685671,1.468921,0.4841506,33
17,-0.347912,1.167507,0.4620125,34
17,0.2746617,0.7620283,0.571934,35
17,-0.3304916,1.520158,0.4439211,36
17,-0.1214219,0.8968913,0.4663261,37
17,-0.3169752,1.280689,0.4382317,38
17,-0.08816075,1.55222,0.4716753,39
17,-0.3481826,0.9532686,0.5382562,40
17,0.03939092,1.449044,0.6298434,41
17,0.08432215,0.7112563,0.4231875,42
17,-0.4401827,1.58776,0.4762795,43
17,0.4561779,0.9181718,0.5489742,44
17,0.4785457,0.7720386,0.4672987,45
17,-0.2407038,1.541528,0.6101228,46
17,-0.4053341,1.378944,0.4755995,47
17,0.4135481,0.6522281,0.4195196,48
17,-0.4351551,1.492505,0.4415241,49
17,-0.2902859,0.8763486,0.6100659,50
17,0.3218424,0.6032621,0.6342784,51
17,-0.3832163,0.7834972,0.435842,52
17,-0.4756298,1.290986,0.5671605,53
17,-0.1776757,1.235185,0.6574947,54
17,-0.484624,1.169293,0.4327174,55
17,-0.07033187,0.6573662,0.5175342,56
17,-0.4707502,0.9165218,0.6337543,57
17,-0.4929003,0.7798056,0.5625558,58
17,0.01394135,0.6228281,0.4723831,59
17,-0.2207002,0.7783105,0.4364202,60
17,-0.2913744,0.7142367,0.6022671,61
17,-0.1404151,0.7312087,0.4376062,62
17,-0.1889148,0.6383536,0.571764,63
17,-0.4394311,0.6377807,0.5642098,64
17,-0.2761074,0.6109136,0.6692016,65
17,-0.0189079,0.910104,0.4794903,66
