Case,X,Y,Z,a,v,index
38,-0.04318434,0.9942126,0.5958191,0
38,0.04893875,1.192551,0.5713617,1
38,0.2411786,0.8545536,0.4087867,2
38,0.4051219,1.14031,0.5325548,3
38,0.4555419,0.8775098,0.4962726,4
38,0.1360509,0.6688324,0.542977,5
38,0.4383813,0.7071878,0.3873353,6
38,0.08793592,1.059492,0.6133433,7
38,0.4181769,1.012355,0.4769909,8
38,0.3297402,1.295802,0.4557615,9
38,0.3275615,0.6316664,0.4735819,10
38,-0.05099338,0.6060132,0.5220075,11
38,0.4374301,1.477364,0.5829004,12
38,0.4594262,1.241617,0.4115282,13
38,-0.068198,1.123165,0.4079031,14
38,0.3293029,0.7627922,0.6260831,15
38,-0.2238823,0.7993555,0.6170056,16
38,0.00819242,1.523032,0.3874694,17
38,0.1183952,1.455125,0.4872227,18
38,-0.1839626,0.646596,0.394567,19
38,0.02181423,0.7384076,0.4765615,20
38,0.4209535,1.367256,0.4154384,21
38,-0.09192592,0.7459952,0.5663728,22
38,0.2480849,1.508151,0.469227,23
38,0.3852829,1.592826,0.5246639,24
38,-0.1817388,1.461983,0.6146575,25
38,0.2471834,1.396004,0.4492657,26
38,0.1156887,1.596273,0.659665,27
38,-0.2922724,0.9253495,0.4206144,28
38,-0.4464157,1.068104,0.5423737,29
38,-0.306554,0.6809703,0.4291062,30
38,-0.4362023,1.350935,0.467591,31
38,-0.3374475,1.411091,0.4771429,32
38,-0.4397666,1.213608,0.5575119,33
38,-0.4461411,0.9074546,0.5586053,34
38,-0.4158199,1.535453,0.4783062,35
38,-0.3893818,0.7747118,0.3989462,36
38,-0.2187116,1.595814,0.5076016,37
38,-0.4364499,0.6165788,0.4998382,38
38,-0.4969251,0.7137784,0.3884231,39
38,-0.09372175,1.57646,0.4125877,40
