Case,X,Y,Z,a,v,index
40,-0.2139462,1.558106,0.3980677,0
40,-0.312893,1.363231,0.5985283,1
40,-0.1634072,1.425771,0.4838085,2
40,-0.3818776,1.513147,0.4115217,3
40,-0.4139592,1.297595,0.6545783,4
40,-0.4787642,1.571647,0.493797,5
40,-0.4879319,1.119081,0.5800794,6
40,-0.02884799,1.574603,0.4433955,7
40,-0.3709755,1.188385,0.4172838,8
40,-0.1203653,1.13903,0.404729,9
40,0.07355362,1.051338,0.4445305,10
40,-0.347259,1.022236,0.4803293,11
40,-0.4823675,1.454529,0.6200789,12
40,0.008552849,1.213364,0.4867391,13
40,-0.04575506,0.9980557,0.4533601,14
40,0.1665425,1.538146,0.471359,15
40,3.385544E-05,1.447765,0.4687968,16
40,-0.3680019,0.8980531,0.4044628,17
40,-0.4881732,0.9372178,0.4894146,18
40,-0.3772328,0.7559019,0.3874677,19
40,-0.2645843,0.8185373,0.5836389,20
40,-0.2186997,0.6059503,0.4831372,21
40,0.2025394,0.7262005,0.438291,22
40,0.411364,0.7432996,0.4809264,23
40,0.03496486,0.646644,0.5483609,24
40,-0.1395552,0.7348905,0.427457,25
40,0.1429704,0.6020206,0.5969833,26
40,-0.3421207,0.6203352,0.4703568,27
40,0.2671021,1.491992,0.4714612,28
40,0.3027369,0.8099682,0.6783971,29
40,0.4015216,0.8833902,0.4082975,30
40,0.3538025,1.033955,0.5744379,31
40,0.3916457,1.46385,0.5463141,32
40,0.4734548,1.088447,0.5996411,33
40,0.3053972,0.640545,0.4502136,34
40,0.324824,1.224478,0.4264824,35
40,0.4673586,1.296658,0.5766867,36
40,0.3530414,1.359789,0.4428243,37
40,-0.4988022,0.6248736,0.4685062,38
40,0.4886268,0.6160533,0.4434633,39
40,0.3725733,1.594157,0.4041458,40
40,-0.478303,0.81604,0.4114479,41
40,0.4835764,1.567441,0.4974288,42
