Case,X,Y,Z,a,v,index
43,0.2374204,1.416169,0.4503649,0
43,0.01707071,1.174902,0.4728747,1
43,0.1169671,1.083888,0.4668936,2
43,0.3886437,1.383337,0.4820585,3
43,-0.1501259,1.511472,0.5470338,4
43,0.1741068,1.528488,0.5098118,5
43,0.3574032,1.55749,0.6192507,6
43,0.3633232,1.190615,0.674908,7
43,-0.2736042,1.473994,0.5271881,8
43,0.4045701,1.014522,0.6303468,9
43,0.08776224,1.433252,0.4773017,10
43,0.05818027,1.544065,0.6577092,11
43,0.1841953,0.783972,0.6812906,12
43,-0.04592878,1.585732,0.5295393,13
43,0.01133364,0.9981082,0.4179088,14
43,-0.1376089,1.133049,0.4542991,15
43,0.4812289,1.55835,0.3954184,16
43,0.3913856,0.8451251,0.4858778,17
43,-0.3587896,1.569553,0.6032035,18
43,-0.4691948,1.564839,0.4463272,19
43,-0.402465,1.395509,0.566897,20
43,0.4987053,1.432522,0.4437533,21
43,0.2859144,0.8824232,0.6612656,22
43,-0.2344298,1.596866,0.6046927,23
43,-0.269043,1.351736,0.522746,24
43,-0.03835362,0.7215165,0.4443391,25
43,-0.4881066,1.197614,0.4322726,26
43,-0.4869292,1.310638,0.3906065,27
43,-0.4715477,1.08322,0.4934025,28
43,0.4624163,0.7373957,0.3969393,29
43,-0.2286435,0.7129505,0.639365,30
43,-0.4012097,0.9936879,0.4089048,31
43,0.3526391,0.6969854,0.4739427,32
43,-0.3666611,1.127537,0.4420983,33
43,0.1518359,0.6408662,0.4654126,34
43,0.4897081,1.300762,0.4972349,35
43,-0.2991646,0.8779497,0.4278316,36
43,0.43754,0.6008942,0.5284194,37
43,-0.4450197,0.783393,0.5332752,38
43,0.3079759,1.291732,0.4477059,39
43,-0.344888,0.6615737,0.405747,40
43,-0.4813432,0.6105803,0.3920414,41
43,0.2669009,0.6119646,0.6243598,42
43,0.4741753,1.166401,0.3945283,43
43,-0.1079799,0.6355541,0.4215187,44
43,-0.4980966,0.9363323,0.4282509,45
43,0.03700984,0.6349926,0.6133493,46
