Case,X,Y,Z,a,v,index
34,0.2777024,0.8375412,0.4407349,0
34,0.1664311,0.670546,0.5143071,1
34,0.3422856,0.9741812,0.6798208,2
34,0.4003472,1.154662,0.4757668,3
34,0.2638447,0.6128839,0.5000477,4
34,0.3059537,1.315766,0.5794034,5
34,0.3984371,0.8395079,0.6657274,6
34,0.4277458,0.6271738,0.4492724,7
34,0.3543562,0.7339152,0.3870595,8
34,0.1216477,1.088341,0.4890394,9
34,-0.05402845,1.171433,0.5939993,10
34,0.4768794,0.7517662,0.4911374,11
34,-0.002332449,1.034669,0.453641,12
34,-0.1427993,0.747343,0.5090429,13
34,0.4593524,1.056525,0.4453739,14
34,-0.3285619,0.6832511,0.5905313,15
34,-0.1551669,1.116339,0.4307016,16
34,-0.007177621,0.6364384,0.3990076,17
34,0.1095927,1.450091,0.5579126,18
34,0.1670853,0.8043686,0.4717452,19
34,-0.490806,0.6745516,0.4333462,20
34,-0.08754757,1.45082,0.5879564,21
34,-0.3920419,0.968031,0.4459732,22
34,0.48711,0.9058129,0.5186517,23
34,-0.3514071,1.211447,0.5833566,24
34,-0.1823549,0.6145123,0.4873476,25
34,-0.3712955,0.8320369,0.6280472,26
34,-0.2263582,0.822596,0.4645031,27
34,-0.4560768,1.059562,0.5417896,28
34,0.00383532,1.516025,0.5295576,29
34,0.4984918,1.36676,0.3967664,30
34,0.2285853,1.484399,0.6362908,31
34,-0.339658,1.075689,0.6752566,32
34,-0.2927218,1.314997,0.603168,33
34,0.4307065,1.261246,0.4537649,34
34,-0.2014821,1.431201,0.4945058,35
34,-0.1183228,1.561711,0.585937,36
34,-0.4787096,0.8862045,0.6866556,37
34,0.1500928,1.562711,0.5049386,38
34,0.2666546,1.588521,0.5028331,39
34,-0.4767739,1.220574,0.5177453,40
34,-0.3059981,1.480107,0.4663852,41
34,-0.4364218,1.32708,0.6128517,42
34,0.3323421,1.425084,0.583077,43
34,0.4363207,1.468471,0.5230877,44
34,-0.4561355,1.516689,0.5307269,45
34,0.4200652,1.582513,0.4805998,46
34,-0.263252,1.599532,0.626421,47
