Case,X,Y,Z,a,v,index
36,0.1503742,1.105453,0.4832184,0
36,0.2652519,0.8869836,0.4778181,1
36,0.00965488,1.110198,0.6024433,2
36,0.4148624,1.108986,0.5933012,3
36,0.2683337,1.404044,0.4714671,4
36,0.3990864,1.320777,0.4983124,5
36,-0.1407425,1.160795,0.5413463,6
36,0.125744,1.492939,0.5934533,7
36,-0.1260976,1.458038,0.6246674,8
36,-0.03289402,1.001854,0.6186072,9
36,0.4333869,1.512408,0.431763,10
36,0.04926842,1.572926,0.4107897,11
36,0.4902207,1.1929,0.4801067,12
36,0.2572667,1.514809,0.4013926,13
36,-0.1939112,1.367578,0.4990932,14
36,0.4098923,0.9534307,0.5362755,15
36,0.4287662,0.7709529,0.4465985,16
36,0.1534364,0.7708679,0.5532555,17
36,0.3271669,0.6391824,0.6667039,18
36,-0.2618656,1.493422,0.5347244,19
36,0.1788677,0.6150171,0.4167942,20
36,-0.04033139,0.6844602,0.5096629,21
36,-0.2123614,0.8288589,0.6109372,22
36,-0.1882064,0.703989,0.4539134,23
36,-0.405256,1.423318,0.5281076,24
36,-0.3478466,1.573303,0.6681051,25
36,-0.3598947,0.9974327,0.5476207,26
36,0.4951141,0.6291238,0.5848148,27
36,0.296602,0.7740636,0.5245043,28
36,-0.4848161,1.247143,0.5032244,29
36,-0.3899602,1.104665,0.5913161,30
36,0.08525407,0.6781737,0.5244188,31
36,-0.3706748,0.8240129,0.505323,32
36,-0.4931551,1.49756,0.620584,33
36,-0.1096162,1.599438,0.4236185,34
36,-0.4510778,0.6402363,0.5339245,35
36,-0.3134905,0.6974298,0.4800372,36
36,-0.3163974,1.339981,0.5066154,37
36,-0.4786918,0.9309626,0.4927077,38
36,-0.4987665,1.082841,0.4028263,39
