Case,X,Y,Z,a,v,index
32,-0.2780068,1.470732,0.4856137,0
32,-0.3191495,1.34453,0.4553782,1
32,-0.4779992,1.541077,0.448284,2
32,-0.2719156,1.589713,0.4701453,3
32,-0.4088144,1.447086,0.4044692,4
32,-0.1559264,1.556402,0.493947,5
32,-0.1529751,1.429497,0.6503656,6
32,-0.4471014,1.266195,0.4869566,7
32,-0.396771,1.159251,0.506124,8
32,0.05855238,1.58949,0.627727,9
32,-0.08360159,1.214856,0.5389094,10
32,-0.01573643,1.493653,0.6075456,11
32,-0.4964016,1.072494,0.4467555,12
32,0.1883995,1.568918,0.4462138,13
32,-0.3531768,1.054007,0.5459616,14
32,-0.4945068,1.367984,0.4104715,15
32,-0.116456,1.015527,0.4987176,16
32,0.03971308,1.153224,0.5047727,17
32,-0.01982215,0.955097,0.4183639,18
32,-0.4473267,0.9350852,0.5194294,19
32,0.1005943,1.451986,0.5497504,20
32,-0.2611245,0.8642624,0.4616269,21
32,0.1333507,1.009739,0.4248194,22
32,0.217596,1.420658,0.4100445,23
32,0.3763959,1.547666,0.5925228,24
32,0.3501114,1.230271,0.4254997,25
32,-0.1402781,0.701728,0.5306245,26
32,-0.4314097,0.7761112,0.6258302,27
32,0.02652007,0.7307147,0.6406478,28
32,0.1373619,0.7408451,0.6723232,29
32,0.208514,0.642377,0.388596,30
32,0.3904971,1.434248,0.4047754,31
32,-0.2734228,0.7546922,0.4372713,32
32,0.4856389,1.162052,0.4338749,33
32,-0.01060444,0.6132415,0.458239,34
32,0.3890041,0.7041485,0.5356007,35
32,0.4880969,0.6285436,0.481653,36
32,0.333151,0.9140787,0.4436696,37
32,-0.397907,0.6199264,0.5153203,38
32,0.386224,1.100352,0.5212488,39
32,0.4374813,0.8487814,0.4738691,40
32,-0.2563644,0.6340743,0.5590301,41
32,0.4807322,1.024816,0.6074339,42
32,0.3039011,0.7754599,0.4938529,43
32,0.4820269,1.342244,0.5037394,44
32,0.4955317,1.585192,0.4775729,45
