Case,X,Y,Z,a,v,index
44,-0.1152269,1.459708,0.4608712,0
44,0.08639407,1.14352,0.3890998,1
44,-0.2957572,1.355853,0.460656,2
44,-0.1006594,1.210386,0.4622671,3
44,0.1747785,1.422019,0.5320847,4
44,0.0797019,1.585255,0.5217577,5
44,0.3974426,1.175603,0.6586663,6
44,0.1339665,1.035326,0.4314635,7
44,0.2134618,1.578127,0.4013254,8
44,0.2675947,1.354327,0.4389961,9
44,0.3676519,0.9931097,0.5475631,10
44,-0.1867914,1.375142,0.60729,11
44,-0.4080095,1.388047,0.5336985,12
44,0.3123724,1.482345,0.5102746,13
44,0.003992617,1.487729,0.5455807,14
44,-0.2670633,1.576562,0.4508638,15
44,0.4307281,1.530177,0.6112002,16
44,-0.2237729,0.7959017,0.4835459,17
44,-0.418207,1.518465,0.6377889,18
44,0.422358,1.407844,0.4959509,19
44,-0.3420761,0.8170471,0.539425,20
44,-0.3194771,1.469309,0.3896594,21
44,-0.005096912,1.042447,0.4201988,22
44,-0.1188856,1.575455,0.5638612,23
44,0.4711949,0.8552654,0.4403683,24
44,-0.3687426,1.267335,0.6789196,25
44,-0.3698151,1.004688,0.5900307,26
44,-0.09956709,0.7048731,0.4115369,27
44,0.01950109,1.240084,0.5876527,28
44,-0.3650328,0.6819937,0.4524657,29
44,-0.4998064,0.8295761,0.6338768,30
44,-0.4837612,0.945189,0.4418981,31
44,0.1039754,0.7678976,0.4561116,32
44,-0.4697825,1.084587,0.4362544,33
44,0.08473557,0.6127239,0.4673707,34
44,-0.2064633,0.6379846,0.5448664,35
44,0.4887085,1.049595,0.4363117,36
44,0.2644665,0.6705368,0.6599534,37
44,0.3045452,0.7759336,0.5053399,38
44,-0.4996241,1.242079,0.5410275,39
44,0.3852997,1.299301,0.5748954,40
44,-0.4974052,0.6693391,0.6446819,41
44,0.4931325,1.24607,0.5017915,42
44,0.4408292,0.627739,0.6684002,43
44,0.4145756,0.7570799,0.4784591,44
44,0.3012792,0.8860451,0.5074137,45
44,-0.02699968,0.600678,0.5111508,46
