Case,X,Y,Z,a,v,index
34,0.2777024,0.8375412,0.4402265,0
34,0.1664311,0.670546,0.5413097,1
34,0.3422856,0.9741812,0.5480957,2
34,0.4003472,1.154662,0.5365483,3
34,0.2638447,0.6128839,0.4596227,4
34,0.3059537,1.315766,0.6160792,5
34,0.3984371,0.8395079,0.6157237,6
34,0.4277458,0.6271738,0.5052289,7
34,0.3543562,0.7339152,0.4057947,8
34,0.1216477,1.088341,0.3985293,9
34,-0.05402845,1.171433,0.4235039,10
34,0.4768794,0.7517662,0.5211169,11
34,-0.002332449,1.034669,0.4033872,12
34,-0.1427993,0.747343,0.5182617,13
34,0.4593524,1.056525,0.4903157,14
34,-0.3285619,0.6832511,0.4186694,15
34,-0.1551669,1.116339,0.5085493,16
34,-0.007177621,0.6364384,0.5307363,17
34,0.1095927,1.450091,0.6137121,18
34,0.1670853,0.8043686,0.5063738,19
34,-0.490806,0.6745516,0.6629246,20
34,-0.08754757,1.45082,0.4489705,21
34,-0.3920419,0.968031,0.6719662,22
34,0.48711,0.9058129,0.4693211,23
34,-0.3514071,1.211447,0.6256502,24
34,-0.1823549,0.6145123,0.6349176,25
34,-0.3712955,0.8320369,0.6142857,26
34,-0.2263582,0.822596,0.4914942,27
34,-0.4560768,1.059562,0.5777466,28
34,0.00383532,1.516025,0.4330182,29
34,0.4984918,1.36676,0.3984182,30
34,0.2285853,1.484399,0.4775153,31
34,-0.339658,1.075689,0.5056558,32
34,-0.2927218,1.314997,0.4804738,33
34,0.4307065,1.261246,0.4989382,34
34,-0.2014821,1.431201,0.4485072,35
34,-0.1183228,1.561711,0.4954534,36
34,-0.4787096,0.8862045,0.5097831,37
34,0.1500928,1.562711,0.4206171,38
34,0.2666546,1.588521,0.4522452,39
34,-0.4767739,1.220574,0.4693969,40
34,-0.3059981,1.480107,0.6863571,41
34,-0.4364218,1.32708,0.5021759,42
34,0.3323421,1.425084,0.5137898,43
34,0.4363207,1.468471,0.45503,44
34,-0.4561355,1.516689,0.4776068,45
34,0.4200652,1.582513,0.4808694,46
34,-0.263252,1.599532,0.5832316,47
