Case,X,Y,Z,a,v,index
30,-0.2514899,1.049975,0.6401995,0
30,-0.3765767,1.028103,0.4286102,1
30,-0.3250244,0.8787388,0.4810751,2
30,-0.157049,1.030898,0.6041615,3
30,-0.1188707,1.159069,0.5016422,4
30,-0.1783729,0.735019,0.6636687,5
30,-0.05221164,0.7472163,0.4622605,6
30,-0.2727329,0.7722988,0.5309609,7
30,-0.03257033,0.6362029,0.4911076,8
30,0.03165966,0.9217459,0.4583276,9
30,0.1362704,1.04142,0.6308542,10
30,-0.1142328,0.9452485,0.6093168,11
30,-0.3140677,0.6624167,0.5874218,12
30,0.04417622,0.7052257,0.5976564,13
30,-0.347742,1.177143,0.4195107,14
30,-0.2290961,0.6047928,0.3971452,15
30,-0.4668721,1.117046,0.4861211,16
30,-0.1186628,0.6642889,0.5429338,17
30,-0.4575211,0.9523044,0.3898382,18
30,-0.4395212,1.216139,0.4141014,19
30,-0.3731313,1.356198,0.483695,20
30,-0.0008679628,1.059167,0.4619761,21
30,-0.4240541,0.6564543,0.4373988,22
30,-0.4945323,1.341327,0.6008636,23
30,-0.4334149,0.8223709,0.4752118,24
30,0.1885309,0.9556372,0.6679426,25
30,0.2384646,1.094679,0.6378358,26
30,-0.1436331,1.287358,0.4605162,27
30,-0.2283081,1.457681,0.6490415,28
30,-0.3745559,0.75365,0.6120439,29
30,-0.2862582,1.307155,0.5300639,30
30,0.2101701,0.7263932,0.4847278,31
30,-0.4962783,0.7370754,0.4225662,32
30,-0.3908693,1.468725,0.446139,33
30,-0.4002871,1.566301,0.5928818,34
30,0.1451737,0.6356013,0.4500341,35
30,-0.02644148,1.174369,0.3929123,36
30,-0.4839745,1.515025,0.5656224,37
30,0.2772475,0.8576009,0.5411456,38
30,-0.2826103,1.538617,0.3925751,39
30,0.141388,1.22203,0.6290966,40
30,-0.05218831,1.287675,0.4566775,41
30,0.2643947,0.6420445,0.4968286,42
30,-0.1180031,1.551017,0.6200821,43
30,0.07734817,1.126274,0.4874113,44
30,0.3323783,1.18156,0.571165,45
30,0.4964567,1.112132,0.3928607,46
30,0.3624989,1.282096,0.4158985,47
30,0.04661661,1.25694,0.4170424,48
30,0.1316653,1.313992,0.3937575,49
30,0.2098472,1.413127,0.4538664,50
30,0.1517617,1.546405,0.4039451,51
30,0.3769392,1.445287,0.5036041,52
30,0.3833847,1.101083,0.6604797,53
30,0.3806496,0.9001234,0.5728562,54
30,0.372864,0.7713265,0.6160791,55
30,0.4235351,0.6814964,0.5294558,56
30,0.02697742,1.519258,0.6534204,57
30,-0.2063714,1.598393,0.4967503,58
30,0.4374571,1.333073,0.4789466,59
30,0.4867771,0.9063942,0.61946,60
30,0.4833586,1.225502,0.5254668,61
30,0.4841002,0.9981059,0.4250292,62
30,0.4587163,0.8060363,0.5537377,63
30,0.2646864,1.556109,0.4975862,64
30,0.3944745,1.006539,0.4580798,65
30,0.4396834,1.512322,0.6389068,66
30,0.3551027,1.563716,0.4393728,67
30,0.4893495,1.423521,0.431163,68
