Case,X,Y,Z,a,v,index
24,0.3488177,0.778896,0.432735,0
24,0.3008358,0.697028,0.4433323,1
24,0.4347376,0.6616335,0.4519721,2
24,0.4536091,0.8791662,0.6428092,3
24,0.469316,0.7732154,0.6663035,4
24,0.303499,0.6022884,0.5015761,5
24,0.4362853,1.009791,0.4671575,6
24,0.4921825,1.09003,0.4905459,7
24,0.2136672,1.06798,0.4476001,8
24,0.4540554,1.203233,0.398988,9
24,0.3462772,0.8885531,0.4285741,10
24,0.1992872,0.742202,0.4398943,11
24,0.1511558,0.6208963,0.5102922,12
24,0.09459203,0.7237913,0.464975,13
24,0.3664721,1.22648,0.5242389,14
24,0.01683468,0.6572207,0.5214981,15
24,0.09791124,1.003045,0.4510359,16
24,0.2694829,1.346195,0.5502766,17
24,-0.04950175,0.7397292,0.4882316,18
24,0.4477885,1.34988,0.4121213,19
24,0.05844051,1.102358,0.6112714,20
24,-0.1490551,0.6450445,0.6212703,21
24,-0.05454108,0.9386307,0.3985893,22
24,0.2576457,0.8286129,0.4628572,23
24,-0.1833769,0.7980596,0.4960177,24
24,0.1739385,1.182791,0.6639103,25
24,0.06532264,1.192267,0.5137348,26
24,0.3663334,1.414148,0.3972197,27
24,-0.05846703,1.178781,0.4035854,28
24,0.1211624,1.277744,0.4333645,29
24,-0.2739692,0.6033288,0.6688331,30
24,-0.360884,0.802093,0.5251859,31
24,-0.3686657,0.9135329,0.4780305,32
24,-0.271823,0.7781336,0.3956912,33
24,0.3106644,1.544148,0.5050207,34
24,-0.07319194,1.089597,0.5107194,35
24,-0.461977,0.9921564,0.544901,36
24,-0.4426965,0.7587916,0.6418982,37
24,-0.4118688,1.141658,0.6640825,38
24,0.4530125,1.510748,0.6097783,39
24,-0.3675558,0.6743289,0.4689285,40
24,-0.4503772,0.6142411,0.4154672,41
24,0.4054822,1.590431,0.4968166,42
24,0.4940095,1.42846,0.3970867,43
24,-0.4615832,0.8611921,0.4035524,44
24,-0.1720218,1.029858,0.4515887,45
24,-0.1882941,1.121469,0.4295548,46
24,-0.005484343,1.017635,0.6582665,47
24,-0.4927758,1.080562,0.6276473,48
24,-0.129785,1.282464,0.4804681,49
24,0.1338615,1.55652,0.6839346,50
24,0.05117142,1.337271,0.6129719,51
24,0.2737904,1.451555,0.6471221,52
24,0.2217969,1.588822,0.5279185,53
24,-0.0623205,1.34612,0.6799774,54
24,-0.3465214,1.333844,0.5148706,55
24,-0.3321229,1.441937,0.4956549,56
24,-0.03568828,1.524695,0.4650946,57
24,-0.3659637,1.221476,0.4298899,58
24,-0.4825236,1.350485,0.4161262,59
24,-0.2203856,1.46721,0.5794207,60
24,-0.4825652,1.23419,0.6551818,61
24,-0.1104492,1.58437,0.5223114,62
24,-0.2681144,1.55238,0.3916914,63
24,0.02951533,1.593865,0.5556648,64
24,-0.4725565,1.452929,0.4690205,65
24,-0.4162961,1.582988,0.4811086,66
24,-0.1087166,1.461608,0.6373837,67
