Case,X,Y,Z,a,v,index
39,0.3399369,1.216096,0.5282201,0
39,0.06045675,1.242463,0.5527945,1
39,0.09575808,1.128646,0.634992,2
39,-0.04675952,1.160851,0.49568,3
39,0.324496,0.9866744,0.6058391,4
39,0.1130248,0.7565259,0.4853841,5
39,0.4371348,1.323224,0.5428392,6
39,0.01219052,0.993651,0.498015,7
39,0.4899578,1.448773,0.6126799,8
39,-0.08088779,0.7157208,0.6439553,9
39,0.2798242,1.393262,0.473583,10
39,0.4326222,1.079491,0.4302112,11
39,0.231475,1.499813,0.470971,12
39,0.1813222,0.66944,0.4678957,13
39,0.2114862,0.8323228,0.4250434,14
39,0.347777,1.531862,0.3984292,15
39,0.04579347,0.6181342,0.4105134,16
39,0.3789772,0.7554146,0.4693067,17
39,0.4534262,0.9606633,0.5001327,18
39,-0.1630268,0.6355991,0.543882,19
39,0.4731272,1.594054,0.5194896,20
39,0.3481997,0.8743489,0.5581625,21
39,-0.09415591,1.049701,0.4479611,22
39,-0.3062166,0.7568684,0.5619018,23
39,0.09968913,1.580411,0.6375442,24
39,-0.01366416,1.448282,0.4192896,25
39,0.4947066,0.8434402,0.4456926,26
39,0.4692273,0.666739,0.4821927,27
39,0.3015789,0.6701624,0.5138273,28
39,-0.2236644,1.392837,0.583733,29
39,-0.3491482,0.8810123,0.5923121,30
39,-0.08311296,1.559227,0.4268387,31
39,0.4901053,1.173903,0.5018182,32
39,-0.4858206,0.7401143,0.5469955,33
39,-0.4827951,0.8773026,0.5038083,34
39,-0.3259304,1.586941,0.4275689,35
39,-0.3852929,0.6316778,0.6513525,36
39,-0.4429477,1.002318,0.4855826,37
39,-0.4158984,1.272499,0.6265078,38
39,-0.4854766,1.113615,0.5056753,39
39,-0.2744391,0.6213977,0.4780908,40
39,-0.3660442,1.457761,0.3947406,41
39,-0.2118069,1.579481,0.4119035,42
39,-0.4868219,1.46849,0.6136442,43
39,-0.4970936,0.6127017,0.6534197,44
39,-0.3013878,1.302453,0.4690004,45
