Case,X,Y,Z,a,v,index
37,-0.4512751,0.8891097,0.4126,0
37,-0.4284178,0.9991384,0.6355035,1
37,-0.3900135,1.180639,0.6440871,2
37,-0.4094281,1.307068,0.4647738,3
37,-0.3007981,0.8908958,0.4161987,4
37,-0.3099414,1.368162,0.6279706,5
37,-0.3859128,0.7754269,0.4711157,6
37,-0.3256114,0.6419181,0.4617549,7
37,-0.05527267,1.178871,0.4194804,8
37,0.01678163,1.079205,0.4399445,9
37,-0.2511931,0.770799,0.5378415,10
37,-0.1653779,1.466244,0.4208125,11
37,0.1403272,1.154643,0.6760447,12
37,-0.4862301,0.6625152,0.4287275,13
37,0.04512173,1.227386,0.6589233,14
37,-0.1144693,1.052389,0.6197994,15
37,-0.02249545,1.493781,0.495814,16
37,-0.1191965,0.6047921,0.4775706,17
37,-0.4123527,1.51706,0.6801464,18
37,-0.1066378,0.7231603,0.5119567,19
37,0.0418278,0.6670396,0.5173486,20
37,0.1505885,1.481281,0.6588709,21
37,0.3374889,1.39797,0.5576553,22
37,-0.2447497,1.557319,0.4271984,23
37,0.1266304,0.7709303,0.4250949,24
37,0.1755745,0.6673403,0.4255152,25
37,0.3413255,1.568191,0.4202909,26
37,0.0342465,1.593977,0.5841541,27
37,0.2660382,0.772312,0.5342841,28
37,0.3426709,1.01746,0.4222992,29
37,0.1577493,1.59708,0.4749776,30
37,0.3897439,0.6955571,0.6058515,31
37,0.459448,0.8848189,0.4466031,32
37,0.3794029,1.256297,0.5769677,33
37,0.4912478,1.072582,0.5762199,34
37,0.303413,0.6001944,0.4792953,35
37,-0.1229964,1.578539,0.6218031,36
37,0.4795337,1.564472,0.5092192,37
37,0.3569711,0.8379015,0.4720603,38
37,0.4356753,1.451411,0.643833,39
37,0.4677022,1.344179,0.5296567,40
37,0.3855085,1.133822,0.5054498,41
