Case,X,Y,Z,a,v,index
36,0.1503742,1.105453,0.6356289,0
36,0.2652519,0.8869836,0.5395182,1
36,0.00965488,1.110198,0.4644029,2
36,0.4148624,1.108986,0.4877183,3
36,0.2683337,1.404044,0.450399,4
36,0.3990864,1.320777,0.6429905,5
36,-0.1407425,1.160795,0.4031507,6
36,0.125744,1.492939,0.5223281,7
36,-0.1260976,1.458038,0.5406922,8
36,-0.03289402,1.001854,0.4396418,9
36,0.4333869,1.512408,0.5461016,10
36,0.04926842,1.572926,0.6747226,11
36,0.4902207,1.1929,0.4578149,12
36,0.2572667,1.514809,0.6711505,13
36,-0.1939112,1.367578,0.4647296,14
36,0.4098923,0.9534307,0.5222195,15
36,0.4287662,0.7709529,0.6212311,16
36,0.1534364,0.7708679,0.6411705,17
36,0.3271669,0.6391824,0.5066094,18
36,-0.2618656,1.493422,0.4304667,19
36,0.1788677,0.6150171,0.4224308,20
36,-0.04033139,0.6844602,0.3900922,21
36,-0.2123614,0.8288589,0.6234689,22
36,-0.1882064,0.703989,0.5599355,23
36,-0.405256,1.423318,0.5254116,24
36,-0.3478466,1.573303,0.4062791,25
36,-0.3598947,0.9974327,0.4701294,26
36,0.4951141,0.6291238,0.423166,27
36,0.296602,0.7740636,0.6275982,28
36,-0.4848161,1.247143,0.4612062,29
36,-0.3899602,1.104665,0.4793705,30
36,0.08525407,0.6781737,0.6160482,31
36,-0.3706748,0.8240129,0.4844702,32
36,-0.4931551,1.49756,0.4845764,33
36,-0.1096162,1.599438,0.4414927,34
36,-0.4510778,0.6402363,0.5434565,35
36,-0.3134905,0.6974298,0.4515736,36
36,-0.3163974,1.339981,0.4023539,37
36,-0.4786918,0.9309626,0.4698735,38
36,-0.4987665,1.082841,0.4814355,39
