Case,X,Y,Z,a,v,index
27,0.3701242,1.182277,0.4998683,0
27,0.4444676,0.9063593,0.4000725,1
27,0.4464175,0.7760707,0.4782772,2
27,0.4508157,1.055449,0.4136455,3
27,0.3671234,0.7092783,0.4146886,4
27,0.4833163,0.6515536,0.4814873,5
27,0.2784894,0.7650559,0.6497352,6
27,0.3980064,0.6140435,0.5880204,7
27,0.3440878,0.8480085,0.4639791,8
27,0.282422,0.647531,0.5793384,9
27,0.1961098,0.7117429,0.5312675,10
27,0.4660882,1.20957,0.4477581,11
27,0.08959901,0.9824455,0.4050345,12
27,0.3844547,0.9908252,0.5032204,13
27,0.1337953,0.6122114,0.3976934,14
27,0.009563386,0.6574029,0.657995,15
27,0.1806495,1.140012,0.5583271,16
27,0.03207695,0.881165,0.4672935,17
27,0.2033603,1.012025,0.6266316,18
27,0.03188789,1.153444,0.5472491,19
27,0.37257,1.357161,0.4872372,20
27,-0.12775,0.9879413,0.4877195,21
27,-0.09095055,0.6862608,0.5232223,22
27,-0.1839049,0.7346189,0.461859,23
27,-0.09615824,1.255751,0.4129786,24
27,0.308668,1.443402,0.5919362,25
27,-0.0161126,1.042437,0.6413234,26
27,0.1031228,1.266988,0.4217683,27
27,-0.002684087,1.330394,0.6172292,28
27,0.2113459,1.442386,0.39551,29
27,-0.1159263,1.124254,0.4998203,30
27,-0.1477376,0.6067415,0.5334163,31
27,-0.3200582,0.815388,0.4452593,32
27,-0.3080754,0.7189139,0.5227021,33
27,-0.2495917,0.634572,0.5001506,34
27,0.09215504,0.7038483,0.5154916,35
27,-0.1917458,1.211375,0.4860573,36
27,0.4096038,1.463017,0.5777159,37
27,0.4819146,1.322052,0.5300266,38
27,0.3888232,1.588351,0.4509895,39
27,0.203669,1.573551,0.4801535,40
27,-0.4039194,0.6580697,0.4627173,41
27,0.09507221,1.469456,0.4690229,42
27,-0.02443889,1.455598,0.4812697,43
27,-0.4470902,0.8394509,0.4178097,44
27,-0.3998196,0.7513408,0.4165792,45
27,-0.1451267,1.480111,0.6540788,46
27,-0.380179,1.127614,0.4310734,47
27,-0.4805922,0.9823921,0.4133841,48
27,-0.4944677,0.7246354,0.521151,49
27,-0.28488,1.349129,0.408444,50
27,-0.4280325,1.26663,0.5136878,51
27,-0.2887229,1.445024,0.4505712,52
27,-0.4770563,1.109232,0.4310404,53
27,-0.3801252,1.49747,0.4271452,54
27,0.3036092,1.553356,0.5506824,55
27,-0.3947157,1.015061,0.6081898,56
27,-0.3955244,1.37256,0.644568,57
27,-0.2868976,1.575961,0.649775,58
27,0.08557433,1.573303,0.5235416,59
27,0.4675968,1.544808,0.5678004,60
27,-0.4768232,1.415926,0.3878016,61
27,-0.4756763,1.589185,0.566305,62
27,-0.491528,0.6267601,0.6389811,63
27,-0.1375423,1.598808,0.55906,64
27,-0.006308049,1.573166,0.5597932,65
