Case,X,Y,Z,a,v,index
45,-0.09231296,0.6553661,0.451968,0
45,0.1036015,0.6733572,0.5583395,1
45,0.01235992,0.6099758,0.6671146,2
45,0.2154669,0.6265669,0.5164956,3
45,-0.2740204,0.6724259,0.451161,4
45,0.3446485,0.6320571,0.458626,5
45,0.3713085,0.7707636,0.6510767,6
45,-0.1668584,0.7924962,0.4942653,7
45,0.4507063,0.9519517,0.5241648,8
45,-0.3000184,0.8777623,0.5235885,9
45,0.04450941,1.007814,0.6582602,10
45,-0.4381813,0.767274,0.3931122,11
45,0.2577174,0.7533494,0.4721369,12
45,-0.4070268,0.6073884,0.4010629,13
45,0.3478838,1.013041,0.6600802,14
45,-0.09455866,1.124677,0.549544,15
45,-0.06408998,0.9785857,0.624311,16
45,0.3659194,1.123966,0.5395451,17
45,0.4770021,0.6270764,0.4255745,18
45,0.4947848,1.152555,0.6031817,19
45,0.3144808,0.88965,0.4737723,20
45,0.4901394,0.7652312,0.4923699,21
45,0.07217544,1.143998,0.4587984,22
45,0.328065,1.230495,0.6725615,23
45,-0.4099138,1.00484,0.4444824,24
45,0.411155,1.399091,0.5948268,25
45,-0.3480504,1.282832,0.4412937,26
45,-0.4171035,1.191808,0.3936718,27
45,0.2607092,1.432945,0.4709049,28
45,-0.4404407,1.355422,0.6421738,29
45,-0.4888638,1.083289,0.4946868,30
45,-0.462481,0.8916916,0.6235205,31
45,0.4243038,1.542533,0.6491786,32
45,0.4598138,1.275589,0.5313885,33
45,-0.3660868,1.522563,0.4107824,34
45,0.2492132,1.553217,0.6213235,35
45,0.1300951,1.557388,0.4461664,36
45,-0.06219414,1.501617,0.6698232,37
45,-0.3289775,1.399726,0.6333196,38
45,-0.2322729,1.561256,0.3871525,39
45,-0.485131,1.563861,0.3892402,40
