Case,X,Y,Z,a,v,index
32,-0.2780068,1.470732,0.4500039,0
32,-0.3191495,1.34453,0.4672948,1
32,-0.4779992,1.541077,0.6669303,2
32,-0.2719156,1.589713,0.5966645,3
32,-0.4088144,1.447086,0.5623876,4
32,-0.1559264,1.556402,0.3955439,5
32,-0.1529751,1.429497,0.5470364,6
32,-0.4471014,1.266195,0.4218316,7
32,-0.396771,1.159251,0.4758738,8
32,0.05855238,1.58949,0.5240722,9
32,-0.08360159,1.214856,0.6358466,10
32,-0.01573643,1.493653,0.5621498,11
32,-0.4964016,1.072494,0.639557,12
32,0.1883995,1.568918,0.4728027,13
32,-0.3531768,1.054007,0.6760191,14
32,-0.4945068,1.367984,0.4434183,15
32,-0.116456,1.015527,0.3925026,16
32,0.03971308,1.153224,0.4239816,17
32,-0.01982215,0.955097,0.4970653,18
32,-0.4473267,0.9350852,0.4133519,19
32,0.1005943,1.451986,0.4639716,20
32,-0.2611245,0.8642624,0.6798006,21
32,0.1333507,1.009739,0.5622878,22
32,0.217596,1.420658,0.6760421,23
32,0.3763959,1.547666,0.5345798,24
32,0.3501114,1.230271,0.5232875,25
32,-0.1402781,0.701728,0.3966636,26
32,-0.4314097,0.7761112,0.4384216,27
32,0.02652007,0.7307147,0.5549432,28
32,0.1373619,0.7408451,0.5269219,29
32,0.208514,0.642377,0.5727347,30
32,0.3904971,1.434248,0.490154,31
32,-0.2734228,0.7546922,0.4540142,32
32,0.4856389,1.162052,0.5335846,33
32,-0.01060444,0.6132415,0.4634331,34
32,0.3890041,0.7041485,0.4048106,35
32,0.4880969,0.6285436,0.5089061,36
32,0.333151,0.9140787,0.6601344,37
32,-0.397907,0.6199264,0.4919891,38
32,0.386224,1.100352,0.4673555,39
32,0.4374813,0.8487814,0.4777171,40
32,-0.2563644,0.6340743,0.5833076,41
32,0.4807322,1.024816,0.4123811,42
32,0.3039011,0.7754599,0.4356742,43
32,0.4820269,1.342244,0.5858032,44
32,0.4955317,1.585192,0.621751,45
