Case,X,Y,Z,a,v,index
35,0.009501994,1.167466,0.5167918,0
35,0.1867266,1.462806,0.6266894,1
35,-0.09964421,1.560996,0.4841854,2
35,0.4607139,1.235311,0.4219227,3
35,-0.09557852,1.443615,0.5231367,4
35,0.4994676,1.111667,0.4113673,5
35,0.4908717,1.357578,0.6788912,6
35,-0.2088888,1.513801,0.624144,7
35,0.3572323,1.485583,0.4637038,8
35,0.4905676,1.503937,0.6227041,9
35,0.4629035,0.955566,0.4099221,10
35,0.3882641,1.591805,0.5238307,11
35,0.2695013,1.572758,0.6653808,12
35,0.3607178,1.316786,0.4961514,13
35,-0.2690013,1.350988,0.409243,14
35,0.2826281,1.394963,0.5570602,15
35,0.0120346,1.052443,0.4658075,16
35,0.07632858,1.554364,0.4867797,17
35,-0.02103782,0.6345962,0.5228202,18
35,-0.1466841,1.075139,0.6864161,19
35,0.2457824,0.8231745,0.5806375,20
35,-0.1689799,0.7627676,0.3998227,21
35,-0.06207523,0.9589568,0.3946547,22
35,-0.2844818,0.9043791,0.4381625,23
35,-0.3922611,1.213108,0.4566656,24
35,0.1517232,0.6683275,0.6198213,25
35,-0.4645724,1.385281,0.4297699,26
35,-0.4812332,1.020087,0.4943589,27
35,-0.4058843,0.850158,0.3937081,28
35,0.4134564,0.7548617,0.5518272,29
35,-0.494221,1.142682,0.4988898,30
35,0.2820135,0.6767685,0.3890331,31
35,-0.4986836,1.598936,0.5508836,32
35,-0.3259166,1.523617,0.4228743,33
35,-0.2594055,0.6900633,0.3874119,34
35,0.04998565,0.7735882,0.6600643,35
35,0.3518623,0.8958032,0.685183,36
35,-0.1714083,0.6104065,0.6077929,37
35,0.4850643,0.6582474,0.4740095,38
35,-0.3655504,0.6531602,0.5302451,39
35,0.3784437,0.6016917,0.429754,40
35,0.4927448,0.8483266,0.4125616,41
35,-0.3169044,0.7844891,0.602119,42
35,-0.4892783,0.7243062,0.4500057,43
