Case,X,Y,Z,a,v,index
22,-0.3197303,0.6194752,0.4882639,0
22,-0.2288994,0.6118518,0.4852468,1
22,-0.2684723,0.7655965,0.481673,2
22,-0.4418626,0.6882902,0.4766006,3
22,-0.1092475,0.6071706,0.4403199,4
22,-0.2621471,0.9267849,0.4146223,5
22,-0.01208273,0.6301112,0.6378577,6
22,-0.1771002,0.7084455,0.3996473,7
22,-0.369003,0.7815415,0.6191251,8
22,-0.06178272,0.7246993,0.3900537,9
22,-0.08189976,0.8996423,0.4911219,10
22,-0.02377722,1.038978,0.6424189,11
22,-0.1374396,0.9708613,0.4796654,12
22,0.08221602,0.8925573,0.4359529,13
22,-0.4692136,0.7860814,0.4713362,14
22,0.08616108,0.6794285,0.4956084,15
22,0.05292755,0.9826145,0.4279657,16
22,0.1461641,1.013827,0.4865408,17
22,-0.4787015,0.9138547,0.4151766,18
22,-0.3697257,0.9025645,0.6270892,19
22,0.06514013,1.126018,0.4090475,20
22,0.1775692,1.129011,0.4546606,21
22,-0.4844067,1.062822,0.4508441,22
22,-0.3670008,1.050887,0.4062364,23
22,-0.4484123,1.150846,0.5149622,24
22,0.2574697,0.7207106,0.6231101,25
22,-0.4132518,1.270209,0.5309914,26
22,-0.177464,1.075511,0.4261096,27
22,0.2334713,1.377326,0.4425837,28
22,-0.03673741,1.128299,0.5105966,29
22,-0.2002956,1.167941,0.4364725,30
22,0.3736222,0.6859351,0.4060463,31
22,0.08654445,1.316522,0.6334224,32
22,0.1170372,1.21386,0.4955917,33
22,0.378138,0.8843296,0.3933687,34
22,-0.03932703,1.25606,0.5978549,35
22,0.1570682,0.6124464,0.4976141,36
22,-0.4246038,1.398966,0.5115762,37
22,0.3984824,1.011159,0.5614699,38
22,0.2889054,0.6269898,0.5249649,39
22,0.3532325,1.320926,0.6366265,40
22,0.4518052,1.211723,0.5211076,41
22,0.4798469,1.061254,0.4341511,42
22,0.08975023,1.469856,0.4293756,43
22,0.3646182,0.7896065,0.6672959,44
22,0.4955791,0.8052853,0.6626949,45
22,0.204542,1.478765,0.4713662,46
22,0.3663836,1.165688,0.4481415,47
22,-0.3017452,1.359845,0.4500391,48
22,0.4593034,0.9393228,0.5119011,49
22,0.1559528,1.571309,0.4896212,50
22,0.3182267,1.590528,0.4439452,51
22,0.03726441,1.592769,0.485866,52
22,0.4865476,0.7129642,0.4575821,53
22,0.4353801,1.377072,0.4628429,54
22,0.3141982,1.447388,0.5905588,55
22,0.446219,0.6164688,0.6105232,56
22,0.4586262,1.570512,0.5214885,57
22,0.4585413,1.477788,0.6071436,58
22,-0.07488546,1.53842,0.5152361,59
22,-0.224272,1.444457,0.6696218,60
22,-0.1784089,1.543609,0.4742238,61
22,-0.4725656,1.50854,0.4273916,62
22,-0.09854433,1.436943,0.3890791,63
22,-0.4996533,1.34722,0.6012334,64
22,-0.2748905,1.584423,0.4910841,65
22,-0.127295,1.223146,0.4413966,66
22,-0.3117619,1.499223,0.5704527,67
22,-0.3768137,1.565236,0.4059941,68
