Case,X,Y,Z,a,v,index
24,0.3488177,0.778896,0.6756299,0
24,0.3008358,0.697028,0.4760244,1
24,0.4347376,0.6616335,0.4936057,2
24,0.4536091,0.8791662,0.387334,3
24,0.469316,0.7732154,0.4542139,4
24,0.303499,0.6022884,0.4155557,5
24,0.4362853,1.009791,0.6475039,6
24,0.4921825,1.09003,0.6001196,7
24,0.2136672,1.06798,0.5073928,8
24,0.4540554,1.203233,0.506039,9
24,0.3462772,0.8885531,0.4986585,10
24,0.1992872,0.742202,0.5255973,11
24,0.1511558,0.6208963,0.5998758,12
24,0.09459203,0.7237913,0.4911506,13
24,0.3664721,1.22648,0.4847319,14
24,0.01683468,0.6572207,0.4723424,15
24,0.09791124,1.003045,0.5737922,16
24,0.2694829,1.346195,0.4373496,17
24,-0.04950175,0.7397292,0.4872031,18
24,0.4477885,1.34988,0.5161605,19
24,0.05844051,1.102358,0.4051997,20
24,-0.1490551,0.6450445,0.5035207,21
24,-0.05454108,0.9386307,0.6179204,22
24,0.2576457,0.8286129,0.5362042,23
24,-0.1833769,0.7980596,0.6533122,24
24,0.1739385,1.182791,0.5960076,25
24,0.06532264,1.192267,0.4425286,26
24,0.3663334,1.414148,0.4828633,27
24,-0.05846703,1.178781,0.5505846,28
24,0.1211624,1.277744,0.5205635,29
24,-0.2739692,0.6033288,0.4032826,30
24,-0.360884,0.802093,0.5505446,31
24,-0.3686657,0.9135329,0.489011,32
24,-0.271823,0.7781336,0.4514333,33
24,0.3106644,1.544148,0.4187044,34
24,-0.07319194,1.089597,0.6548017,35
24,-0.461977,0.9921564,0.429035,36
24,-0.4426965,0.7587916,0.6778093,37
24,-0.4118688,1.141658,0.4937249,38
24,0.4530125,1.510748,0.4342211,39
24,-0.3675558,0.6743289,0.4628701,40
24,-0.4503772,0.6142411,0.4052441,41
24,0.4054822,1.590431,0.6343608,42
24,0.4940095,1.42846,0.4197898,43
24,-0.4615832,0.8611921,0.5461835,44
24,-0.1720218,1.029858,0.5157292,45
24,-0.1882941,1.121469,0.4373628,46
24,-0.005484343,1.017635,0.5017991,47
24,-0.4927758,1.080562,0.5155606,48
24,-0.129785,1.282464,0.4726003,49
24,0.1338615,1.55652,0.5138434,50
24,0.05117142,1.337271,0.4069196,51
24,0.2737904,1.451555,0.553499,52
24,0.2217969,1.588822,0.471957,53
24,-0.0623205,1.34612,0.3870858,54
24,-0.3465214,1.333844,0.5567631,55
24,-0.3321229,1.441937,0.6292397,56
24,-0.03568828,1.524695,0.3996862,57
24,-0.3659637,1.221476,0.5007711,58
24,-0.4825236,1.350485,0.4229215,59
24,-0.2203856,1.46721,0.4334865,60
24,-0.4825652,1.23419,0.4446619,61
24,-0.1104492,1.58437,0.4141228,62
24,-0.2681144,1.55238,0.4061125,63
24,0.02951533,1.593865,0.461444,64
24,-0.4725565,1.452929,0.4803106,65
24,-0.4162961,1.582988,0.6301038,66
24,-0.1087166,1.461608,0.6511756,67
