Case,X,Y,Z,a,v,index
42,-0.4043737,1.023242,0.5429013,0
42,-0.3413654,0.8406861,0.6187168,1
42,-0.2237309,0.8179217,0.4205144,2
42,-0.1360621,1.026659,0.5245149,3
42,-0.08939978,1.183312,0.5218232,4
42,-0.1621246,0.6650287,0.4115868,5
42,-0.007927567,0.6799365,0.5025584,6
42,-0.2774536,0.7105929,0.3881829,7
42,0.1072642,0.6965817,0.4432896,8
42,-0.3681386,0.6182284,0.6500295,9
42,-0.4252845,0.7333893,0.477148,10
42,-0.446298,0.8808436,0.5320819,11
42,0.02956063,1.010132,0.3893906,12
42,0.3716919,1.02324,0.4245609,13
42,0.1819428,0.8249121,0.4149117,14
42,-0.4915114,0.6105524,0.4071308,15
42,0.1060021,1.090734,0.4531533,16
42,0.301729,0.9285388,0.4674717,17
42,0.2398115,0.6712039,0.4621904,18
42,0.1034955,1.207892,0.6320882,19
42,0.3399343,0.817396,0.5706145,20
42,-0.3602212,1.349825,0.6281013,21
42,-0.4596093,1.15985,0.4044098,22
42,-0.1136853,1.445098,0.4627684,23
42,0.01870543,1.564901,0.6179044,24
42,-0.2197961,1.376015,0.4295096,25
42,0.4458845,1.273794,0.4796674,26
42,0.4837519,1.101624,0.4226399,27
42,0.3263878,1.443631,0.4852896,28
42,0.4580548,0.6942778,0.5716741,29
42,-0.4667735,1.294455,0.6133594,30
42,0.328733,1.309008,0.6295727,31
42,0.179319,1.519936,0.645566,32
42,-0.4892363,1.402777,0.4642273,33
42,0.4886425,0.8995744,0.3873269,34
42,-0.2597047,1.510701,0.4518661,35
42,0.3473152,1.553221,0.4921058,36
42,0.4812436,1.541495,0.4156176,37
42,0.4376163,1.436062,0.5027181,38
42,-0.4740822,1.532675,0.490446,39
42,-0.09351149,1.599919,0.5934425,40
42,-0.3740522,1.472814,0.5250776,41
42,0.3563902,0.6021509,0.4946565,42
