Case,X,Y,Z,a,v,index
41,0.3588893,0.9727112,0.4463052,0
41,0.4445763,1.120768,0.4539036,1
41,0.2727348,0.8244041,0.6599847,2
41,0.4860983,0.8360485,0.5243032,3
41,0.4961923,0.9492582,0.4836572,4
41,0.4133341,0.742942,0.5936897,5
41,0.4821128,1.29802,0.6333554,6
41,0.3383225,1.201219,0.6445076,7
41,0.3596972,1.317145,0.4732673,8
41,0.4996827,0.6452807,0.4185887,9
41,0.2199641,0.6849734,0.5537019,10
41,0.02091908,0.7438676,0.4174951,11
41,0.05184555,1.171961,0.5674098,12
41,0.3126619,1.516245,0.3914323,13
41,0.3536053,0.6493203,0.484383,14
41,0.4322906,1.512083,0.5993733,15
41,-0.1710542,0.6498024,0.5128846,16
41,0.1229318,1.431629,0.4642808,17
41,-0.04110673,1.458125,0.4515293,18
41,0.1335372,1.562632,0.4372453,19
41,-0.05982941,0.6241964,0.4186478,20
41,-0.0555242,1.218474,0.681664,21
41,0.08615303,1.017264,0.5981751,22
41,-0.1865948,1.451104,0.5526978,23
41,-0.2728754,0.7747773,0.6837148,24
41,0.1039367,0.6485724,0.4818396,25
41,-0.3836118,0.6569952,0.4090001,26
41,-0.2414638,1.547078,0.3874259,27
41,0.1605784,0.7914662,0.4526589,28
41,-0.03829563,1.106578,0.5312024,29
41,-0.3153285,1.427367,0.5157164,30
41,-0.4083531,1.522311,0.5252796,31
41,-0.3947192,0.8408597,0.5077854,32
41,-0.4979753,0.784469,0.537738,33
41,-0.04310149,1.592506,0.4536768,34
41,-0.3734608,1.235112,0.4813441,35
41,-0.2770919,0.6054934,0.4562545,36
41,-0.4675074,1.299301,0.442371,37
41,-0.3660882,1.106293,0.4290348,38
41,-0.4800426,1.4105,0.4760275,39
41,-0.3925228,0.9967386,0.4829589,40
41,-0.4781294,0.9149764,0.6840161,41
41,-0.4680358,1.162902,0.5364408,42
41,-0.09689578,0.7324659,0.5069536,43
