Case,X,Y,Z,a,v,index
45,-0.09231296,0.6553661,0.5730356,0
45,0.1036015,0.6733572,0.6785232,1
45,0.01235992,0.6099758,0.407984,2
45,0.2154669,0.6265669,0.4857259,3
45,-0.2740204,0.6724259,0.4077503,4
45,0.3446485,0.6320571,0.5408249,5
45,0.3713085,0.7707636,0.5340405,6
45,-0.1668584,0.7924962,0.4486428,7
45,0.4507063,0.9519517,0.640135,8
45,-0.3000184,0.8777623,0.4136025,9
45,0.04450941,1.007814,0.5351922,10
45,-0.4381813,0.767274,0.4090098,11
45,0.2577174,0.7533494,0.4531157,12
45,-0.4070268,0.6073884,0.4847837,13
45,0.3478838,1.013041,0.5787163,14
45,-0.09455866,1.124677,0.5318208,15
45,-0.06408998,0.9785857,0.488077,16
45,0.3659194,1.123966,0.4851457,17
45,0.4770021,0.6270764,0.4122724,18
45,0.4947848,1.152555,0.6055343,19
45,0.3144808,0.88965,0.5105691,20
45,0.4901394,0.7652312,0.530332,21
45,0.07217544,1.143998,0.5100209,22
45,0.328065,1.230495,0.5212706,23
45,-0.4099138,1.00484,0.6560183,24
45,0.411155,1.399091,0.5047609,25
45,-0.3480504,1.282832,0.4136387,26
45,-0.4171035,1.191808,0.4011813,27
45,0.2607092,1.432945,0.4056379,28
45,-0.4404407,1.355422,0.6492265,29
45,-0.4888638,1.083289,0.5984247,30
45,-0.462481,0.8916916,0.3977726,31
45,0.4243038,1.542533,0.4794152,32
45,0.4598138,1.275589,0.645407,33
45,-0.3660868,1.522563,0.5202547,34
45,0.2492132,1.553217,0.4192284,35
45,0.1300951,1.557388,0.504917,36
45,-0.06219414,1.501617,0.5322725,37
45,-0.3289775,1.399726,0.4609995,38
45,-0.2322729,1.561256,0.3937106,39
45,-0.485131,1.563861,0.5337291,40
