Case,X,Y,Z,a,v,index
2,0.05079788,1.308148,0.4250576,0
2,0.1459917,1.241543,0.6144855,1
2,0.1693931,1.078866,0.4113719,2
2,-0.0791142,1.223945,0.4588852,3
2,0.07027918,0.9611352,0.5398387,4
2,-0.09468779,1.316744,0.4638056,5
2,-0.07863191,1.090083,0.6850867,6
2,0.3448468,1.323277,0.424622,7
2,0.1690649,0.9452651,0.4172331,8
2,0.04739827,1.205556,0.489747,9
2,0.06696564,1.10451,0.5861754,10
2,0.1252836,1.543598,0.4074985,11
2,-0.1906662,1.095382,0.4198229,12
2,0.3551239,1.467647,0.5311267,13
2,0.2571737,1.436243,0.4192153,14
2,0.22158,1.537907,0.4537809,15
2,-0.1890076,0.9789701,0.6563938,16
2,0.3145724,0.8551703,0.5241762,17
2,0.4381212,1.105805,0.4017113,18
2,0.03310418,1.59417,0.6489835,19
2,0.4954886,1.367148,0.5204157,20
2,0.3629673,0.9336675,0.5777475,21
2,-0.07003108,0.9964809,0.5171236,22
2,0.4765726,1.520358,0.5970725,23
2,0.3246013,1.554535,0.4485419,24
2,0.4103707,1.017673,0.4053593,25
2,0.4157097,1.208416,0.5802814,26
2,-0.05328238,1.432814,0.4318317,27
2,0.1747215,0.6907867,0.447025,28
2,-0.2765987,1.434675,0.3912652,29
2,0.2005388,1.16468,0.5653332,30
2,-0.4699368,1.039769,0.6164451,31
2,0.3933087,0.8013205,0.582148,32
2,-0.1685671,1.468921,0.52453,33
2,-0.347912,1.167507,0.6080469,34
2,0.2746617,0.7620283,0.5539403,35
2,-0.3304916,1.520158,0.5306051,36
2,-0.1214219,0.8968913,0.5213695,37
2,-0.3169752,1.280689,0.4601909,38
2,-0.08816075,1.55222,0.3991494,39
2,-0.3481826,0.9532686,0.449021,40
2,0.03939092,1.449044,0.4376845,41
2,0.08432215,0.7112563,0.4482616,42
2,-0.4401827,1.58776,0.5316538,43
2,0.4561779,0.9181718,0.5145798,44
2,0.4785457,0.7720386,0.4250105,45
2,-0.2407038,1.541528,0.608188,46
2,-0.4053341,1.378944,0.4712536,47
2,0.4135481,0.6522281,0.5204336,48
2,-0.4351551,1.492505,0.5161551,49
2,-0.2902859,0.8763486,0.4056169,50
2,0.3218424,0.6032621,0.4621477,51
2,-0.3832163,0.7834972,0.4181053,52
2,-0.4756298,1.290986,0.4013608,53
2,-0.1776757,1.235185,0.5198849,54
2,-0.484624,1.169293,0.4164021,55
2,-0.07033187,0.6573662,0.4966307,56
2,-0.4707502,0.9165218,0.5525144,57
2,-0.4929003,0.7798056,0.5754492,58
2,0.01394135,0.6228281,0.4090494,59
2,-0.2207002,0.7783105,0.5251876,60
2,-0.2913744,0.7142367,0.4702378,61
2,-0.1404151,0.7312087,0.5584224,62
2,-0.1889148,0.6383536,0.4186565,63
2,-0.4394311,0.6377807,0.6620172,64
2,-0.2761074,0.6109136,0.5197991,65
2,-0.0189079,0.910104,0.5719522,66
