Case,X,Y,Z,a,v,index
26,0.3588893,0.9727112,0.5026112,0
26,0.4445763,1.120768,0.6380924,1
26,0.2727348,0.8244041,0.4316247,2
26,0.4860983,0.8360485,0.3904417,3
26,0.4961923,0.9492582,0.5872215,4
26,0.4133341,0.742942,0.5129113,5
26,0.4821128,1.29802,0.4293368,6
26,0.3383225,1.201219,0.4748753,7
26,0.3596972,1.317145,0.6422575,8
26,0.4996827,0.6452807,0.5432513,9
26,0.2199641,0.6849734,0.5005915,10
26,0.02091908,0.7438676,0.6361977,11
26,0.05184555,1.171961,0.5701001,12
26,0.3126619,1.516245,0.4876346,13
26,0.3536053,0.6493203,0.5130093,14
26,0.4322906,1.512083,0.5379769,15
26,-0.1710542,0.6498024,0.5296322,16
26,0.1229318,1.431629,0.5321663,17
26,-0.04110673,1.458125,0.5522443,18
26,0.1335372,1.562632,0.6721244,19
26,-0.05982941,0.6241964,0.4931548,20
26,-0.0555242,1.218474,0.4498496,21
26,0.08615303,1.017264,0.6662056,22
26,-0.1865948,1.451104,0.4750874,23
26,-0.2728754,0.7747773,0.6235093,24
26,0.1039367,0.6485724,0.6612223,25
26,-0.3836118,0.6569952,0.5735173,26
26,-0.2414638,1.547078,0.5995485,27
26,0.1605784,0.7914662,0.4954251,28
26,-0.03829563,1.106578,0.4100019,29
26,-0.3153285,1.427367,0.4740163,30
26,-0.4083531,1.522311,0.5635275,31
26,-0.3947192,0.8408597,0.5809455,32
26,-0.4979753,0.784469,0.6430985,33
26,-0.04310149,1.592506,0.4998382,34
26,-0.3734608,1.235112,0.6054907,35
26,-0.2770919,0.6054934,0.506726,36
26,-0.4675074,1.299301,0.4779561,37
26,-0.3660882,1.106293,0.4156782,38
26,-0.4800426,1.4105,0.4072523,39
26,-0.3925228,0.9967386,0.539705,40
26,-0.4781294,0.9149764,0.5887386,41
26,-0.4680358,1.162902,0.5093113,42
26,-0.09689578,0.7324659,0.5625723,43
