Case,X,Y,Z,a,v,index
17,-0.2780068,1.470732,0.563521,0
17,-0.3191495,1.34453,0.481734,1
17,-0.4779992,1.541077,0.5246439,2
17,-0.2719156,1.589713,0.5083085,3
17,-0.4088144,1.447086,0.5116856,4
17,-0.1559264,1.556402,0.6647807,5
17,-0.1529751,1.429497,0.4646096,6
17,-0.4471014,1.266195,0.4400094,7
17,-0.396771,1.159251,0.5015176,8
17,0.05855238,1.58949,0.4282892,9
17,-0.08360159,1.214856,0.4711137,10
17,-0.01573643,1.493653,0.5000614,11
17,-0.4964016,1.072494,0.4555963,12
17,0.1883995,1.568918,0.3947169,13
17,-0.3531768,1.054007,0.4722299,14
17,-0.4945068,1.367984,0.4536625,15
17,-0.116456,1.015527,0.4244455,16
17,0.03971308,1.153224,0.4097569,17
17,-0.01982215,0.955097,0.4638945,18
17,-0.4473267,0.9350852,0.4145217,19
17,0.1005943,1.451986,0.4804709,20
17,-0.2611245,0.8642624,0.4705976,21
17,0.1333507,1.009739,0.4365133,22
17,0.217596,1.420658,0.4886833,23
17,0.3763959,1.547666,0.4513885,24
17,0.3501114,1.230271,0.5506057,25
17,-0.1402781,0.701728,0.5223429,26
17,-0.4314097,0.7761112,0.6781024,27
17,0.02652007,0.7307147,0.4427737,28
17,0.1373619,0.7408451,0.409982,29
17,0.208514,0.642377,0.4077434,30
17,0.3904971,1.434248,0.6842337,31
17,-0.2734228,0.7546922,0.4638945,32
17,0.4856389,1.162052,0.5241119,33
17,-0.01060444,0.6132415,0.3919581,34
17,0.3890041,0.7041485,0.4437063,35
17,0.4880969,0.6285436,0.4358731,36
17,0.333151,0.9140787,0.392972,37
17,-0.397907,0.6199264,0.5319489,38
17,0.386224,1.100352,0.5817662,39
17,0.4374813,0.8487814,0.4610087,40
17,-0.2563644,0.6340743,0.5326716,41
17,0.4807322,1.024816,0.5321329,42
17,0.3039011,0.7754599,0.4954046,43
17,0.4820269,1.342244,0.5100945,44
17,0.4955317,1.585192,0.5184165,45
