Case,X,Y,Z,a,v,index
22,-0.4512751,0.8891097,0.4965058,0
22,-0.4284178,0.9991384,0.4864636,1
22,-0.3900135,1.180639,0.4019403,2
22,-0.4094281,1.307068,0.4289397,3
22,-0.3007981,0.8908958,0.4353698,4
22,-0.3099414,1.368162,0.5697228,5
22,-0.3859128,0.7754269,0.5355736,6
22,-0.3256114,0.6419181,0.4490519,7
22,-0.05527267,1.178871,0.5312819,8
22,0.01678163,1.079205,0.4412878,9
22,-0.2511931,0.770799,0.6441679,10
22,-0.1653779,1.466244,0.5227318,11
22,0.1403272,1.154643,0.5834938,12
22,-0.4862301,0.6625152,0.4717898,13
22,0.04512173,1.227386,0.4088989,14
22,-0.1144693,1.052389,0.4418708,15
22,-0.02249545,1.493781,0.6419867,16
22,-0.1191965,0.6047921,0.6260647,17
22,-0.4123527,1.51706,0.5902457,18
22,-0.1066378,0.7231603,0.5248977,19
22,0.0418278,0.6670396,0.431602,20
22,0.1505885,1.481281,0.4918877,21
22,0.3374889,1.39797,0.415713,22
22,-0.2447497,1.557319,0.3958426,23
22,0.1266304,0.7709303,0.4308525,24
22,0.1755745,0.6673403,0.4594515,25
22,0.3413255,1.568191,0.4362968,26
22,0.0342465,1.593977,0.5610176,27
22,0.2660382,0.772312,0.5204896,28
22,0.3426709,1.01746,0.5082473,29
22,0.1577493,1.59708,0.665279,30
22,0.3897439,0.6955571,0.4967207,31
22,0.459448,0.8848189,0.6600112,32
22,0.3794029,1.256297,0.439675,33
22,0.4912478,1.072582,0.5135155,34
22,0.303413,0.6001944,0.5816193,35
22,-0.1229964,1.578539,0.4002922,36
22,0.4795337,1.564472,0.3965631,37
22,0.3569711,0.8379015,0.6251472,38
22,0.4356753,1.451411,0.6480561,39
22,0.4677022,1.344179,0.5199976,40
22,0.3855085,1.133822,0.4776193,41
