Case,X,Y,Z,a,v,index
20,0.009501994,1.167466,0.4866299,0
20,0.1867266,1.462806,0.5058538,1
20,-0.09964421,1.560996,0.6291003,2
20,0.4607139,1.235311,0.4803701,3
20,-0.09557852,1.443615,0.4774863,4
20,0.4994676,1.111667,0.5625768,5
20,0.4908717,1.357578,0.4265063,6
20,-0.2088888,1.513801,0.4573838,7
20,0.3572323,1.485583,0.4109016,8
20,0.4905676,1.503937,0.3920729,9
20,0.4629035,0.955566,0.5209791,10
20,0.3882641,1.591805,0.4757096,11
20,0.2695013,1.572758,0.4321301,12
20,0.3607178,1.316786,0.4592834,13
20,-0.2690013,1.350988,0.4748883,14
20,0.2826281,1.394963,0.5228713,15
20,0.0120346,1.052443,0.4403572,16
20,0.07632858,1.554364,0.4477998,17
20,-0.02103782,0.6345962,0.3959893,18
20,-0.1466841,1.075139,0.5688059,19
20,0.2457824,0.8231745,0.6599048,20
20,-0.1689799,0.7627676,0.4107597,21
20,-0.06207523,0.9589568,0.4359078,22
20,-0.2844818,0.9043791,0.4317146,23
20,-0.3922611,1.213108,0.6580775,24
20,0.1517232,0.6683275,0.5055442,25
20,-0.4645724,1.385281,0.4999877,26
20,-0.4812332,1.020087,0.4302639,27
20,-0.4058843,0.850158,0.4113092,28
20,0.4134564,0.7548617,0.6068031,29
20,-0.494221,1.142682,0.4380001,30
20,0.2820135,0.6767685,0.4928428,31
20,-0.4986836,1.598936,0.5437605,32
20,-0.3259166,1.523617,0.5268416,33
20,-0.2594055,0.6900633,0.6578872,34
20,0.04998565,0.7735882,0.53055,35
20,0.3518623,0.8958032,0.390884,36
20,-0.1714083,0.6104065,0.5162618,37
20,0.4850643,0.6582474,0.4495122,38
20,-0.3655504,0.6531602,0.4200317,39
20,0.3784437,0.6016917,0.4301895,40
20,0.4927448,0.8483266,0.536653,41
20,-0.3169044,0.7844891,0.6525965,42
20,-0.4892783,0.7243062,0.6659194,43
