Case,X,Y,Z,a,v,index
5,-0.4236917,1.379919,0.5042412,0
5,-0.3510343,1.262049,0.3953187,1
5,-0.3361703,1.401426,0.3996948,2
5,-0.2401728,1.387114,0.4762159,3
5,-0.2411543,1.5293,0.4911518,4
5,-0.3230801,1.584775,0.6696107,5
5,-0.3627274,1.492598,0.4797219,6
5,-0.4580184,1.515637,0.57918,7
5,-0.1536907,1.287405,0.4865941,8
5,-0.05333394,1.303264,0.6724786,9
5,-0.05583203,1.143731,0.5256871,10
5,-0.07240149,1.501744,0.4764903,11
5,-0.1364601,1.570014,0.4311867,12
5,-0.471402,1.3013,0.4404278,13
5,0.02413112,1.492545,0.4558977,14
5,-0.1672006,1.120064,0.4284602,15
5,0.1189915,1.497894,0.4738245,16
5,0.2345369,1.550643,0.4934234,17
5,0.3629864,1.469936,0.4276174,18
5,0.1232017,1.228761,0.5203959,19
5,0.2808809,1.369057,0.5031205,20
5,0.08693916,1.057127,0.4470486,21
5,-0.4637375,1.189993,0.5311658,22
5,-0.1352412,0.9581932,0.5300879,23
5,0.3867007,1.30795,0.492499,24
5,-0.009540647,1.581754,0.5163767,25
5,0.3399487,1.200396,0.4263816,26
5,0.2704908,1.461383,0.6649903,27
5,0.4069086,1.589145,0.6423509,28
5,-0.04334083,0.9708633,0.5294314,29
5,0.2017173,1.167466,0.4354447,30
5,-0.007267088,0.871531,0.393692,31
5,-0.2159352,0.9983559,0.4301279,32
5,0.09386945,1.591269,0.5026918,33
5,0.02137649,1.193545,0.644576,34
5,-0.4985571,1.030431,0.4166667,35
5,-0.4144136,0.9731382,0.4826657,36
5,0.0853501,0.9439493,0.4874637,37
5,0.4943095,1.555588,0.6839621,38
5,0.4562805,1.378667,0.4010293,39
5,-0.270602,0.8584629,0.6527899,40
5,0.2002844,0.9856838,0.4827793,41
5,0.4247269,1.155584,0.6689603,42
5,-0.1098399,0.7017295,0.3928089,43
5,-0.3872759,1.125813,0.5424932,44
5,-0.3302666,0.927451,0.6363269,45
5,-0.2691538,0.6720788,0.5255932,46
5,-0.3409866,1.028156,0.4063111,47
5,0.006391108,0.7155195,0.6496466,48
5,0.008321166,0.6248311,0.5341855,49
5,0.4186081,1.051881,0.4772996,50
5,0.1393548,0.6704996,0.5687184,51
5,0.288992,0.7344834,0.4530702,52
5,-0.09754995,1.06045,0.502354,53
5,0.3994049,0.9462279,0.4360036,54
5,0.3050218,0.9214715,0.3982961,55
5,-0.3435917,0.8035582,0.5356542,56
5,0.3695582,0.8021809,0.5010377,57
5,-0.3611657,0.6928428,0.6035905,58
5,-0.4740769,0.823333,0.4696425,59
5,-0.491163,0.6561128,0.4975556,60
5,-0.1638312,0.6028852,0.5832518,61
5,0.207973,0.606837,0.4440978,62
5,0.3568868,0.6285788,0.6450792,63
5,0.4701678,0.8865024,0.5135077,64
5,0.4807681,0.7374817,0.3997776,65
5,0.4945419,0.629858,0.6520581,66
5,0.1833881,0.7634553,0.4151012,67
