Case,X,Y,Z,a,v,index
30,-0.09231296,0.6553661,0.5230051,0
30,0.1036015,0.6733572,0.4241547,1
30,0.01235992,0.6099758,0.4140418,2
30,0.2154669,0.6265669,0.4822602,3
30,-0.2740204,0.6724259,0.5907092,4
30,0.3446485,0.6320571,0.4375052,5
30,0.3713085,0.7707636,0.4956612,6
30,-0.1668584,0.7924962,0.4609627,7
30,0.4507063,0.9519517,0.4420303,8
30,-0.3000184,0.8777623,0.4487155,9
30,0.04450941,1.007814,0.4286234,10
30,-0.4381813,0.767274,0.4726346,11
30,0.2577174,0.7533494,0.515019,12
30,-0.4070268,0.6073884,0.5050762,13
30,0.3478838,1.013041,0.4071746,14
30,-0.09455866,1.124677,0.3912446,15
30,-0.06408998,0.9785857,0.5143407,16
30,0.3659194,1.123966,0.4659888,17
30,0.4770021,0.6270764,0.6137719,18
30,0.4947848,1.152555,0.4969377,19
30,0.3144808,0.88965,0.6065133,20
30,0.4901394,0.7652312,0.678679,21
30,0.07217544,1.143998,0.5318319,22
30,0.328065,1.230495,0.4106663,23
30,-0.4099138,1.00484,0.5357939,24
30,0.411155,1.399091,0.5029122,25
30,-0.3480504,1.282832,0.5125566,26
30,-0.4171035,1.191808,0.4106347,27
30,0.2607092,1.432945,0.6161918,28
30,-0.4404407,1.355422,0.5070533,29
30,-0.4888638,1.083289,0.4301171,30
30,-0.462481,0.8916916,0.4018086,31
30,0.4243038,1.542533,0.624312,32
30,0.4598138,1.275589,0.6421306,33
30,-0.3660868,1.522563,0.471861,34
30,0.2492132,1.553217,0.5432069,35
30,0.1300951,1.557388,0.6729081,36
30,-0.06219414,1.501617,0.4489737,37
30,-0.3289775,1.399726,0.4949299,38
30,-0.2322729,1.561256,0.6148351,39
30,-0.485131,1.563861,0.5834461,40
