Case,X,Y,Z,a,v,index
9,0.3488177,0.778896,0.4470539,0
9,0.3008358,0.697028,0.444982,1
9,0.4347376,0.6616335,0.673766,2
9,0.4536091,0.8791662,0.6655242,3
9,0.469316,0.7732154,0.4724829,4
9,0.303499,0.6022884,0.5363839,5
9,0.4362853,1.009791,0.4265674,6
9,0.4921825,1.09003,0.4727226,7
9,0.2136672,1.06798,0.4521917,8
9,0.4540554,1.203233,0.407505,9
9,0.3462772,0.8885531,0.427574,10
9,0.1992872,0.742202,0.4880362,11
9,0.1511558,0.6208963,0.4877506,12
9,0.09459203,0.7237913,0.6234125,13
9,0.3664721,1.22648,0.4232545,14
9,0.01683468,0.6572207,0.4717418,15
9,0.09791124,1.003045,0.5661379,16
9,0.2694829,1.346195,0.5808991,17
9,-0.04950175,0.7397292,0.6673313,18
9,0.4477885,1.34988,0.5578166,19
9,0.05844051,1.102358,0.5245503,20
9,-0.1490551,0.6450445,0.501527,21
9,-0.05454108,0.9386307,0.3945966,22
9,0.2576457,0.8286129,0.4202948,23
9,-0.1833769,0.7980596,0.5553603,24
9,0.1739385,1.182791,0.4242247,25
9,0.06532264,1.192267,0.6240394,26
9,0.3663334,1.414148,0.4279958,27
9,-0.05846703,1.178781,0.5936942,28
9,0.1211624,1.277744,0.5513635,29
9,-0.2739692,0.6033288,0.4276828,30
9,-0.360884,0.802093,0.6837858,31
9,-0.3686657,0.9135329,0.5175571,32
9,-0.271823,0.7781336,0.4211858,33
9,0.3106644,1.544148,0.6302184,34
9,-0.07319194,1.089597,0.4226754,35
9,-0.461977,0.9921564,0.4506844,36
9,-0.4426965,0.7587916,0.57877,37
9,-0.4118688,1.141658,0.6429243,38
9,0.4530125,1.510748,0.46201,39
9,-0.3675558,0.6743289,0.4239825,40
9,-0.4503772,0.6142411,0.6657,41
9,0.4054822,1.590431,0.4203034,42
9,0.4940095,1.42846,0.5074298,43
9,-0.4615832,0.8611921,0.6443506,44
9,-0.1720218,1.029858,0.6449221,45
9,-0.1882941,1.121469,0.6339585,46
9,-0.005484343,1.017635,0.4291244,47
9,-0.4927758,1.080562,0.4975962,48
9,-0.129785,1.282464,0.450277,49
9,0.1338615,1.55652,0.4637029,50
9,0.05117142,1.337271,0.4667673,51
9,0.2737904,1.451555,0.5361955,52
9,0.2217969,1.588822,0.4477575,53
9,-0.0623205,1.34612,0.5987929,54
9,-0.3465214,1.333844,0.6649143,55
9,-0.3321229,1.441937,0.477253,56
9,-0.03568828,1.524695,0.435607,57
9,-0.3659637,1.221476,0.6292931,58
9,-0.4825236,1.350485,0.5301105,59
9,-0.2203856,1.46721,0.587787,60
9,-0.4825652,1.23419,0.5174649,61
9,-0.1104492,1.58437,0.480146,62
9,-0.2681144,1.55238,0.5183195,63
9,0.02951533,1.593865,0.4391552,64
9,-0.4725565,1.452929,0.4193372,65
9,-0.4162961,1.582988,0.5952964,66
9,-0.1087166,1.461608,0.4276268,67
