Case,X,Y,Z,a,v,index
27,-0.4043737,1.023242,0.4482028,0
27,-0.3413654,0.8406861,0.6304806,1
27,-0.2237309,0.8179217,0.4923071,2
27,-0.1360621,1.026659,0.5099223,3
27,-0.08939978,1.183312,0.5985261,4
27,-0.1621246,0.6650287,0.5087305,5
27,-0.007927567,0.6799365,0.5143682,6
27,-0.2774536,0.7105929,0.4214987,7
27,0.1072642,0.6965817,0.5267039,8
27,-0.3681386,0.6182284,0.4898078,9
27,-0.4252845,0.7333893,0.4223299,10
27,-0.446298,0.8808436,0.667888,11
27,0.02956063,1.010132,0.391569,12
27,0.3716919,1.02324,0.514213,13
27,0.1819428,0.8249121,0.4104871,14
27,-0.4915114,0.6105524,0.5139068,15
27,0.1060021,1.090734,0.5638849,16
27,0.301729,0.9285388,0.6236341,17
27,0.2398115,0.6712039,0.5843298,18
27,0.1034955,1.207892,0.4358202,19
27,0.3399343,0.817396,0.3992209,20
27,-0.3602212,1.349825,0.4155897,21
27,-0.4596093,1.15985,0.4967365,22
27,-0.1136853,1.445098,0.5202538,23
27,0.01870543,1.564901,0.5251108,24
27,-0.2197961,1.376015,0.5033167,25
27,0.4458845,1.273794,0.5167559,26
27,0.4837519,1.101624,0.5034988,27
27,0.3263878,1.443631,0.5282345,28
27,0.4580548,0.6942778,0.5396311,29
27,-0.4667735,1.294455,0.5552149,30
27,0.328733,1.309008,0.5609074,31
27,0.179319,1.519936,0.4537948,32
27,-0.4892363,1.402777,0.4857948,33
27,0.4886425,0.8995744,0.4966469,34
27,-0.2597047,1.510701,0.6663033,35
27,0.3473152,1.553221,0.4465627,36
27,0.4812436,1.541495,0.6638618,37
27,0.4376163,1.436062,0.614733,38
27,-0.4740822,1.532675,0.4270315,39
27,-0.09351149,1.599919,0.6407206,40
27,-0.3740522,1.472814,0.4266552,41
27,0.3563902,0.6021509,0.4264217,42
