Case,X,Y,Z,a,v,index
15,-0.2514899,1.049975,0.4698749,0
15,-0.3765767,1.028103,0.5186446,1
15,-0.3250244,0.8787388,0.5963868,2
15,-0.157049,1.030898,0.4001938,3
15,-0.1188707,1.159069,0.4539953,4
15,-0.1783729,0.735019,0.6314709,5
15,-0.05221164,0.7472163,0.5168436,6
15,-0.2727329,0.7722988,0.6320744,7
15,-0.03257033,0.6362029,0.5905969,8
15,0.03165966,0.9217459,0.4195432,9
15,0.1362704,1.04142,0.3877596,10
15,-0.1142328,0.9452485,0.4462201,11
15,-0.3140677,0.6624167,0.6682723,12
15,0.04417622,0.7052257,0.6000891,13
15,-0.347742,1.177143,0.604284,14
15,-0.2290961,0.6047928,0.4638214,15
15,-0.4668721,1.117046,0.5035991,16
15,-0.1186628,0.6642889,0.5582657,17
15,-0.4575211,0.9523044,0.4879729,18
15,-0.4395212,1.216139,0.4503836,19
15,-0.3731313,1.356198,0.3967786,20
15,-0.0008679628,1.059167,0.5144812,21
15,-0.4240541,0.6564543,0.6169794,22
15,-0.4945323,1.341327,0.4518094,23
15,-0.4334149,0.8223709,0.4048454,24
15,0.1885309,0.9556372,0.486728,25
15,0.2384646,1.094679,0.608675,26
15,-0.1436331,1.287358,0.4130157,27
15,-0.2283081,1.457681,0.4514815,28
15,-0.3745559,0.75365,0.6103679,29
15,-0.2862582,1.307155,0.520981,30
15,0.2101701,0.7263932,0.5611994,31
15,-0.4962783,0.7370754,0.4209318,32
15,-0.3908693,1.468725,0.5846513,33
15,-0.4002871,1.566301,0.5173311,34
15,0.1451737,0.6356013,0.4452924,35
15,-0.02644148,1.174369,0.5143253,36
15,-0.4839745,1.515025,0.5301331,37
15,0.2772475,0.8576009,0.5295153,38
15,-0.2826103,1.538617,0.4200528,39
15,0.141388,1.22203,0.5802524,40
15,-0.05218831,1.287675,0.632735,41
15,0.2643947,0.6420445,0.3978607,42
15,-0.1180031,1.551017,0.458446,43
15,0.07734817,1.126274,0.6287228,44
15,0.3323783,1.18156,0.6553079,45
15,0.4964567,1.112132,0.5172998,46
15,0.3624989,1.282096,0.568965,47
15,0.04661661,1.25694,0.4801997,48
15,0.1316653,1.313992,0.4446041,49
15,0.2098472,1.413127,0.6093848,50
15,0.1517617,1.546405,0.5130655,51
15,0.3769392,1.445287,0.4361344,52
15,0.3833847,1.101083,0.6774572,53
15,0.3806496,0.9001234,0.4394566,54
15,0.372864,0.7713265,0.4804292,55
15,0.4235351,0.6814964,0.5187762,56
15,0.02697742,1.519258,0.4520747,57
15,-0.2063714,1.598393,0.5176799,58
15,0.4374571,1.333073,0.4792396,59
15,0.4867771,0.9063942,0.4404897,60
15,0.4833586,1.225502,0.4275634,61
15,0.4841002,0.9981059,0.5460962,62
15,0.4587163,0.8060363,0.4311448,63
15,0.2646864,1.556109,0.4116695,64
15,0.3944745,1.006539,0.6004711,65
15,0.4396834,1.512322,0.6300668,66
15,0.3551027,1.563716,0.4683532,67
15,0.4893495,1.423521,0.6748355,68
