Case,X,Y,Z,modeSelected
32,-0.01982215,0.955097,0.533599,pinch
43,-0.1376089,1.133049,0.5152292,pinch
