Case,X,Y,Z,a,v,index
12,0.3701242,1.182277,0.4111662,0
12,0.4444676,0.9063593,0.4678176,1
12,0.4464175,0.7760707,0.3925001,2
12,0.4508157,1.055449,0.5249732,3
12,0.3671234,0.7092783,0.5098031,4
12,0.4833163,0.6515536,0.460021,5
12,0.2784894,0.7650559,0.4763378,6
12,0.3980064,0.6140435,0.5100778,7
12,0.3440878,0.8480085,0.4325013,8
12,0.282422,0.647531,0.4026788,9
12,0.1961098,0.7117429,0.4247116,10
12,0.4660882,1.20957,0.4416433,11
12,0.08959901,0.9824455,0.6628159,12
12,0.3844547,0.9908252,0.5505376,13
12,0.1337953,0.6122114,0.5549591,14
12,0.009563386,0.6574029,0.4645886,15
12,0.1806495,1.140012,0.6543649,16
12,0.03207695,0.881165,0.41136,17
12,0.2033603,1.012025,0.5557419,18
12,0.03188789,1.153444,0.4766974,19
12,0.37257,1.357161,0.5399798,20
12,-0.12775,0.9879413,0.519277,21
12,-0.09095055,0.6862608,0.4278532,22
12,-0.1839049,0.7346189,0.4344413,23
12,-0.09615824,1.255751,0.4711346,24
12,0.308668,1.443402,0.4310186,25
12,-0.0161126,1.042437,0.5209701,26
12,0.1031228,1.266988,0.6748995,27
12,-0.002684087,1.330394,0.4814396,28
12,0.2113459,1.442386,0.4050557,29
12,-0.1159263,1.124254,0.6476673,30
12,-0.1477376,0.6067415,0.6724615,31
12,-0.3200582,0.815388,0.4238871,32
12,-0.3080754,0.7189139,0.4453693,33
12,-0.2495917,0.634572,0.6185258,34
12,0.09215504,0.7038483,0.6046284,35
12,-0.1917458,1.211375,0.469704,36
12,0.4096038,1.463017,0.6404116,37
12,0.4819146,1.322052,0.4542893,38
12,0.3888232,1.588351,0.6250231,39
12,0.203669,1.573551,0.4509761,40
12,-0.4039194,0.6580697,0.5051764,41
12,0.09507221,1.469456,0.6676809,42
12,-0.02443889,1.455598,0.425359,43
12,-0.4470902,0.8394509,0.5132335,44
12,-0.3998196,0.7513408,0.4165197,45
12,-0.1451267,1.480111,0.4020422,46
12,-0.380179,1.127614,0.4489598,47
12,-0.4805922,0.9823921,0.4637457,48
12,-0.4944677,0.7246354,0.4257041,49
12,-0.28488,1.349129,0.5984375,50
12,-0.4280325,1.26663,0.517313,51
12,-0.2887229,1.445024,0.4987817,52
12,-0.4770563,1.109232,0.6817943,53
12,-0.3801252,1.49747,0.4729866,54
12,0.3036092,1.553356,0.4179156,55
12,-0.3947157,1.015061,0.4254256,56
12,-0.3955244,1.37256,0.4360067,57
12,-0.2868976,1.575961,0.5912576,58
12,0.08557433,1.573303,0.517288,59
12,0.4675968,1.544808,0.5130162,60
12,-0.4768232,1.415926,0.5176977,61
12,-0.4756763,1.589185,0.4556702,62
12,-0.491528,0.6267601,0.6721814,63
12,-0.1375423,1.598808,0.3997888,64
12,-0.006308049,1.573166,0.4343479,65
