Case,X,Y,Z,a,v,index
19,0.2777024,0.8375412,0.4626601,0
19,0.1664311,0.670546,0.4376755,1
19,0.3422856,0.9741812,0.4704342,2
19,0.4003472,1.154662,0.6239039,3
19,0.2638447,0.6128839,0.4274504,4
19,0.3059537,1.315766,0.402008,5
19,0.3984371,0.8395079,0.4217162,6
19,0.4277458,0.6271738,0.5856133,7
19,0.3543562,0.7339152,0.4239149,8
19,0.1216477,1.088341,0.4743148,9
19,-0.05402845,1.171433,0.5137091,10
19,0.4768794,0.7517662,0.5211937,11
19,-0.002332449,1.034669,0.5995218,12
19,-0.1427993,0.747343,0.6522011,13
19,0.4593524,1.056525,0.4232692,14
19,-0.3285619,0.6832511,0.5503802,15
19,-0.1551669,1.116339,0.4521585,16
19,-0.007177621,0.6364384,0.429646,17
19,0.1095927,1.450091,0.5716371,18
19,0.1670853,0.8043686,0.4532523,19
19,-0.490806,0.6745516,0.6298687,20
19,-0.08754757,1.45082,0.5254313,21
19,-0.3920419,0.968031,0.4578863,22
19,0.48711,0.9058129,0.5026407,23
19,-0.3514071,1.211447,0.518003,24
19,-0.1823549,0.6145123,0.5333928,25
19,-0.3712955,0.8320369,0.6553501,26
19,-0.2263582,0.822596,0.5043429,27
19,-0.4560768,1.059562,0.642094,28
19,0.00383532,1.516025,0.4109698,29
19,0.4984918,1.36676,0.4633017,30
19,0.2285853,1.484399,0.5370884,31
19,-0.339658,1.075689,0.4495571,32
19,-0.2927218,1.314997,0.6252718,33
19,0.4307065,1.261246,0.6200809,34
19,-0.2014821,1.431201,0.4371647,35
19,-0.1183228,1.561711,0.5472883,36
19,-0.4787096,0.8862045,0.390234,37
19,0.1500928,1.562711,0.4508324,38
19,0.2666546,1.588521,0.5157436,39
19,-0.4767739,1.220574,0.524591,40
19,-0.3059981,1.480107,0.5696312,41
19,-0.4364218,1.32708,0.4321965,42
19,0.3323421,1.425084,0.4764998,43
19,0.4363207,1.468471,0.6536611,44
19,-0.4561355,1.516689,0.4126333,45
19,0.4200652,1.582513,0.6442401,46
19,-0.263252,1.599532,0.5035357,47
