Case,X,Y,Z,a,v,index
27,-0.4043737,1.023242,0.4899959,0
27,-0.3413654,0.8406861,0.476531,1
27,-0.2237309,0.8179217,0.4117839,2
27,-0.1360621,1.026659,0.4534304,3
27,-0.08939978,1.183312,0.491407,4
27,-0.1621246,0.6650287,0.4800778,5
27,-0.007927567,0.6799365,0.45937,6
27,-0.2774536,0.7105929,0.4178513,7
27,0.1072642,0.6965817,0.5165166,8
27,-0.3681386,0.6182284,0.5496048,9
27,-0.4252845,0.7333893,0.6022451,10
27,-0.446298,0.8808436,0.5926858,11
27,0.02956063,1.010132,0.5232037,12
27,0.3716919,1.02324,0.6165445,13
27,0.1819428,0.8249121,0.4209664,14
27,-0.4915114,0.6105524,0.499936,15
27,0.1060021,1.090734,0.5369701,16
27,0.301729,0.9285388,0.5323819,17
27,0.2398115,0.6712039,0.3977047,18
27,0.1034955,1.207892,0.4286143,19
27,0.3399343,0.817396,0.4970784,20
27,-0.3602212,1.349825,0.4854092,21
27,-0.4596093,1.15985,0.6856482,22
27,-0.1136853,1.445098,0.3959733,23
27,0.01870543,1.564901,0.6680033,24
27,-0.2197961,1.376015,0.4621865,25
27,0.4458845,1.273794,0.6195173,26
27,0.4837519,1.101624,0.4889511,27
27,0.3263878,1.443631,0.6160278,28
27,0.4580548,0.6942778,0.4909987,29
27,-0.4667735,1.294455,0.4103455,30
27,0.328733,1.309008,0.4701376,31
27,0.179319,1.519936,0.4707471,32
27,-0.4892363,1.402777,0.4334244,33
27,0.4886425,0.8995744,0.5632751,34
27,-0.2597047,1.510701,0.5009825,35
27,0.3473152,1.553221,0.4527864,36
27,0.4812436,1.541495,0.4930171,37
27,0.4376163,1.436062,0.6681643,38
27,-0.4740822,1.532675,0.6556556,39
27,-0.09351149,1.599919,0.560944,40
27,-0.3740522,1.472814,0.4880457,41
27,0.3563902,0.6021509,0.4735396,42
