Case,X,Y,Z,a,v,index
7,-0.3197303,0.6194752,0.4724669,0
7,-0.2288994,0.6118518,0.577024,1
7,-0.2684723,0.7655965,0.4384058,2
7,-0.4418626,0.6882902,0.61649,3
7,-0.1092475,0.6071706,0.4428988,4
7,-0.2621471,0.9267849,0.6772791,5
7,-0.01208273,0.6301112,0.5128033,6
7,-0.1771002,0.7084455,0.5073528,7
7,-0.369003,0.7815415,0.5694435,8
7,-0.06178272,0.7246993,0.4673389,9
7,-0.08189976,0.8996423,0.5404239,10
7,-0.02377722,1.038978,0.4688002,11
7,-0.1374396,0.9708613,0.6345172,12
7,0.08221602,0.8925573,0.5417935,13
7,-0.4692136,0.7860814,0.5217547,14
7,0.08616108,0.6794285,0.6341284,15
7,0.05292755,0.9826145,0.4806272,16
7,0.1461641,1.013827,0.5087811,17
7,-0.4787015,0.9138547,0.6177252,18
7,-0.3697257,0.9025645,0.5464307,19
7,0.06514013,1.126018,0.6554331,20
7,0.1775692,1.129011,0.4711628,21
7,-0.4844067,1.062822,0.4819035,22
7,-0.3670008,1.050887,0.5825415,23
7,-0.4484123,1.150846,0.5724196,24
7,0.2574697,0.7207106,0.4001286,25
7,-0.4132518,1.270209,0.4250223,26
7,-0.177464,1.075511,0.654811,27
7,0.2334713,1.377326,0.4127297,28
7,-0.03673741,1.128299,0.6678796,29
7,-0.2002956,1.167941,0.6534568,30
7,0.3736222,0.6859351,0.5651338,31
7,0.08654445,1.316522,0.5028728,32
7,0.1170372,1.21386,0.4581246,33
7,0.378138,0.8843296,0.3979929,34
7,-0.03932703,1.25606,0.5061445,35
7,0.1570682,0.6124464,0.4778063,36
7,-0.4246038,1.398966,0.4263737,37
7,0.3984824,1.011159,0.4999046,38
7,0.2889054,0.6269898,0.4168068,39
7,0.3532325,1.320926,0.5123662,40
7,0.4518052,1.211723,0.5901837,41
7,0.4798469,1.061254,0.661567,42
7,0.08975023,1.469856,0.529936,43
7,0.3646182,0.7896065,0.4601294,44
7,0.4955791,0.8052853,0.3872698,45
7,0.204542,1.478765,0.4437681,46
7,0.3663836,1.165688,0.6072415,47
7,-0.3017452,1.359845,0.4476274,48
7,0.4593034,0.9393228,0.4130343,49
7,0.1559528,1.571309,0.6289216,50
7,0.3182267,1.590528,0.6208383,51
7,0.03726441,1.592769,0.3978822,52
7,0.4865476,0.7129642,0.6475898,53
7,0.4353801,1.377072,0.4823107,54
7,0.3141982,1.447388,0.4197457,55
7,0.446219,0.6164688,0.4130277,56
7,0.4586262,1.570512,0.5202731,57
7,0.4585413,1.477788,0.4035778,58
7,-0.07488546,1.53842,0.5255963,59
7,-0.224272,1.444457,0.5051259,60
7,-0.1784089,1.543609,0.5509242,61
7,-0.4725656,1.50854,0.3974075,62
7,-0.09854433,1.436943,0.4683313,63
7,-0.4996533,1.34722,0.6088967,64
7,-0.2748905,1.584423,0.4280396,65
7,-0.127295,1.223146,0.4189234,66
7,-0.3117619,1.499223,0.5307145,67
7,-0.3768137,1.565236,0.565771,68
