Case,X,Y,Z,a,v,index
2,0.05079788,1.308148,0.4139104,0
2,0.1459917,1.241543,0.5113958,1
2,0.1693931,1.078866,0.5495835,2
2,-0.0791142,1.223945,0.6288342,3
2,0.07027918,0.9611352,0.6796694,4
2,-0.09468779,1.316744,0.6086616,5
2,-0.07863191,1.090083,0.4108339,6
2,0.3448468,1.323277,0.5633317,7
2,0.1690649,0.9452651,0.4719642,8
2,0.04739827,1.205556,0.500191,9
2,0.06696564,1.10451,0.4834329,10
2,0.1252836,1.543598,0.4593433,11
2,-0.1906662,1.095382,0.6648481,12
2,0.3551239,1.467647,0.681805,13
2,0.2571737,1.436243,0.4140353,14
2,0.22158,1.537907,0.5564053,15
2,-0.1890076,0.9789701,0.6421818,16
2,0.3145724,0.8551703,0.5384484,17
2,0.4381212,1.105805,0.5206437,18
2,0.03310418,1.59417,0.6344305,19
2,0.4954886,1.367148,0.5140959,20
2,0.3629673,0.9336675,0.5411685,21
2,-0.07003108,0.9964809,0.6313101,22
2,0.4765726,1.520358,0.4521438,23
2,0.3246013,1.554535,0.6065968,24
2,0.4103707,1.017673,0.4123626,25
2,0.4157097,1.208416,0.5268657,26
2,-0.05328238,1.432814,0.5065603,27
2,0.1747215,0.6907867,0.5164412,28
2,-0.2765987,1.434675,0.6637299,29
2,0.2005388,1.16468,0.5234829,30
2,-0.4699368,1.039769,0.626327,31
2,0.3933087,0.8013205,0.5404108,32
2,-0.1685671,1.468921,0.5397347,33
2,-0.347912,1.167507,0.4270712,34
2,0.2746617,0.7620283,0.4175677,35
2,-0.3304916,1.520158,0.6852663,36
2,-0.1214219,0.8968913,0.4069149,37
2,-0.3169752,1.280689,0.4550402,38
2,-0.08816075,1.55222,0.671257,39
2,-0.3481826,0.9532686,0.4479151,40
2,0.03939092,1.449044,0.4053909,41
2,0.08432215,0.7112563,0.4708881,42
2,-0.4401827,1.58776,0.5492184,43
2,0.4561779,0.9181718,0.5576048,44
2,0.4785457,0.7720386,0.6170578,45
2,-0.2407038,1.541528,0.4054053,46
2,-0.4053341,1.378944,0.4091796,47
2,0.4135481,0.6522281,0.4039139,48
2,-0.4351551,1.492505,0.4260735,49
2,-0.2902859,0.8763486,0.4815989,50
2,0.3218424,0.6032621,0.4169313,51
2,-0.3832163,0.7834972,0.5597857,52
2,-0.4756298,1.290986,0.5595688,53
2,-0.1776757,1.235185,0.5134635,54
2,-0.484624,1.169293,0.3942595,55
2,-0.07033187,0.6573662,0.6508989,56
2,-0.4707502,0.9165218,0.3888175,57
2,-0.4929003,0.7798056,0.510209,58
2,0.01394135,0.6228281,0.4954918,59
2,-0.2207002,0.7783105,0.4175362,60
2,-0.2913744,0.7142367,0.5243885,61
2,-0.1404151,0.7312087,0.5016365,62
2,-0.1889148,0.6383536,0.4574078,63
2,-0.4394311,0.6377807,0.4351899,64
2,-0.2761074,0.6109136,0.4511397,65
2,-0.0189079,0.910104,0.403172,66
