Case,X,Y,Z,a,v,index
30,-0.09231296,0.6553661,0.4033812,0
30,0.1036015,0.6733572,0.6164731,1
30,0.01235992,0.6099758,0.4588062,2
30,0.2154669,0.6265669,0.5166048,3
30,-0.2740204,0.6724259,0.491134,4
30,0.3446485,0.6320571,0.6783452,5
30,0.3713085,0.7707636,0.3891944,6
30,-0.1668584,0.7924962,0.5173995,7
30,0.4507063,0.9519517,0.5151777,8
30,-0.3000184,0.8777623,0.4249335,9
30,0.04450941,1.007814,0.3948241,10
30,-0.4381813,0.767274,0.6219651,11
30,0.2577174,0.7533494,0.6810634,12
30,-0.4070268,0.6073884,0.6634649,13
30,0.3478838,1.013041,0.534115,14
30,-0.09455866,1.124677,0.5232062,15
30,-0.06408998,0.9785857,0.4356982,16
30,0.3659194,1.123966,0.6458714,17
30,0.4770021,0.6270764,0.3912225,18
30,0.4947848,1.152555,0.6385924,19
30,0.3144808,0.88965,0.4619545,20
30,0.4901394,0.7652312,0.3874725,21
30,0.07217544,1.143998,0.5319474,22
30,0.328065,1.230495,0.4061989,23
30,-0.4099138,1.00484,0.5450697,24
30,0.411155,1.399091,0.4364481,25
30,-0.3480504,1.282832,0.6246094,26
30,-0.4171035,1.191808,0.6291569,27
30,0.2607092,1.432945,0.4919733,28
30,-0.4404407,1.355422,0.4943482,29
30,-0.4888638,1.083289,0.4992628,30
30,-0.462481,0.8916916,0.4626928,31
30,0.4243038,1.542533,0.5633693,32
30,0.4598138,1.275589,0.5228805,33
30,-0.3660868,1.522563,0.4325216,34
30,0.2492132,1.553217,0.4408939,35
30,0.1300951,1.557388,0.478148,36
30,-0.06219414,1.501617,0.5148696,37
30,-0.3289775,1.399726,0.5064747,38
30,-0.2322729,1.561256,0.5545307,39
30,-0.485131,1.563861,0.6454361,40
