Case,X,Y,Z,a,v,index
26,0.3588893,0.9727112,0.6401856,0
26,0.4445763,1.120768,0.4818504,1
26,0.2727348,0.8244041,0.4764785,2
26,0.4860983,0.8360485,0.6643364,3
26,0.4961923,0.9492582,0.393384,4
26,0.4133341,0.742942,0.5399169,5
26,0.4821128,1.29802,0.5093622,6
26,0.3383225,1.201219,0.6072816,7
26,0.3596972,1.317145,0.4217268,8
26,0.4996827,0.6452807,0.4735991,9
26,0.2199641,0.6849734,0.6629109,10
26,0.02091908,0.7438676,0.4605291,11
26,0.05184555,1.171961,0.3992097,12
26,0.3126619,1.516245,0.3909466,13
26,0.3536053,0.6493203,0.6342771,14
26,0.4322906,1.512083,0.4376844,15
26,-0.1710542,0.6498024,0.6318717,16
26,0.1229318,1.431629,0.5218597,17
26,-0.04110673,1.458125,0.436538,18
26,0.1335372,1.562632,0.5952133,19
26,-0.05982941,0.6241964,0.4797122,20
26,-0.0555242,1.218474,0.5012721,21
26,0.08615303,1.017264,0.5989477,22
26,-0.1865948,1.451104,0.4395321,23
26,-0.2728754,0.7747773,0.5712386,24
26,0.1039367,0.6485724,0.4613258,25
26,-0.3836118,0.6569952,0.4386227,26
26,-0.2414638,1.547078,0.4079036,27
26,0.1605784,0.7914662,0.3901197,28
26,-0.03829563,1.106578,0.4409927,29
26,-0.3153285,1.427367,0.4443548,30
26,-0.4083531,1.522311,0.4065717,31
26,-0.3947192,0.8408597,0.4056328,32
26,-0.4979753,0.784469,0.4567187,33
26,-0.04310149,1.592506,0.4180055,34
26,-0.3734608,1.235112,0.4015267,35
26,-0.2770919,0.6054934,0.6580557,36
26,-0.4675074,1.299301,0.6636069,37
26,-0.3660882,1.106293,0.4915877,38
26,-0.4800426,1.4105,0.3934061,39
26,-0.3925228,0.9967386,0.6362268,40
26,-0.4781294,0.9149764,0.5163355,41
26,-0.4680358,1.162902,0.4552719,42
26,-0.09689578,0.7324659,0.464106,43
