Case,X,Y,Z,a,v,index
28,0.2374204,1.416169,0.6665061,0
28,0.01707071,1.174902,0.5031657,1
28,0.1169671,1.083888,0.4630772,2
28,0.3886437,1.383337,0.6441001,3
28,-0.1501259,1.511472,0.396437,4
28,0.1741068,1.528488,0.4043063,5
28,0.3574032,1.55749,0.602127,6
28,0.3633232,1.190615,0.484732,7
28,-0.2736042,1.473994,0.4047446,8
28,0.4045701,1.014522,0.5241151,9
28,0.08776224,1.433252,0.4473778,10
28,0.05818027,1.544065,0.606167,11
28,0.1841953,0.783972,0.5551153,12
28,-0.04592878,1.585732,0.6027023,13
28,0.01133364,0.9981082,0.4485682,14
28,-0.1376089,1.133049,0.4803764,15
28,0.4812289,1.55835,0.5087149,16
28,0.3913856,0.8451251,0.579219,17
28,-0.3587896,1.569553,0.4082815,18
28,-0.4691948,1.564839,0.4373985,19
28,-0.402465,1.395509,0.4824841,20
28,0.4987053,1.432522,0.4856099,21
28,0.2859144,0.8824232,0.6825619,22
28,-0.2344298,1.596866,0.4827578,23
28,-0.269043,1.351736,0.409514,24
28,-0.03835362,0.7215165,0.5146303,25
28,-0.4881066,1.197614,0.6630459,26
28,-0.4869292,1.310638,0.4457483,27
28,-0.4715477,1.08322,0.5717635,28
28,0.4624163,0.7373957,0.5364925,29
28,-0.2286435,0.7129505,0.4191316,30
28,-0.4012097,0.9936879,0.5846204,31
28,0.3526391,0.6969854,0.568873,32
28,-0.3666611,1.127537,0.4412083,33
28,0.1518359,0.6408662,0.5022839,34
28,0.4897081,1.300762,0.5366732,35
28,-0.2991646,0.8779497,0.490945,36
28,0.43754,0.6008942,0.4419641,37
28,-0.4450197,0.783393,0.5299945,38
28,0.3079759,1.291732,0.6637957,39
28,-0.344888,0.6615737,0.4703684,40
28,-0.4813432,0.6105803,0.4026032,41
28,0.2669009,0.6119646,0.4484945,42
28,0.4741753,1.166401,0.451388,43
28,-0.1079799,0.6355541,0.5563492,44
28,-0.4980966,0.9363323,0.4548554,45
28,0.03700984,0.6349926,0.5419665,46
