Case,X,Y,Z,a,v,index
4,0.3928602,0.9319798,0.5499894,0
4,0.3870795,1.095788,0.5618671,1
4,0.4171665,0.8068701,0.4392329,2
4,0.4844628,1.198757,0.4370239,3
4,0.3665894,1.248484,0.4591343,4
4,0.4995946,1.094292,0.6309589,5
4,0.3406392,1.370426,0.5537457,6
4,0.3533887,1.460254,0.507168,7
4,0.2779704,1.287637,0.6602328,8
4,0.4577059,1.284877,0.6407335,9
4,0.4731413,0.9768555,0.5014412,10
4,0.1951841,1.091925,0.4925469,11
4,0.1532867,1.190755,0.5475719,12
4,0.222015,1.447513,0.3993396,13
4,0.1834417,0.955593,0.4069073,14
4,0.4814941,1.373415,0.6860483,15
4,0.08935606,1.486865,0.5808972,16
4,0.2759793,1.562228,0.3969527,17
4,0.05329329,1.271901,0.5691744,18
4,0.06112123,1.04604,0.6755478,19
4,0.4321125,1.512334,0.4044749,20
4,0.04607958,0.8756838,0.4069398,21
4,0.1697345,1.593564,0.5251967,22
4,-0.006830394,1.173457,0.5498149,23
4,0.364178,1.586135,0.5928614,24
4,-0.09587669,1.270222,0.4644068,25
4,0.2156248,0.8118621,0.5002293,26
4,0.1674726,0.6480886,0.6052157,27
4,0.09865314,0.7440937,0.502002,28
4,-0.126202,1.161137,0.397532,29
4,0.07942116,0.6221603,0.3977515,30
4,0.477481,0.6392059,0.5628903,31
4,0.4214007,0.7166036,0.4039115,32
4,0.3175611,0.8377501,0.5983641,33
4,0.01867467,1.553024,0.4288504,34
4,0.35583,0.6402331,0.4513912,35
4,-0.07558656,1.028015,0.6409214,36
4,-0.05707234,1.491649,0.4346838,37
4,0.2728764,0.7059397,0.6785532,38
4,-0.1807685,1.017952,0.6453543,39
4,-0.008920401,0.7009346,0.4640358,40
4,-0.3394679,1.238357,0.4730803,41
4,-0.1998626,1.526071,0.4776239,42
4,-0.3262774,1.333005,0.5956244,43
4,-0.1624483,0.7004294,0.5051573,44
4,-0.003245026,0.9687978,0.5256249,45
4,-0.05698285,0.6232783,0.636218,46
4,-0.3911032,0.8021678,0.6458602,47
4,-0.3685863,1.058924,0.6055798,48
4,-0.2979271,0.61435,0.4440732,49
4,-0.06178674,0.7834869,0.5955637,50
4,-0.3805791,0.9324174,0.425616,51
4,-0.1330408,1.594822,0.3884162,52
4,-0.4479376,1.013614,0.4247898,53
4,-0.2860168,1.552818,0.4587854,54
4,-0.3984408,1.159038,0.4854211,55
4,-0.2963307,1.440388,0.5586919,56
4,-0.4727394,0.9153337,0.4133443,57
4,-0.4393538,1.595273,0.5668672,58
4,-0.3647738,0.7074432,0.6440626,59
4,-0.2845776,0.7512997,0.4676163,60
4,-0.4689756,1.27928,0.5031533,61
4,-0.4934732,0.6705472,0.5668194,62
4,-0.4886606,0.805245,0.4426438,63
4,-0.4916692,1.094366,0.5529588,64
4,-0.4416841,1.431305,0.4782205,65
4,-0.4026059,0.6243059,0.5466837,66
4,-0.1953973,0.6158762,0.6363956,67
4,-0.179695,1.429937,0.5311152,68
4,0.2566507,0.6067536,0.4550163,69
