Case,X,Y,Z,a,v,index
15,-0.2514899,1.049975,0.5332735,0
15,-0.3765767,1.028103,0.388795,1
15,-0.3250244,0.8787388,0.4975404,2
15,-0.157049,1.030898,0.4010597,3
15,-0.1188707,1.159069,0.4620251,4
15,-0.1783729,0.735019,0.6733601,5
15,-0.05221164,0.7472163,0.6618119,6
15,-0.2727329,0.7722988,0.5531738,7
15,-0.03257033,0.6362029,0.6312948,8
15,0.03165966,0.9217459,0.6568191,9
15,0.1362704,1.04142,0.4827026,10
15,-0.1142328,0.9452485,0.421835,11
15,-0.3140677,0.6624167,0.5139177,12
15,0.04417622,0.7052257,0.4995618,13
15,-0.347742,1.177143,0.5200347,14
15,-0.2290961,0.6047928,0.3902785,15
15,-0.4668721,1.117046,0.6680579,16
15,-0.1186628,0.6642889,0.3875245,17
15,-0.4575211,0.9523044,0.5603701,18
15,-0.4395212,1.216139,0.4572083,19
15,-0.3731313,1.356198,0.4693752,20
15,-0.0008679628,1.059167,0.3963221,21
15,-0.4240541,0.6564543,0.5138443,22
15,-0.4945323,1.341327,0.5125504,23
15,-0.4334149,0.8223709,0.5357869,24
15,0.1885309,0.9556372,0.5969777,25
15,0.2384646,1.094679,0.5363736,26
15,-0.1436331,1.287358,0.5364614,27
15,-0.2283081,1.457681,0.4509348,28
15,-0.3745559,0.75365,0.4139468,29
15,-0.2862582,1.307155,0.4279396,30
15,0.2101701,0.7263932,0.4565689,31
15,-0.4962783,0.7370754,0.4109272,32
15,-0.3908693,1.468725,0.6304228,33
15,-0.4002871,1.566301,0.4665775,34
15,0.1451737,0.6356013,0.643327,35
15,-0.02644148,1.174369,0.3975938,36
15,-0.4839745,1.515025,0.4929608,37
15,0.2772475,0.8576009,0.5239153,38
15,-0.2826103,1.538617,0.5560211,39
15,0.141388,1.22203,0.4193939,40
15,-0.05218831,1.287675,0.5190068,41
15,0.2643947,0.6420445,0.4864412,42
15,-0.1180031,1.551017,0.535016,43
15,0.07734817,1.126274,0.6830592,44
15,0.3323783,1.18156,0.6659048,45
15,0.4964567,1.112132,0.398051,46
15,0.3624989,1.282096,0.4077564,47
15,0.04661661,1.25694,0.4655384,48
15,0.1316653,1.313992,0.6657081,49
15,0.2098472,1.413127,0.4632515,50
15,0.1517617,1.546405,0.4760048,51
15,0.3769392,1.445287,0.4978234,52
15,0.3833847,1.101083,0.5055257,53
15,0.3806496,0.9001234,0.4633579,54
15,0.372864,0.7713265,0.4929545,55
15,0.4235351,0.6814964,0.6559847,56
15,0.02697742,1.519258,0.4935478,57
15,-0.2063714,1.598393,0.4698169,58
15,0.4374571,1.333073,0.5163815,59
15,0.4867771,0.9063942,0.674701,60
15,0.4833586,1.225502,0.4627169,61
15,0.4841002,0.9981059,0.5074221,62
15,0.4587163,0.8060363,0.582206,63
15,0.2646864,1.556109,0.4830776,64
15,0.3944745,1.006539,0.4179442,65
15,0.4396834,1.512322,0.4912282,66
15,0.3551027,1.563716,0.516648,67
15,0.4893495,1.423521,0.6841501,68
