Case,X,Y,Z,a,v,index
18,-0.3197303,0.6194752,0.4795021,0
18,-0.2087148,0.6101577,0.5453837,1
18,-0.2570816,0.7980679,0.4799733,2
18,-0.4690032,0.7035824,0.4299348,3
18,-0.0624736,0.6044362,0.6130516,4
18,0.05628341,0.6324747,0.4627135,5
18,-0.1454047,0.7282166,0.4547321,6
18,-0.3799525,0.8175563,0.6310748,7
18,-0.00446102,0.7480824,0.4841719,8
18,-0.02904853,0.9619017,0.6804776,9
18,0.04199016,1.132201,0.5860038,10
18,-0.09693056,1.048947,0.4020526,11
18,-0.4669473,0.888384,0.6404022,12
18,0.1763592,0.6927515,0.4821195,13
18,0.1357405,1.063312,0.3879904,14
18,0.2421894,0.8051753,0.4839933,15
18,0.3385248,1.003764,0.4533477,16
18,-0.3852154,0.9737144,0.4150496,17
18,-0.4813076,1.145322,0.4753496,18
18,-0.4830022,1.026774,0.402385,19
18,-0.05220798,1.223658,0.4745163,20
18,0.3857364,0.7432073,0.5110131,21
18,-0.06575927,1.471786,0.5025902,22
18,0.2772986,0.9111686,0.6612515,23
18,0.0461691,1.477745,0.6155381,24
18,0.1881331,1.435242,0.3949026,25
18,-0.05229598,1.587889,0.5309894,26
18,0.431295,0.8449447,0.396405,27
18,-0.2369038,1.430692,0.4333861,28
18,-0.3618361,1.267425,0.4090917,29
18,0.3197973,1.405741,0.5194371,30
18,0.297629,0.6198196,0.4851987,31
18,0.1581602,1.557489,0.58417,32
18,-0.2277676,1.585827,0.4901971,33
18,0.4473408,1.089912,0.4519722,34
18,-0.3464934,1.466601,0.4503178,35
18,0.4660434,1.202582,0.4947532,36
18,-0.466611,1.316482,0.6171424,37
18,0.4438223,0.6372915,0.3946391,38
18,-0.4563255,1.553414,0.5261875,39
18,-0.4967608,1.444587,0.5375911,40
18,-0.3451278,1.590344,0.5086678,41
18,0.3506388,1.560984,0.4592525,42
18,0.4849116,1.592799,0.472149,43
18,0.4533786,1.38444,0.3968259,44
18,0.4554065,0.9736408,0.6769668,45
