Case,X,Y,Z,a,v,index
25,-0.2139462,1.558106,0.5092317,0
25,-0.312893,1.363231,0.6339391,1
25,-0.1634072,1.425771,0.5224743,2
25,-0.3818776,1.513147,0.3972822,3
25,-0.4139592,1.297595,0.4578131,4
25,-0.4787642,1.571647,0.4636138,5
25,-0.4879319,1.119081,0.5314951,6
25,-0.02884799,1.574603,0.5039104,7
25,-0.3709755,1.188385,0.6379905,8
25,-0.1203653,1.13903,0.5067464,9
25,0.07355362,1.051338,0.509672,10
25,-0.347259,1.022236,0.397036,11
25,-0.4823675,1.454529,0.4418823,12
25,0.008552849,1.213364,0.40909,13
25,-0.04575506,0.9980557,0.493345,14
25,0.1665425,1.538146,0.38967,15
25,3.385544E-05,1.447765,0.5756134,16
25,-0.3680019,0.8980531,0.419445,17
25,-0.4881732,0.9372178,0.6668068,18
25,-0.3772328,0.7559019,0.4883212,19
25,-0.2645843,0.8185373,0.5325936,20
25,-0.2186997,0.6059503,0.6348171,21
25,0.2025394,0.7262005,0.5231581,22
25,0.411364,0.7432996,0.6023181,23
25,0.03496486,0.646644,0.6559896,24
25,-0.1395552,0.7348905,0.4886335,25
25,0.1429704,0.6020206,0.4064361,26
25,-0.3421207,0.6203352,0.6127598,27
25,0.2671021,1.491992,0.4207487,28
25,0.3027369,0.8099682,0.4526857,29
25,0.4015216,0.8833902,0.5336285,30
25,0.3538025,1.033955,0.5285261,31
25,0.3916457,1.46385,0.4095272,32
25,0.4734548,1.088447,0.5166708,33
25,0.3053972,0.640545,0.4076102,34
25,0.324824,1.224478,0.6469494,35
25,0.4673586,1.296658,0.4604035,36
25,0.3530414,1.359789,0.5799581,37
25,-0.4988022,0.6248736,0.4555004,38
25,0.4886268,0.6160533,0.4982068,39
25,0.3725733,1.594157,0.5465448,40
25,-0.478303,0.81604,0.5887836,41
25,0.4835764,1.567441,0.5151141,42
