Case,X,Y,Z,a,v,index
29,-0.1152269,1.459708,0.4943706,0
29,0.08639407,1.14352,0.6626364,1
29,-0.2957572,1.355853,0.4972718,2
29,-0.1006594,1.210386,0.4757714,3
29,0.1747785,1.422019,0.5686269,4
29,0.0797019,1.585255,0.4637955,5
29,0.3974426,1.175603,0.5166025,6
29,0.1339665,1.035326,0.530778,7
29,0.2134618,1.578127,0.6291035,8
29,0.2675947,1.354327,0.6466202,9
29,0.3676519,0.9931097,0.6626141,10
29,-0.1867914,1.375142,0.4155329,11
29,-0.4080095,1.388047,0.4051914,12
29,0.3123724,1.482345,0.545787,13
29,0.003992617,1.487729,0.4900842,14
29,-0.2670633,1.576562,0.6415955,15
29,0.4307281,1.530177,0.4282582,16
29,-0.2237729,0.7959017,0.6152537,17
29,-0.418207,1.518465,0.6743923,18
29,0.422358,1.407844,0.5797994,19
29,-0.3420761,0.8170471,0.5527005,20
29,-0.3194771,1.469309,0.5981548,21
29,-0.005096912,1.042447,0.4771593,22
29,-0.1188856,1.575455,0.630725,23
29,0.4711949,0.8552654,0.4322322,24
29,-0.3687426,1.267335,0.3944916,25
29,-0.3698151,1.004688,0.5652856,26
29,-0.09956709,0.7048731,0.500133,27
29,0.01950109,1.240084,0.4855509,28
29,-0.3650328,0.6819937,0.6359961,29
29,-0.4998064,0.8295761,0.40233,30
29,-0.4837612,0.945189,0.3954975,31
29,0.1039754,0.7678976,0.5883259,32
29,-0.4697825,1.084587,0.5816382,33
29,0.08473557,0.6127239,0.4788277,34
29,-0.2064633,0.6379846,0.4010018,35
29,0.4887085,1.049595,0.4996421,36
29,0.2644665,0.6705368,0.4220766,37
29,0.3045452,0.7759336,0.4088012,38
29,-0.4996241,1.242079,0.6611036,39
29,0.3852997,1.299301,0.6798967,40
29,-0.4974052,0.6693391,0.4931947,41
29,0.4931325,1.24607,0.4039951,42
29,0.4408292,0.627739,0.4393798,43
29,0.4145756,0.7570799,0.5199273,44
29,0.3012792,0.8860451,0.5491022,45
29,-0.02699968,0.600678,0.4736726,46
