Case,X,Y,Z,a,v,index
35,0.009501994,1.167466,0.430848,0
35,0.1867266,1.462806,0.6801866,1
35,-0.09964421,1.560996,0.5516096,2
35,0.4607139,1.235311,0.5512491,3
35,-0.09557852,1.443615,0.6758205,4
35,0.4994676,1.111667,0.4955988,5
35,0.4908717,1.357578,0.6037897,6
35,-0.2088888,1.513801,0.518051,7
35,0.3572323,1.485583,0.4005613,8
35,0.4905676,1.503937,0.5268477,9
35,0.4629035,0.955566,0.5959672,10
35,0.3882641,1.591805,0.6476514,11
35,0.2695013,1.572758,0.5195782,12
35,0.3607178,1.316786,0.6062416,13
35,-0.2690013,1.350988,0.4355474,14
35,0.2826281,1.394963,0.6162365,15
35,0.0120346,1.052443,0.4578686,16
35,0.07632858,1.554364,0.4551306,17
35,-0.02103782,0.6345962,0.6369106,18
35,-0.1466841,1.075139,0.6196654,19
35,0.2457824,0.8231745,0.40122,20
35,-0.1689799,0.7627676,0.5100498,21
35,-0.06207523,0.9589568,0.5146338,22
35,-0.2844818,0.9043791,0.4655021,23
35,-0.3922611,1.213108,0.5063316,24
35,0.1517232,0.6683275,0.4947501,25
35,-0.4645724,1.385281,0.5147247,26
35,-0.4812332,1.020087,0.5012729,27
35,-0.4058843,0.850158,0.4789036,28
35,0.4134564,0.7548617,0.4535497,29
35,-0.494221,1.142682,0.619229,30
35,0.2820135,0.6767685,0.4750435,31
35,-0.4986836,1.598936,0.4899102,32
35,-0.3259166,1.523617,0.5162016,33
35,-0.2594055,0.6900633,0.4907023,34
35,0.04998565,0.7735882,0.4392202,35
35,0.3518623,0.8958032,0.619349,36
35,-0.1714083,0.6104065,0.6102409,37
35,0.4850643,0.6582474,0.6376017,38
35,-0.3655504,0.6531602,0.4515756,39
35,0.3784437,0.6016917,0.500796,40
35,0.4927448,0.8483266,0.3904582,41
35,-0.3169044,0.7844891,0.5210948,42
35,-0.4892783,0.7243062,0.6782497,43
