Case,X,Y,Z,a,v,index
41,0.3588893,0.9727112,0.5559847,0
41,0.4445763,1.120768,0.4428629,1
41,0.2727348,0.8244041,0.4403133,2
41,0.4860983,0.8360485,0.6360577,3
41,0.4961923,0.9492582,0.6301003,4
41,0.4133341,0.742942,0.4162677,5
41,0.4821128,1.29802,0.6266767,6
41,0.3383225,1.201219,0.5779623,7
41,0.3596972,1.317145,0.6169195,8
41,0.4996827,0.6452807,0.5210622,9
41,0.2199641,0.6849734,0.4280204,10
41,0.02091908,0.7438676,0.4634528,11
41,0.05184555,1.171961,0.4284772,12
41,0.3126619,1.516245,0.6861441,13
41,0.3536053,0.6493203,0.5312329,14
41,0.4322906,1.512083,0.4196852,15
41,-0.1710542,0.6498024,0.5274466,16
41,0.1229318,1.431629,0.5895097,17
41,-0.04110673,1.458125,0.4786732,18
41,0.1335372,1.562632,0.4091927,19
41,-0.05982941,0.6241964,0.3927397,20
41,-0.0555242,1.218474,0.4317029,21
41,0.08615303,1.017264,0.6661328,22
41,-0.1865948,1.451104,0.4027357,23
41,-0.2728754,0.7747773,0.4328547,24
41,0.1039367,0.6485724,0.4211524,25
41,-0.3836118,0.6569952,0.4502243,26
41,-0.2414638,1.547078,0.4311101,27
41,0.1605784,0.7914662,0.391176,28
41,-0.03829563,1.106578,0.5217547,29
41,-0.3153285,1.427367,0.4719071,30
41,-0.4083531,1.522311,0.4630936,31
41,-0.3947192,0.8408597,0.4152109,32
41,-0.4979753,0.784469,0.390973,33
41,-0.04310149,1.592506,0.4219854,34
41,-0.3734608,1.235112,0.5310453,35
41,-0.2770919,0.6054934,0.4606853,36
41,-0.4675074,1.299301,0.4269703,37
41,-0.3660882,1.106293,0.4571892,38
41,-0.4800426,1.4105,0.4140656,39
41,-0.3925228,0.9967386,0.5746167,40
41,-0.4781294,0.9149764,0.6344853,41
41,-0.4680358,1.162902,0.4201107,42
41,-0.09689578,0.7324659,0.6129315,43
