Case,X,Y,Z,a,v,index
20,-0.4236917,1.379919,0.490375,0
20,-0.3510343,1.262049,0.5145762,1
20,-0.3361703,1.401426,0.6381366,2
20,-0.2401728,1.387114,0.4823264,3
20,-0.2411543,1.5293,0.4147928,4
20,-0.3230801,1.584775,0.4938837,5
20,-0.3627274,1.492598,0.4437251,6
20,-0.4580184,1.515637,0.4589989,7
20,-0.1536907,1.287405,0.5239119,8
20,-0.05333394,1.303264,0.6207236,9
20,-0.05583203,1.143731,0.4499511,10
20,-0.07240149,1.501744,0.4720495,11
20,-0.1364601,1.570014,0.3971369,12
20,-0.471402,1.3013,0.4892259,13
20,0.02413112,1.492545,0.5242672,14
20,-0.1672006,1.120064,0.5656464,15
20,0.1189915,1.497894,0.5554029,16
20,0.2345369,1.550643,0.4334111,17
20,0.3629864,1.469936,0.4962828,18
20,0.1232017,1.228761,0.4105805,19
20,0.2808809,1.369057,0.5051581,20
20,0.08693916,1.057127,0.587431,21
20,-0.4637375,1.189993,0.4807197,22
20,-0.1352412,0.9581932,0.6457758,23
20,0.3867007,1.30795,0.4184292,24
20,-0.009540647,1.581754,0.6475528,25
20,0.3399487,1.200396,0.4451124,26
20,0.2704908,1.461383,0.3883627,27
20,0.4069086,1.589145,0.519352,28
20,-0.04334083,0.9708633,0.5263019,29
20,0.2017173,1.167466,0.4735349,30
20,-0.007267088,0.871531,0.4317803,31
20,-0.2159352,0.9983559,0.5640816,32
20,0.09386945,1.591269,0.4058179,33
20,0.02137649,1.193545,0.4015786,34
20,-0.4985571,1.030431,0.6854346,35
20,-0.4144136,0.9731382,0.4291328,36
20,0.0853501,0.9439493,0.4097356,37
20,0.4943095,1.555588,0.4917147,38
20,0.4562805,1.378667,0.4785601,39
20,-0.270602,0.8584629,0.6017113,40
20,0.2002844,0.9856838,0.6789489,41
20,0.4247269,1.155584,0.5026575,42
20,-0.1098399,0.7017295,0.5097276,43
20,-0.3872759,1.125813,0.4388473,44
20,-0.3302666,0.927451,0.4750227,45
20,-0.2691538,0.6720788,0.4579858,46
20,-0.3409866,1.028156,0.4721335,47
20,0.006391108,0.7155195,0.5412737,48
20,0.008321166,0.6248311,0.484241,49
20,0.4186081,1.051881,0.4608089,50
20,0.1393548,0.6704996,0.4785679,51
20,0.288992,0.7344834,0.5165296,52
20,-0.09754995,1.06045,0.5792487,53
20,0.3994049,0.9462279,0.3893007,54
20,0.3050218,0.9214715,0.3973809,55
20,-0.3435917,0.8035582,0.5075535,56
20,0.3695582,0.8021809,0.4941841,57
20,-0.3611657,0.6928428,0.5879902,58
20,-0.4740769,0.823333,0.4091324,59
20,-0.491163,0.6561128,0.4732907,60
20,-0.1638312,0.6028852,0.6455895,61
20,0.207973,0.606837,0.4051744,62
20,0.3568868,0.6285788,0.439668,63
20,0.4701678,0.8865024,0.5884864,64
20,0.4807681,0.7374817,0.6750219,65
20,0.4945419,0.629858,0.4083325,66
20,0.1833881,0.7634553,0.5948304,67
