Case,X,Y,Z,a,v,index
39,0.3399369,1.216096,0.5775536,0
39,0.06045675,1.242463,0.5843903,1
39,0.09575808,1.128646,0.4734934,2
39,-0.04675952,1.160851,0.394966,3
39,0.324496,0.9866744,0.5031162,4
39,0.1130248,0.7565259,0.4601121,5
39,0.4371348,1.323224,0.5239024,6
39,0.01219052,0.993651,0.5579115,7
39,0.4899578,1.448773,0.5248515,8
39,-0.08088779,0.7157208,0.3896185,9
39,0.2798242,1.393262,0.4477842,10
39,0.4326222,1.079491,0.4086128,11
39,0.231475,1.499813,0.5185694,12
39,0.1813222,0.66944,0.4741584,13
39,0.2114862,0.8323228,0.4524351,14
39,0.347777,1.531862,0.680717,15
39,0.04579347,0.6181342,0.4170398,16
39,0.3789772,0.7554146,0.3879027,17
39,0.4534262,0.9606633,0.6458503,18
39,-0.1630268,0.6355991,0.6744975,19
39,0.4731272,1.594054,0.6593418,20
39,0.3481997,0.8743489,0.5223104,21
39,-0.09415591,1.049701,0.4192608,22
39,-0.3062166,0.7568684,0.4086266,23
39,0.09968913,1.580411,0.4027327,24
39,-0.01366416,1.448282,0.4580507,25
39,0.4947066,0.8434402,0.4376248,26
39,0.4692273,0.666739,0.4884235,27
39,0.3015789,0.6701624,0.5670214,28
39,-0.2236644,1.392837,0.6657499,29
39,-0.3491482,0.8810123,0.4601194,30
39,-0.08311296,1.559227,0.3953297,31
39,0.4901053,1.173903,0.6313233,32
39,-0.4858206,0.7401143,0.5180343,33
39,-0.4827951,0.8773026,0.3952666,34
39,-0.3259304,1.586941,0.6476654,35
39,-0.3852929,0.6316778,0.6867435,36
39,-0.4429477,1.002318,0.4836349,37
39,-0.4158984,1.272499,0.4523469,38
39,-0.4854766,1.113615,0.4490733,39
39,-0.2744391,0.6213977,0.4215618,40
39,-0.3660442,1.457761,0.5156011,41
39,-0.2118069,1.579481,0.5677987,42
39,-0.4868219,1.46849,0.4069999,43
39,-0.4970936,0.6127017,0.5868603,44
39,-0.3013878,1.302453,0.453909,45
