Case,X,Y,Z,a,v,index
45,-0.09231296,0.6553661,0.4668478,0
45,0.1036015,0.6733572,0.4833095,1
45,0.01235992,0.6099758,0.4347929,2
45,0.2154669,0.6265669,0.3926814,3
45,-0.2740204,0.6724259,0.428687,4
45,0.3446485,0.6320571,0.4346841,5
45,0.3713085,0.7707636,0.4217019,6
45,-0.1668584,0.7924962,0.4018217,7
45,0.4507063,0.9519517,0.3876442,8
45,-0.3000184,0.8777623,0.5723528,9
45,0.04450941,1.007814,0.4555122,10
45,-0.4381813,0.767274,0.4612023,11
45,0.2577174,0.7533494,0.6581716,12
45,-0.4070268,0.6073884,0.4048349,13
45,0.3478838,1.013041,0.5531008,14
45,-0.09455866,1.124677,0.4594953,15
45,-0.06408998,0.9785857,0.4566597,16
45,0.3659194,1.123966,0.677547,17
45,0.4770021,0.6270764,0.4825194,18
45,0.4947848,1.152555,0.5487529,19
45,0.3144808,0.88965,0.4490117,20
45,0.4901394,0.7652312,0.5573864,21
45,0.07217544,1.143998,0.55436,22
45,0.328065,1.230495,0.5007749,23
45,-0.4099138,1.00484,0.3945031,24
45,0.411155,1.399091,0.5323701,25
45,-0.3480504,1.282832,0.598167,26
45,-0.4171035,1.191808,0.6365372,27
45,0.2607092,1.432945,0.4863345,28
45,-0.4404407,1.355422,0.4102041,29
45,-0.4888638,1.083289,0.5266885,30
45,-0.462481,0.8916916,0.4803794,31
45,0.4243038,1.542533,0.4959966,32
45,0.4598138,1.275589,0.6728463,33
45,-0.3660868,1.522563,0.4417712,34
45,0.2492132,1.553217,0.5876946,35
45,0.1300951,1.557388,0.528275,36
45,-0.06219414,1.501617,0.3931104,37
45,-0.3289775,1.399726,0.4206915,38
45,-0.2322729,1.561256,0.4158575,39
45,-0.485131,1.563861,0.5481985,40
