Case,X,Y,Z,a,v,index
30,-0.2514899,1.049975,0.6774061,0
30,-0.3765767,1.028103,0.4415384,1
30,-0.3250244,0.8787388,0.4094976,2
30,-0.157049,1.030898,0.4103251,3
30,-0.1188707,1.159069,0.463484,4
30,-0.1783729,0.735019,0.5661889,5
30,-0.05221164,0.7472163,0.3934301,6
30,-0.2727329,0.7722988,0.6813514,7
30,-0.03257033,0.6362029,0.6131235,8
30,0.03165966,0.9217459,0.5229789,9
30,0.1362704,1.04142,0.5079639,10
30,-0.1142328,0.9452485,0.4205227,11
30,-0.3140677,0.6624167,0.5301675,12
30,0.04417622,0.7052257,0.6375152,13
30,-0.347742,1.177143,0.408653,14
30,-0.2290961,0.6047928,0.5333772,15
30,-0.4668721,1.117046,0.5068611,16
30,-0.1186628,0.6642889,0.4114906,17
30,-0.4575211,0.9523044,0.3969609,18
30,-0.4395212,1.216139,0.6397799,19
30,-0.3731313,1.356198,0.5007316,20
30,-0.0008679628,1.059167,0.5090488,21
30,-0.4240541,0.6564543,0.4337436,22
30,-0.4945323,1.341327,0.5717418,23
30,-0.4334149,0.8223709,0.4210396,24
30,0.1885309,0.9556372,0.4875138,25
30,0.2384646,1.094679,0.6162176,26
30,-0.1436331,1.287358,0.4548336,27
30,-0.2283081,1.457681,0.4505706,28
30,-0.3745559,0.75365,0.5089672,29
30,-0.2862582,1.307155,0.3950734,30
30,0.2101701,0.7263932,0.6440957,31
30,-0.4962783,0.7370754,0.5807101,32
30,-0.3908693,1.468725,0.4854167,33
30,-0.4002871,1.566301,0.6267321,34
30,0.1451737,0.6356013,0.6509453,35
30,-0.02644148,1.174369,0.4949848,36
30,-0.4839745,1.515025,0.6648626,37
30,0.2772475,0.8576009,0.6808054,38
30,-0.2826103,1.538617,0.5220916,39
30,0.141388,1.22203,0.5086123,40
30,-0.05218831,1.287675,0.6208994,41
30,0.2643947,0.6420445,0.4005565,42
30,-0.1180031,1.551017,0.5696802,43
30,0.07734817,1.126274,0.429265,44
30,0.3323783,1.18156,0.4261723,45
30,0.4964567,1.112132,0.5061843,46
30,0.3624989,1.282096,0.5345632,47
30,0.04661661,1.25694,0.4925576,48
30,0.1316653,1.313992,0.6095363,49
30,0.2098472,1.413127,0.4437346,50
30,0.1517617,1.546405,0.6091118,51
30,0.3769392,1.445287,0.6566136,52
30,0.3833847,1.101083,0.5225971,53
30,0.3806496,0.9001234,0.42942,54
30,0.372864,0.7713265,0.4709911,55
30,0.4235351,0.6814964,0.5129792,56
30,0.02697742,1.519258,0.4626303,57
30,-0.2063714,1.598393,0.4725448,58
30,0.4374571,1.333073,0.5483801,59
30,0.4867771,0.9063942,0.4820039,60
30,0.4833586,1.225502,0.3990025,61
30,0.4841002,0.9981059,0.6382571,62
30,0.4587163,0.8060363,0.524563,63
30,0.2646864,1.556109,0.6101596,64
30,0.3944745,1.006539,0.50243,65
30,0.4396834,1.512322,0.4550505,66
30,0.3551027,1.563716,0.5147421,67
30,0.4893495,1.423521,0.5976644,68
