Case,X,Y,Z,a,v,index
36,0.1503742,1.105453,0.4383323,0
36,0.2652519,0.8869836,0.4810871,1
36,0.00965488,1.110198,0.4629304,2
36,0.4148624,1.108986,0.4120776,3
36,0.2683337,1.404044,0.6263522,4
36,0.3990864,1.320777,0.3892581,5
36,-0.1407425,1.160795,0.4363482,6
36,0.125744,1.492939,0.5893667,7
36,-0.1260976,1.458038,0.4000258,8
36,-0.03289402,1.001854,0.4381701,9
36,0.4333869,1.512408,0.6602448,10
36,0.04926842,1.572926,0.4146755,11
36,0.4902207,1.1929,0.5907284,12
36,0.2572667,1.514809,0.6133095,13
36,-0.1939112,1.367578,0.6304855,14
36,0.4098923,0.9534307,0.4365152,15
36,0.4287662,0.7709529,0.4641421,16
36,0.1534364,0.7708679,0.5888909,17
36,0.3271669,0.6391824,0.4613209,18
36,-0.2618656,1.493422,0.4877402,19
36,0.1788677,0.6150171,0.6222246,20
36,-0.04033139,0.6844602,0.6426988,21
36,-0.2123614,0.8288589,0.4959818,22
36,-0.1882064,0.703989,0.4708648,23
36,-0.405256,1.423318,0.4499694,24
36,-0.3478466,1.573303,0.5568287,25
36,-0.3598947,0.9974327,0.6768231,26
36,0.4951141,0.6291238,0.4561315,27
36,0.296602,0.7740636,0.4249683,28
36,-0.4848161,1.247143,0.6275919,29
36,-0.3899602,1.104665,0.4798211,30
36,0.08525407,0.6781737,0.4287449,31
36,-0.3706748,0.8240129,0.424542,32
36,-0.4931551,1.49756,0.5307576,33
36,-0.1096162,1.599438,0.4166501,34
36,-0.4510778,0.6402363,0.4224988,35
36,-0.3134905,0.6974298,0.6060232,36
36,-0.3163974,1.339981,0.5261099,37
36,-0.4786918,0.9309626,0.4653695,38
36,-0.4987665,1.082841,0.4796969,39
