Case,X,Y,Z,a,v,index
44,-0.1152269,1.459708,0.4507242,0
44,0.08639407,1.14352,0.4121034,1
44,-0.2957572,1.355853,0.4986765,2
44,-0.1006594,1.210386,0.4234889,3
44,0.1747785,1.422019,0.4437815,4
44,0.0797019,1.585255,0.4136252,5
44,0.3974426,1.175603,0.5351436,6
44,0.1339665,1.035326,0.3994455,7
44,0.2134618,1.578127,0.5066461,8
44,0.2675947,1.354327,0.6324903,9
44,0.3676519,0.9931097,0.4724924,10
44,-0.1867914,1.375142,0.5162477,11
44,-0.4080095,1.388047,0.4008926,12
44,0.3123724,1.482345,0.4512895,13
44,0.003992617,1.487729,0.5830136,14
44,-0.2670633,1.576562,0.429525,15
44,0.4307281,1.530177,0.4555414,16
44,-0.2237729,0.7959017,0.4494303,17
44,-0.418207,1.518465,0.4426342,18
44,0.422358,1.407844,0.5193428,19
44,-0.3420761,0.8170471,0.4610982,20
44,-0.3194771,1.469309,0.4072479,21
44,-0.005096912,1.042447,0.6084194,22
44,-0.1188856,1.575455,0.5305448,23
44,0.4711949,0.8552654,0.4319076,24
44,-0.3687426,1.267335,0.5132288,25
44,-0.3698151,1.004688,0.6284323,26
44,-0.09956709,0.7048731,0.3871062,27
44,0.01950109,1.240084,0.6778171,28
44,-0.3650328,0.6819937,0.4389091,29
44,-0.4998064,0.8295761,0.5111119,30
44,-0.4837612,0.945189,0.5351191,31
44,0.1039754,0.7678976,0.4223406,32
44,-0.4697825,1.084587,0.5874715,33
44,0.08473557,0.6127239,0.5009577,34
44,-0.2064633,0.6379846,0.6156651,35
44,0.4887085,1.049595,0.5963569,36
44,0.2644665,0.6705368,0.4824446,37
44,0.3045452,0.7759336,0.6071843,38
44,-0.4996241,1.242079,0.6561289,39
44,0.3852997,1.299301,0.6515541,40
44,-0.4974052,0.6693391,0.6307521,41
44,0.4931325,1.24607,0.5208035,42
44,0.4408292,0.627739,0.645915,43
44,0.4145756,0.7570799,0.6808313,44
44,0.3012792,0.8860451,0.6409364,45
44,-0.02699968,0.600678,0.4391637,46
