Case,X,Y,Z,a,v,index
24,0.3488177,0.778896,0.5452898,0
24,0.3008358,0.697028,0.6703023,1
24,0.4347376,0.6616335,0.4813577,2
24,0.4536091,0.8791662,0.4694954,3
24,0.469316,0.7732154,0.6331547,4
24,0.303499,0.6022884,0.4470742,5
24,0.4362853,1.009791,0.6537396,6
24,0.4921825,1.09003,0.462892,7
24,0.2136672,1.06798,0.4214824,8
24,0.4540554,1.203233,0.491369,9
24,0.3462772,0.8885531,0.4626027,10
24,0.1992872,0.742202,0.4273547,11
24,0.1511558,0.6208963,0.6234468,12
24,0.09459203,0.7237913,0.5762646,13
24,0.3664721,1.22648,0.4637049,14
24,0.01683468,0.6572207,0.4037569,15
24,0.09791124,1.003045,0.468217,16
24,0.2694829,1.346195,0.594079,17
24,-0.04950175,0.7397292,0.6138062,18
24,0.4477885,1.34988,0.4927616,19
24,0.05844051,1.102358,0.516459,20
24,-0.1490551,0.6450445,0.5257217,21
24,-0.05454108,0.9386307,0.6147299,22
24,0.2576457,0.8286129,0.4468695,23
24,-0.1833769,0.7980596,0.665163,24
24,0.1739385,1.182791,0.5018468,25
24,0.06532264,1.192267,0.6023054,26
24,0.3663334,1.414148,0.4964109,27
24,-0.05846703,1.178781,0.415937,28
24,0.1211624,1.277744,0.6041167,29
24,-0.2739692,0.6033288,0.6718792,30
24,-0.360884,0.802093,0.4474426,31
24,-0.3686657,0.9135329,0.5925363,32
24,-0.271823,0.7781336,0.6423947,33
24,0.3106644,1.544148,0.474203,34
24,-0.07319194,1.089597,0.5286739,35
24,-0.461977,0.9921564,0.4969198,36
24,-0.4426965,0.7587916,0.4165412,37
24,-0.4118688,1.141658,0.4953386,38
24,0.4530125,1.510748,0.4061816,39
24,-0.3675558,0.6743289,0.5024961,40
24,-0.4503772,0.6142411,0.5910188,41
24,0.4054822,1.590431,0.4568462,42
24,0.4940095,1.42846,0.681049,43
24,-0.4615832,0.8611921,0.5003598,44
24,-0.1720218,1.029858,0.4744575,45
24,-0.1882941,1.121469,0.3876483,46
24,-0.005484343,1.017635,0.4123646,47
24,-0.4927758,1.080562,0.5827273,48
24,-0.129785,1.282464,0.6076477,49
24,0.1338615,1.55652,0.5182716,50
24,0.05117142,1.337271,0.4467687,51
24,0.2737904,1.451555,0.4036368,52
24,0.2217969,1.588822,0.4646558,53
24,-0.0623205,1.34612,0.6008708,54
24,-0.3465214,1.333844,0.5525873,55
24,-0.3321229,1.441937,0.4438003,56
24,-0.03568828,1.524695,0.4172282,57
24,-0.3659637,1.221476,0.6412395,58
24,-0.4825236,1.350485,0.4928272,59
24,-0.2203856,1.46721,0.5317017,60
24,-0.4825652,1.23419,0.6347009,61
24,-0.1104492,1.58437,0.4314837,62
24,-0.2681144,1.55238,0.4557057,63
24,0.02951533,1.593865,0.4642476,64
24,-0.4725565,1.452929,0.4310819,65
24,-0.4162961,1.582988,0.4693571,66
24,-0.1087166,1.461608,0.4232816,67
