Case,X,Y,Z,a,v,index
35,0.009501994,1.167466,0.6025426,0
35,0.1867266,1.462806,0.4108315,1
35,-0.09964421,1.560996,0.5664914,2
35,0.4607139,1.235311,0.545222,3
35,-0.09557852,1.443615,0.4583523,4
35,0.4994676,1.111667,0.4829144,5
35,0.4908717,1.357578,0.4677284,6
35,-0.2088888,1.513801,0.4324935,7
35,0.3572323,1.485583,0.4757835,8
35,0.4905676,1.503937,0.4753679,9
35,0.4629035,0.955566,0.4272772,10
35,0.3882641,1.591805,0.5286177,11
35,0.2695013,1.572758,0.4344108,12
35,0.3607178,1.316786,0.4802306,13
35,-0.2690013,1.350988,0.5212108,14
35,0.2826281,1.394963,0.4744096,15
35,0.0120346,1.052443,0.6424116,16
35,0.07632858,1.554364,0.5206328,17
35,-0.02103782,0.6345962,0.403945,18
35,-0.1466841,1.075139,0.4435912,19
35,0.2457824,0.8231745,0.4358428,20
35,-0.1689799,0.7627676,0.6732529,21
35,-0.06207523,0.9589568,0.5142314,22
35,-0.2844818,0.9043791,0.411077,23
35,-0.3922611,1.213108,0.492269,24
35,0.1517232,0.6683275,0.4637122,25
35,-0.4645724,1.385281,0.5013182,26
35,-0.4812332,1.020087,0.4579616,27
35,-0.4058843,0.850158,0.4369565,28
35,0.4134564,0.7548617,0.5379002,29
35,-0.494221,1.142682,0.4580191,30
35,0.2820135,0.6767685,0.4421099,31
35,-0.4986836,1.598936,0.5882268,32
35,-0.3259166,1.523617,0.5186144,33
35,-0.2594055,0.6900633,0.6077456,34
35,0.04998565,0.7735882,0.6463968,35
35,0.3518623,0.8958032,0.4124241,36
35,-0.1714083,0.6104065,0.4398565,37
35,0.4850643,0.6582474,0.530355,38
35,-0.3655504,0.6531602,0.4064184,39
35,0.3784437,0.6016917,0.5866413,40
35,0.4927448,0.8483266,0.4110264,41
35,-0.3169044,0.7844891,0.4094403,42
35,-0.4892783,0.7243062,0.5119011,43
