Case,X,Y,Z,a,v,index
42,-0.4043737,1.023242,0.5627941,0
42,-0.3413654,0.8406861,0.6252021,1
42,-0.2237309,0.8179217,0.4037674,2
42,-0.1360621,1.026659,0.5233337,3
42,-0.08939978,1.183312,0.4475572,4
42,-0.1621246,0.6650287,0.4237221,5
42,-0.007927567,0.6799365,0.6483337,6
42,-0.2774536,0.7105929,0.5667295,7
42,0.1072642,0.6965817,0.4212064,8
42,-0.3681386,0.6182284,0.646408,9
42,-0.4252845,0.7333893,0.5102867,10
42,-0.446298,0.8808436,0.4785295,11
42,0.02956063,1.010132,0.4518902,12
42,0.3716919,1.02324,0.4571512,13
42,0.1819428,0.8249121,0.4458303,14
42,-0.4915114,0.6105524,0.4191475,15
42,0.1060021,1.090734,0.6557046,16
42,0.301729,0.9285388,0.4935629,17
42,0.2398115,0.6712039,0.518688,18
42,0.1034955,1.207892,0.4662685,19
42,0.3399343,0.817396,0.4231229,20
42,-0.3602212,1.349825,0.6562557,21
42,-0.4596093,1.15985,0.4616223,22
42,-0.1136853,1.445098,0.4912024,23
42,0.01870543,1.564901,0.4650623,24
42,-0.2197961,1.376015,0.5312999,25
42,0.4458845,1.273794,0.633839,26
42,0.4837519,1.101624,0.444579,27
42,0.3263878,1.443631,0.4838467,28
42,0.4580548,0.6942778,0.5049957,29
42,-0.4667735,1.294455,0.515984,30
42,0.328733,1.309008,0.6405902,31
42,0.179319,1.519936,0.4520329,32
42,-0.4892363,1.402777,0.5156065,33
42,0.4886425,0.8995744,0.4743191,34
42,-0.2597047,1.510701,0.4098206,35
42,0.3473152,1.553221,0.4951504,36
42,0.4812436,1.541495,0.457447,37
42,0.4376163,1.436062,0.3907462,38
42,-0.4740822,1.532675,0.4093084,39
42,-0.09351149,1.599919,0.4445472,40
42,-0.3740522,1.472814,0.5958353,41
42,0.3563902,0.6021509,0.6000299,42
