Case,X,Y,Z,a,v,index
45,-0.09231296,0.6553661,0.5119663,0
45,0.1036015,0.6733572,0.5123523,1
45,0.01235992,0.6099758,0.6551418,2
45,0.2154669,0.6265669,0.5496727,3
45,-0.2740204,0.6724259,0.584873,4
45,0.3446485,0.6320571,0.4673012,5
45,0.3713085,0.7707636,0.5736132,6
45,-0.1668584,0.7924962,0.6350149,7
45,0.4507063,0.9519517,0.6003133,8
45,-0.3000184,0.8777623,0.5317502,9
45,0.04450941,1.007814,0.4733375,10
45,-0.4381813,0.767274,0.5323654,11
45,0.2577174,0.7533494,0.522242,12
45,-0.4070268,0.6073884,0.480488,13
45,0.3478838,1.013041,0.4473903,14
45,-0.09455866,1.124677,0.4352055,15
45,-0.06408998,0.9785857,0.6472439,16
45,0.3659194,1.123966,0.4667861,17
45,0.4770021,0.6270764,0.4581239,18
45,0.4947848,1.152555,0.3903099,19
45,0.3144808,0.88965,0.5251596,20
45,0.4901394,0.7652312,0.4920104,21
45,0.07217544,1.143998,0.4382831,22
45,0.328065,1.230495,0.6786805,23
45,-0.4099138,1.00484,0.4865487,24
45,0.411155,1.399091,0.5379773,25
45,-0.3480504,1.282832,0.5390979,26
45,-0.4171035,1.191808,0.4296495,27
45,0.2607092,1.432945,0.4775757,28
45,-0.4404407,1.355422,0.4118505,29
45,-0.4888638,1.083289,0.4572902,30
45,-0.462481,0.8916916,0.6362331,31
45,0.4243038,1.542533,0.4061117,32
45,0.4598138,1.275589,0.6163902,33
45,-0.3660868,1.522563,0.4454714,34
45,0.2492132,1.553217,0.4237275,35
45,0.1300951,1.557388,0.5350281,36
45,-0.06219414,1.501617,0.4772601,37
45,-0.3289775,1.399726,0.4154809,38
45,-0.2322729,1.561256,0.393828,39
45,-0.485131,1.563861,0.5404541,40
