Case,X,Y,Z,a,v,index
43,0.2374204,1.416169,0.4558869,0
43,0.01707071,1.174902,0.4806927,1
43,0.1169671,1.083888,0.5875995,2
43,0.3886437,1.383337,0.4954459,3
43,-0.1501259,1.511472,0.4911861,4
43,0.1741068,1.528488,0.421682,5
43,0.3574032,1.55749,0.4210206,6
43,0.3633232,1.190615,0.4762209,7
43,-0.2736042,1.473994,0.4446131,8
43,0.4045701,1.014522,0.4405699,9
43,0.08776224,1.433252,0.4306738,10
43,0.05818027,1.544065,0.4741711,11
43,0.1841953,0.783972,0.5108056,12
43,-0.04592878,1.585732,0.4158246,13
43,0.01133364,0.9981082,0.4401852,14
43,-0.1376089,1.133049,0.5325174,15
43,0.4812289,1.55835,0.5253278,16
43,0.3913856,0.8451251,0.5746267,17
43,-0.3587896,1.569553,0.4521288,18
43,-0.4691948,1.564839,0.5249966,19
43,-0.402465,1.395509,0.4677414,20
43,0.4987053,1.432522,0.5892447,21
43,0.2859144,0.8824232,0.4310908,22
43,-0.2344298,1.596866,0.4048209,23
43,-0.269043,1.351736,0.5690586,24
43,-0.03835362,0.7215165,0.6206243,25
43,-0.4881066,1.197614,0.6815541,26
43,-0.4869292,1.310638,0.4425008,27
43,-0.4715477,1.08322,0.5231445,28
43,0.4624163,0.7373957,0.407718,29
43,-0.2286435,0.7129505,0.4196296,30
43,-0.4012097,0.9936879,0.6211371,31
43,0.3526391,0.6969854,0.4096023,32
43,-0.3666611,1.127537,0.5129023,33
43,0.1518359,0.6408662,0.4887815,34
43,0.4897081,1.300762,0.6838875,35
43,-0.2991646,0.8779497,0.3912037,36
43,0.43754,0.6008942,0.406528,37
43,-0.4450197,0.783393,0.5108846,38
43,0.3079759,1.291732,0.4999091,39
43,-0.344888,0.6615737,0.4496489,40
43,-0.4813432,0.6105803,0.446571,41
43,0.2669009,0.6119646,0.466329,42
43,0.4741753,1.166401,0.5588046,43
43,-0.1079799,0.6355541,0.547815,44
43,-0.4980966,0.9363323,0.4872385,45
43,0.03700984,0.6349926,0.5368389,46
