Case,X,Y,Z,a,v,index
27,0.3701242,1.182277,0.4875211,0
27,0.4444676,0.9063593,0.4289338,1
27,0.4464175,0.7760707,0.5517697,2
27,0.4508157,1.055449,0.3883556,3
27,0.3671234,0.7092783,0.5365434,4
27,0.4833163,0.6515536,0.5485902,5
27,0.2784894,0.7650559,0.6067699,6
27,0.3980064,0.6140435,0.418401,7
27,0.3440878,0.8480085,0.6490321,8
27,0.282422,0.647531,0.4182275,9
27,0.1961098,0.7117429,0.4534476,10
27,0.4660882,1.20957,0.4663011,11
27,0.08959901,0.9824455,0.4648584,12
27,0.3844547,0.9908252,0.5760455,13
27,0.1337953,0.6122114,0.4149488,14
27,0.009563386,0.6574029,0.4846868,15
27,0.1806495,1.140012,0.4746838,16
27,0.03207695,0.881165,0.4589565,17
27,0.2033603,1.012025,0.5041554,18
27,0.03188789,1.153444,0.6864579,19
27,0.37257,1.357161,0.522648,20
27,-0.12775,0.9879413,0.5668334,21
27,-0.09095055,0.6862608,0.5332662,22
27,-0.1839049,0.7346189,0.6571864,23
27,-0.09615824,1.255751,0.3908515,24
27,0.308668,1.443402,0.4574884,25
27,-0.0161126,1.042437,0.4134741,26
27,0.1031228,1.266988,0.6475028,27
27,-0.002684087,1.330394,0.4462779,28
27,0.2113459,1.442386,0.6806824,29
27,-0.1159263,1.124254,0.4937856,30
27,-0.1477376,0.6067415,0.6357343,31
27,-0.3200582,0.815388,0.399548,32
27,-0.3080754,0.7189139,0.5017649,33
27,-0.2495917,0.634572,0.4413077,34
27,0.09215504,0.7038483,0.4226447,35
27,-0.1917458,1.211375,0.5303893,36
27,0.4096038,1.463017,0.3989277,37
27,0.4819146,1.322052,0.5565219,38
27,0.3888232,1.588351,0.4930308,39
27,0.203669,1.573551,0.5643352,40
27,-0.4039194,0.6580697,0.5086536,41
27,0.09507221,1.469456,0.3993943,42
27,-0.02443889,1.455598,0.4216013,43
27,-0.4470902,0.8394509,0.4613311,44
27,-0.3998196,0.7513408,0.5825897,45
27,-0.1451267,1.480111,0.5738035,46
27,-0.380179,1.127614,0.5924934,47
27,-0.4805922,0.9823921,0.4931108,48
27,-0.4944677,0.7246354,0.6326466,49
27,-0.28488,1.349129,0.5193043,50
27,-0.4280325,1.26663,0.6617875,51
27,-0.2887229,1.445024,0.4336892,52
27,-0.4770563,1.109232,0.5905057,53
27,-0.3801252,1.49747,0.4956251,54
27,0.3036092,1.553356,0.4767369,55
27,-0.3947157,1.015061,0.611286,56
27,-0.3955244,1.37256,0.5086992,57
27,-0.2868976,1.575961,0.4445652,58
27,0.08557433,1.573303,0.6822131,59
27,0.4675968,1.544808,0.4659277,60
27,-0.4768232,1.415926,0.6158916,61
27,-0.4756763,1.589185,0.5238739,62
27,-0.491528,0.6267601,0.4596766,63
27,-0.1375423,1.598808,0.5363053,64
27,-0.006308049,1.573166,0.4722145,65
