Case,X,Y,Z,a,v,index
38,-0.04318434,0.9942126,0.4033263,0
38,0.04893875,1.192551,0.4669363,1
38,0.2411786,0.8545536,0.4682134,2
38,0.4051219,1.14031,0.4376571,3
38,0.4555419,0.8775098,0.4117692,4
38,0.1360509,0.6688324,0.4323214,5
38,0.4383813,0.7071878,0.4706197,6
38,0.08793592,1.059492,0.4508751,7
38,0.4181769,1.012355,0.4438543,8
38,0.3297402,1.295802,0.4977145,9
38,0.3275615,0.6316664,0.5648244,10
38,-0.05099338,0.6060132,0.3993277,11
38,0.4374301,1.477364,0.4526845,12
38,0.4594262,1.241617,0.5202031,13
38,-0.068198,1.123165,0.6759171,14
38,0.3293029,0.7627922,0.6300903,15
38,-0.2238823,0.7993555,0.4414076,16
38,0.00819242,1.523032,0.6695033,17
38,0.1183952,1.455125,0.5644492,18
38,-0.1839626,0.646596,0.4457651,19
38,0.02181423,0.7384076,0.537264,20
38,0.4209535,1.367256,0.6633809,21
38,-0.09192592,0.7459952,0.4044712,22
38,0.2480849,1.508151,0.4956484,23
38,0.3852829,1.592826,0.6513332,24
38,-0.1817388,1.461983,0.4758105,25
38,0.2471834,1.396004,0.4834053,26
38,0.1156887,1.596273,0.4826099,27
38,-0.2922724,0.9253495,0.5749521,28
38,-0.4464157,1.068104,0.6406958,29
38,-0.306554,0.6809703,0.4660567,30
38,-0.4362023,1.350935,0.619401,31
38,-0.3374475,1.411091,0.5391138,32
38,-0.4397666,1.213608,0.6325867,33
38,-0.4461411,0.9074546,0.4756449,34
38,-0.4158199,1.535453,0.649246,35
38,-0.3893818,0.7747118,0.4612462,36
38,-0.2187116,1.595814,0.5041997,37
38,-0.4364499,0.6165788,0.5372847,38
38,-0.4969251,0.7137784,0.4593281,39
38,-0.09372175,1.57646,0.6053233,40
