Case,X,Y,Z,a,v,index
33,-0.3197303,0.6194752,0.5124285,0
33,-0.2087148,0.6101577,0.4665344,1
33,-0.2570816,0.7980679,0.4107046,2
33,-0.4690032,0.7035824,0.6329082,3
33,-0.0624736,0.6044362,0.5290108,4
33,0.05628341,0.6324747,0.6675996,5
33,-0.1454047,0.7282166,0.396667,6
33,-0.3799525,0.8175563,0.5264842,7
33,-0.00446102,0.7480824,0.488938,8
33,-0.02904853,0.9619017,0.4649518,9
33,0.04199016,1.132201,0.4682565,10
33,-0.09693056,1.048947,0.525811,11
33,-0.4669473,0.888384,0.6199772,12
33,0.1763592,0.6927515,0.6315316,13
33,0.1357405,1.063312,0.5755685,14
33,0.2421894,0.8051753,0.5607268,15
33,0.3385248,1.003764,0.6694353,16
33,-0.3852154,0.9737144,0.555323,17
33,-0.4813076,1.145322,0.4459593,18
33,-0.4830022,1.026774,0.496906,19
33,-0.05220798,1.223658,0.4448363,20
33,0.3857364,0.7432073,0.4020453,21
33,-0.06575927,1.471786,0.4063984,22
33,0.2772986,0.9111686,0.62918,23
33,0.0461691,1.477745,0.673565,24
33,0.1881331,1.435242,0.4224945,25
33,-0.05229598,1.587889,0.5510103,26
33,0.431295,0.8449447,0.4570339,27
33,-0.2369038,1.430692,0.6504844,28
33,-0.3618361,1.267425,0.5227094,29
33,0.3197973,1.405741,0.402154,30
33,0.297629,0.6198196,0.4164879,31
33,0.1581602,1.557489,0.4100555,32
33,-0.2277676,1.585827,0.4088253,33
33,0.4473408,1.089912,0.5484079,34
33,-0.3464934,1.466601,0.6245261,35
33,0.4660434,1.202582,0.5082139,36
33,-0.466611,1.316482,0.6768073,37
33,0.4438223,0.6372915,0.434304,38
33,-0.4563255,1.553414,0.4256298,39
33,-0.4967608,1.444587,0.6118575,40
33,-0.3451278,1.590344,0.4504113,41
33,0.3506388,1.560984,0.6341957,42
33,0.4849116,1.592799,0.6345888,43
33,0.4533786,1.38444,0.4182024,44
33,0.4554065,0.9736408,0.4796495,45
