Case,X,Y,Z,a,v,index
34,0.2777024,0.8375412,0.5886272,0
34,0.1664311,0.670546,0.5548723,1
34,0.3422856,0.9741812,0.680379,2
34,0.4003472,1.154662,0.5301436,3
34,0.2638447,0.6128839,0.4085792,4
34,0.3059537,1.315766,0.4204008,5
34,0.3984371,0.8395079,0.500432,6
34,0.4277458,0.6271738,0.4494138,7
34,0.3543562,0.7339152,0.6026946,8
34,0.1216477,1.088341,0.5416553,9
34,-0.05402845,1.171433,0.4621797,10
34,0.4768794,0.7517662,0.5785133,11
34,-0.002332449,1.034669,0.5346687,12
34,-0.1427993,0.747343,0.607933,13
34,0.4593524,1.056525,0.6123217,14
34,-0.3285619,0.6832511,0.5568205,15
34,-0.1551669,1.116339,0.6008533,16
34,-0.007177621,0.6364384,0.4425023,17
34,0.1095927,1.450091,0.4605654,18
34,0.1670853,0.8043686,0.4920187,19
34,-0.490806,0.6745516,0.4388854,20
34,-0.08754757,1.45082,0.4941124,21
34,-0.3920419,0.968031,0.4596333,22
34,0.48711,0.9058129,0.4072798,23
34,-0.3514071,1.211447,0.6553663,24
34,-0.1823549,0.6145123,0.4189789,25
34,-0.3712955,0.8320369,0.5081552,26
34,-0.2263582,0.822596,0.5354704,27
34,-0.4560768,1.059562,0.4013547,28
34,0.00383532,1.516025,0.6562777,29
34,0.4984918,1.36676,0.4752458,30
34,0.2285853,1.484399,0.5027152,31
34,-0.339658,1.075689,0.5015779,32
34,-0.2927218,1.314997,0.5483004,33
34,0.4307065,1.261246,0.4557158,34
34,-0.2014821,1.431201,0.452103,35
34,-0.1183228,1.561711,0.4445925,36
34,-0.4787096,0.8862045,0.583334,37
34,0.1500928,1.562711,0.4773219,38
34,0.2666546,1.588521,0.4520967,39
34,-0.4767739,1.220574,0.4880835,40
34,-0.3059981,1.480107,0.3928511,41
34,-0.4364218,1.32708,0.4432012,42
34,0.3323421,1.425084,0.4785015,43
34,0.4363207,1.468471,0.5621006,44
34,-0.4561355,1.516689,0.6239061,45
34,0.4200652,1.582513,0.4477326,46
34,-0.263252,1.599532,0.3925962,47
