Case,X,Y,Z,a,v,index
30,-0.09231296,0.6553661,0.5291501,0
30,0.1036015,0.6733572,0.4305305,1
30,0.01235992,0.6099758,0.6424844,2
30,0.2154669,0.6265669,0.5939296,3
30,-0.2740204,0.6724259,0.4791941,4
30,0.3446485,0.6320571,0.4553567,5
30,0.3713085,0.7707636,0.4649837,6
30,-0.1668584,0.7924962,0.5103384,7
30,0.4507063,0.9519517,0.5227467,8
30,-0.3000184,0.8777623,0.6798439,9
30,0.04450941,1.007814,0.6733605,10
30,-0.4381813,0.767274,0.6868539,11
30,0.2577174,0.7533494,0.6002946,12
30,-0.4070268,0.6073884,0.6245813,13
30,0.3478838,1.013041,0.6738814,14
30,-0.09455866,1.124677,0.4971234,15
30,-0.06408998,0.9785857,0.6322002,16
30,0.3659194,1.123966,0.4665898,17
30,0.4770021,0.6270764,0.6022165,18
30,0.4947848,1.152555,0.4193292,19
30,0.3144808,0.88965,0.619085,20
30,0.4901394,0.7652312,0.6210178,21
30,0.07217544,1.143998,0.5889632,22
30,0.328065,1.230495,0.4342852,23
30,-0.4099138,1.00484,0.5065984,24
30,0.411155,1.399091,0.4943636,25
30,-0.3480504,1.282832,0.5032632,26
30,-0.4171035,1.191808,0.6250726,27
30,0.2607092,1.432945,0.5609469,28
30,-0.4404407,1.355422,0.5119642,29
30,-0.4888638,1.083289,0.4169932,30
30,-0.462481,0.8916916,0.4304134,31
30,0.4243038,1.542533,0.4877082,32
30,0.4598138,1.275589,0.4167922,33
30,-0.3660868,1.522563,0.5344835,34
30,0.2492132,1.553217,0.4640086,35
30,0.1300951,1.557388,0.5179322,36
30,-0.06219414,1.501617,0.4936522,37
30,-0.3289775,1.399726,0.4828861,38
30,-0.2322729,1.561256,0.4344925,39
30,-0.485131,1.563861,0.3909969,40
