Case,X,Y,Z,a,v,index
15,-0.2514899,1.049975,0.5932126,0
15,-0.3765767,1.028103,0.5662798,1
15,-0.3250244,0.8787388,0.4991295,2
15,-0.157049,1.030898,0.4896149,3
15,-0.1188707,1.159069,0.4930125,4
15,-0.1783729,0.735019,0.6245692,5
15,-0.05221164,0.7472163,0.4981135,6
15,-0.2727329,0.7722988,0.4916502,7
15,-0.03257033,0.6362029,0.4933334,8
15,0.03165966,0.9217459,0.46451,9
15,0.1362704,1.04142,0.4168795,10
15,-0.1142328,0.9452485,0.5189065,11
15,-0.3140677,0.6624167,0.422709,12
15,0.04417622,0.7052257,0.6501926,13
15,-0.347742,1.177143,0.4181231,14
15,-0.2290961,0.6047928,0.6571141,15
15,-0.4668721,1.117046,0.5608668,16
15,-0.1186628,0.6642889,0.5030799,17
15,-0.4575211,0.9523044,0.5238483,18
15,-0.4395212,1.216139,0.4483597,19
15,-0.3731313,1.356198,0.5082154,20
15,-0.0008679628,1.059167,0.6197374,21
15,-0.4240541,0.6564543,0.5079942,22
15,-0.4945323,1.341327,0.6449417,23
15,-0.4334149,0.8223709,0.4836079,24
15,0.1885309,0.9556372,0.5084343,25
15,0.2384646,1.094679,0.4776757,26
15,-0.1436331,1.287358,0.5251924,27
15,-0.2283081,1.457681,0.6569927,28
15,-0.3745559,0.75365,0.4283012,29
15,-0.2862582,1.307155,0.5784578,30
15,0.2101701,0.7263932,0.4218783,31
15,-0.4962783,0.7370754,0.3875591,32
15,-0.3908693,1.468725,0.5193602,33
15,-0.4002871,1.566301,0.4775254,34
15,0.1451737,0.6356013,0.6456271,35
15,-0.02644148,1.174369,0.4879551,36
15,-0.4839745,1.515025,0.6656916,37
15,0.2772475,0.8576009,0.4930666,38
15,-0.2826103,1.538617,0.52896,39
15,0.141388,1.22203,0.5419344,40
15,-0.05218831,1.287675,0.6025941,41
15,0.2643947,0.6420445,0.4791771,42
15,-0.1180031,1.551017,0.6081522,43
15,0.07734817,1.126274,0.4444193,44
15,0.3323783,1.18156,0.5222945,45
15,0.4964567,1.112132,0.480538,46
15,0.3624989,1.282096,0.4338972,47
15,0.04661661,1.25694,0.5846758,48
15,0.1316653,1.313992,0.4020844,49
15,0.2098472,1.413127,0.4313152,50
15,0.1517617,1.546405,0.4446293,51
15,0.3769392,1.445287,0.4386877,52
15,0.3833847,1.101083,0.59044,53
15,0.3806496,0.9001234,0.6008826,54
15,0.372864,0.7713265,0.388597,55
15,0.4235351,0.6814964,0.4770378,56
15,0.02697742,1.519258,0.5303057,57
15,-0.2063714,1.598393,0.4852476,58
15,0.4374571,1.333073,0.6629111,59
15,0.4867771,0.9063942,0.3924812,60
15,0.4833586,1.225502,0.4241441,61
15,0.4841002,0.9981059,0.4681679,62
15,0.4587163,0.8060363,0.4256886,63
15,0.2646864,1.556109,0.4069432,64
15,0.3944745,1.006539,0.3994014,65
15,0.4396834,1.512322,0.6173691,66
15,0.3551027,1.563716,0.5627843,67
15,0.4893495,1.423521,0.6452427,68
