Case,X,Y,Z,a,v,index
20,0.009501994,1.167466,0.4938827,0
20,0.1867266,1.462806,0.6463083,1
20,-0.09964421,1.560996,0.389766,2
20,0.4607139,1.235311,0.4138268,3
20,-0.09557852,1.443615,0.4510418,4
20,0.4994676,1.111667,0.3966454,5
20,0.4908717,1.357578,0.6176311,6
20,-0.2088888,1.513801,0.6203486,7
20,0.3572323,1.485583,0.4572481,8
20,0.4905676,1.503937,0.5166188,9
20,0.4629035,0.955566,0.5033177,10
20,0.3882641,1.591805,0.5157509,11
20,0.2695013,1.572758,0.4464521,12
20,0.3607178,1.316786,0.6719586,13
20,-0.2690013,1.350988,0.4218946,14
20,0.2826281,1.394963,0.6679142,15
20,0.0120346,1.052443,0.4547099,16
20,0.07632858,1.554364,0.4616899,17
20,-0.02103782,0.6345962,0.5023186,18
20,-0.1466841,1.075139,0.4889064,19
20,0.2457824,0.8231745,0.3981087,20
20,-0.1689799,0.7627676,0.5111414,21
20,-0.06207523,0.9589568,0.4019352,22
20,-0.2844818,0.9043791,0.3882566,23
20,-0.3922611,1.213108,0.4816618,24
20,0.1517232,0.6683275,0.5127345,25
20,-0.4645724,1.385281,0.6473337,26
20,-0.4812332,1.020087,0.4385012,27
20,-0.4058843,0.850158,0.5103174,28
20,0.4134564,0.7548617,0.4635743,29
20,-0.494221,1.142682,0.4745399,30
20,0.2820135,0.6767685,0.4528756,31
20,-0.4986836,1.598936,0.5079743,32
20,-0.3259166,1.523617,0.5274771,33
20,-0.2594055,0.6900633,0.5278954,34
20,0.04998565,0.7735882,0.5563362,35
20,0.3518623,0.8958032,0.4349026,36
20,-0.1714083,0.6104065,0.4014365,37
20,0.4850643,0.6582474,0.659692,38
20,-0.3655504,0.6531602,0.4077316,39
20,0.3784437,0.6016917,0.4876965,40
20,0.4927448,0.8483266,0.6431713,41
20,-0.3169044,0.7844891,0.4926613,42
20,-0.4892783,0.7243062,0.4796711,43
