Case,X,Y,Z,a,v,index
29,-0.1152269,1.459708,0.445621,0
29,0.08639407,1.14352,0.6581016,1
29,-0.2957572,1.355853,0.53526,2
29,-0.1006594,1.210386,0.4671553,3
29,0.1747785,1.422019,0.4063901,4
29,0.0797019,1.585255,0.4910111,5
29,0.3974426,1.175603,0.4379443,6
29,0.1339665,1.035326,0.6624902,7
29,0.2134618,1.578127,0.6061391,8
29,0.2675947,1.354327,0.4319052,9
29,0.3676519,0.9931097,0.4626194,10
29,-0.1867914,1.375142,0.3895306,11
29,-0.4080095,1.388047,0.609392,12
29,0.3123724,1.482345,0.5924138,13
29,0.003992617,1.487729,0.4897642,14
29,-0.2670633,1.576562,0.5886348,15
29,0.4307281,1.530177,0.6189197,16
29,-0.2237729,0.7959017,0.3912202,17
29,-0.418207,1.518465,0.4408543,18
29,0.422358,1.407844,0.6747732,19
29,-0.3420761,0.8170471,0.4990154,20
29,-0.3194771,1.469309,0.4845662,21
29,-0.005096912,1.042447,0.4890594,22
29,-0.1188856,1.575455,0.6162401,23
29,0.4711949,0.8552654,0.3952059,24
29,-0.3687426,1.267335,0.5044268,25
29,-0.3698151,1.004688,0.3997626,26
29,-0.09956709,0.7048731,0.4343402,27
29,0.01950109,1.240084,0.5633227,28
29,-0.3650328,0.6819937,0.4456092,29
29,-0.4998064,0.8295761,0.4459487,30
29,-0.4837612,0.945189,0.5284311,31
29,0.1039754,0.7678976,0.6358553,32
29,-0.4697825,1.084587,0.4472257,33
29,0.08473557,0.6127239,0.5273676,34
29,-0.2064633,0.6379846,0.6516571,35
29,0.4887085,1.049595,0.5075776,36
29,0.2644665,0.6705368,0.4096469,37
29,0.3045452,0.7759336,0.6394875,38
29,-0.4996241,1.242079,0.391006,39
29,0.3852997,1.299301,0.5187397,40
29,-0.4974052,0.6693391,0.4259076,41
29,0.4931325,1.24607,0.3982983,42
29,0.4408292,0.627739,0.4211487,43
29,0.4145756,0.7570799,0.5831013,44
29,0.3012792,0.8860451,0.4926806,45
29,-0.02699968,0.600678,0.6111258,46
