Case,X,Y,Z,a,v,index
25,-0.2139462,1.558106,0.4584529,0
25,-0.312893,1.363231,0.4994772,1
25,-0.1634072,1.425771,0.4239697,2
25,-0.3818776,1.513147,0.6187223,3
25,-0.4139592,1.297595,0.4038198,4
25,-0.4787642,1.571647,0.4834489,5
25,-0.4879319,1.119081,0.6143876,6
25,-0.02884799,1.574603,0.4608879,7
25,-0.3709755,1.188385,0.5605114,8
25,-0.1203653,1.13903,0.4865987,9
25,0.07355362,1.051338,0.3934655,10
25,-0.347259,1.022236,0.6374211,11
25,-0.4823675,1.454529,0.5119184,12
25,0.008552849,1.213364,0.5995641,13
25,-0.04575506,0.9980557,0.4539057,14
25,0.1665425,1.538146,0.4160293,15
25,3.385544E-05,1.447765,0.5793462,16
25,-0.3680019,0.8980531,0.5114365,17
25,-0.4881732,0.9372178,0.4732884,18
25,-0.3772328,0.7559019,0.6652281,19
25,-0.2645843,0.8185373,0.5588408,20
25,-0.2186997,0.6059503,0.43636,21
25,0.2025394,0.7262005,0.6386803,22
25,0.411364,0.7432996,0.4923333,23
25,0.03496486,0.646644,0.4733188,24
25,-0.1395552,0.7348905,0.4120388,25
25,0.1429704,0.6020206,0.5137252,26
25,-0.3421207,0.6203352,0.6369734,27
25,0.2671021,1.491992,0.5257234,28
25,0.3027369,0.8099682,0.4578538,29
25,0.4015216,0.8833902,0.4325695,30
25,0.3538025,1.033955,0.4087784,31
25,0.3916457,1.46385,0.5191169,32
25,0.4734548,1.088447,0.5312706,33
25,0.3053972,0.640545,0.4589126,34
25,0.324824,1.224478,0.4557675,35
25,0.4673586,1.296658,0.5220497,36
25,0.3530414,1.359789,0.5061032,37
25,-0.4988022,0.6248736,0.4734074,38
25,0.4886268,0.6160533,0.452336,39
25,0.3725733,1.594157,0.4259231,40
25,-0.478303,0.81604,0.6041928,41
25,0.4835764,1.567441,0.4172221,42
