Case,X,Y,Z,a,v,index
9,0.3488177,0.778896,0.4807097,0
9,0.3008358,0.697028,0.4309151,1
9,0.4347376,0.6616335,0.4246946,2
9,0.4536091,0.8791662,0.3967872,3
9,0.469316,0.7732154,0.6294848,4
9,0.303499,0.6022884,0.4410502,5
9,0.4362853,1.009791,0.6035078,6
9,0.4921825,1.09003,0.4597737,7
9,0.2136672,1.06798,0.4815033,8
9,0.4540554,1.203233,0.6012574,9
9,0.3462772,0.8885531,0.5723906,10
9,0.1992872,0.742202,0.56642,11
9,0.1511558,0.6208963,0.4217247,12
9,0.09459203,0.7237913,0.6406815,13
9,0.3664721,1.22648,0.5118629,14
9,0.01683468,0.6572207,0.4857256,15
9,0.09791124,1.003045,0.4145381,16
9,0.2694829,1.346195,0.446889,17
9,-0.04950175,0.7397292,0.4291158,18
9,0.4477885,1.34988,0.4375468,19
9,0.05844051,1.102358,0.5062513,20
9,-0.1490551,0.6450445,0.5476766,21
9,-0.05454108,0.9386307,0.4035771,22
9,0.2576457,0.8286129,0.4599969,23
9,-0.1833769,0.7980596,0.506992,24
9,0.1739385,1.182791,0.4227455,25
9,0.06532264,1.192267,0.5445046,26
9,0.3663334,1.414148,0.6214864,27
9,-0.05846703,1.178781,0.5803355,28
9,0.1211624,1.277744,0.6623832,29
9,-0.2739692,0.6033288,0.5556362,30
9,-0.360884,0.802093,0.4382694,31
9,-0.3686657,0.9135329,0.4637062,32
9,-0.271823,0.7781336,0.5146404,33
9,0.3106644,1.544148,0.6408514,34
9,-0.07319194,1.089597,0.6845154,35
9,-0.461977,0.9921564,0.4424349,36
9,-0.4426965,0.7587916,0.4469688,37
9,-0.4118688,1.141658,0.5194485,38
9,0.4530125,1.510748,0.5401,39
9,-0.3675558,0.6743289,0.559888,40
9,-0.4503772,0.6142411,0.4781705,41
9,0.4054822,1.590431,0.6079047,42
9,0.4940095,1.42846,0.5629613,43
9,-0.4615832,0.8611921,0.4660648,44
9,-0.1720218,1.029858,0.5966936,45
9,-0.1882941,1.121469,0.5412465,46
9,-0.005484343,1.017635,0.4326509,47
9,-0.4927758,1.080562,0.4817004,48
9,-0.129785,1.282464,0.4023398,49
9,0.1338615,1.55652,0.4087449,50
9,0.05117142,1.337271,0.3951739,51
9,0.2737904,1.451555,0.4928749,52
9,0.2217969,1.588822,0.4837376,53
9,-0.0623205,1.34612,0.6847131,54
9,-0.3465214,1.333844,0.6309028,55
9,-0.3321229,1.441937,0.4700853,56
9,-0.03568828,1.524695,0.4937744,57
9,-0.3659637,1.221476,0.4765837,58
9,-0.4825236,1.350485,0.5559742,59
9,-0.2203856,1.46721,0.3891594,60
9,-0.4825652,1.23419,0.4055443,61
9,-0.1104492,1.58437,0.4778889,62
9,-0.2681144,1.55238,0.5622778,63
9,0.02951533,1.593865,0.5212837,64
9,-0.4725565,1.452929,0.4705501,65
9,-0.4162961,1.582988,0.512464,66
9,-0.1087166,1.461608,0.4262309,67
