Case,X,Y,Z,a,v,index
4,0.3928602,0.9319798,0.640773,0
4,0.3870795,1.095788,0.4907155,1
4,0.4171665,0.8068701,0.3938627,2
4,0.4844628,1.198757,0.4163737,3
4,0.3665894,1.248484,0.6127484,4
4,0.4995946,1.094292,0.5285101,5
4,0.3406392,1.370426,0.5960669,6
4,0.3533887,1.460254,0.5149171,7
4,0.2779704,1.287637,0.5138679,8
4,0.4577059,1.284877,0.6555016,9
4,0.4731413,0.9768555,0.4149942,10
4,0.1951841,1.091925,0.5113236,11
4,0.1532867,1.190755,0.5215296,12
4,0.222015,1.447513,0.5017106,13
4,0.1834417,0.955593,0.6414088,14
4,0.4814941,1.373415,0.3984521,15
4,0.08935606,1.486865,0.3958158,16
4,0.2759793,1.562228,0.4672916,17
4,0.05329329,1.271901,0.5077379,18
4,0.06112123,1.04604,0.4082378,19
4,0.4321125,1.512334,0.4648282,20
4,0.04607958,0.8756838,0.4245617,21
4,0.1697345,1.593564,0.410329,22
4,-0.006830394,1.173457,0.558553,23
4,0.364178,1.586135,0.4089806,24
4,-0.09587669,1.270222,0.6553451,25
4,0.2156248,0.8118621,0.5884132,26
4,0.1674726,0.6480886,0.4528992,27
4,0.09865314,0.7440937,0.5032513,28
4,-0.126202,1.161137,0.6018933,29
4,0.07942116,0.6221603,0.4859285,30
4,0.477481,0.6392059,0.67895,31
4,0.4214007,0.7166036,0.6278561,32
4,0.3175611,0.8377501,0.4583549,33
4,0.01867467,1.553024,0.4960359,34
4,0.35583,0.6402331,0.444516,35
4,-0.07558656,1.028015,0.5398068,36
4,-0.05707234,1.491649,0.4731173,37
4,0.2728764,0.7059397,0.5995405,38
4,-0.1807685,1.017952,0.4745079,39
4,-0.008920401,0.7009346,0.5251465,40
4,-0.3394679,1.238357,0.4375189,41
4,-0.1998626,1.526071,0.3963475,42
4,-0.3262774,1.333005,0.5313179,43
4,-0.1624483,0.7004294,0.527512,44
4,-0.003245026,0.9687978,0.5010259,45
4,-0.05698285,0.6232783,0.3875317,46
4,-0.3911032,0.8021678,0.5989988,47
4,-0.3685863,1.058924,0.389592,48
4,-0.2979271,0.61435,0.626991,49
4,-0.06178674,0.7834869,0.6607533,50
4,-0.3805791,0.9324174,0.4060363,51
4,-0.1330408,1.594822,0.5440528,52
4,-0.4479376,1.013614,0.4406435,53
4,-0.2860168,1.552818,0.6272519,54
4,-0.3984408,1.159038,0.4122902,55
4,-0.2963307,1.440388,0.6255845,56
4,-0.4727394,0.9153337,0.5844911,57
4,-0.4393538,1.595273,0.6664678,58
4,-0.3647738,0.7074432,0.526696,59
4,-0.2845776,0.7512997,0.4213695,60
4,-0.4689756,1.27928,0.6847116,61
4,-0.4934732,0.6705472,0.4535102,62
4,-0.4886606,0.805245,0.4806778,63
4,-0.4916692,1.094366,0.6751407,64
4,-0.4416841,1.431305,0.6239939,65
4,-0.4026059,0.6243059,0.4865274,66
4,-0.1953973,0.6158762,0.5109172,67
4,-0.179695,1.429937,0.5185652,68
4,0.2566507,0.6067536,0.6854995,69
