Case,X,Y,Z,a,v,index
7,-0.3197303,0.6194752,0.6476474,0
7,-0.2288994,0.6118518,0.4333033,1
7,-0.2684723,0.7655965,0.6517804,2
7,-0.4418626,0.6882902,0.6457518,3
7,-0.1092475,0.6071706,0.555731,4
7,-0.2621471,0.9267849,0.4729981,5
7,-0.01208273,0.6301112,0.6587517,6
7,-0.1771002,0.7084455,0.5231091,7
7,-0.369003,0.7815415,0.5592334,8
7,-0.06178272,0.7246993,0.6011422,9
7,-0.08189976,0.8996423,0.5254581,10
7,-0.02377722,1.038978,0.3974978,11
7,-0.1374396,0.9708613,0.4848016,12
7,0.08221602,0.8925573,0.4145341,13
7,-0.4692136,0.7860814,0.3874182,14
7,0.08616108,0.6794285,0.4355064,15
7,0.05292755,0.9826145,0.6830639,16
7,0.1461641,1.013827,0.5361758,17
7,-0.4787015,0.9138547,0.4658552,18
7,-0.3697257,0.9025645,0.4246347,19
7,0.06514013,1.126018,0.5275331,20
7,0.1775692,1.129011,0.6841443,21
7,-0.4844067,1.062822,0.6220819,22
7,-0.3670008,1.050887,0.4035785,23
7,-0.4484123,1.150846,0.4184513,24
7,0.2574697,0.7207106,0.529649,25
7,-0.4132518,1.270209,0.4244413,26
7,-0.177464,1.075511,0.4977238,27
7,0.2334713,1.377326,0.6571347,28
7,-0.03673741,1.128299,0.636571,29
7,-0.2002956,1.167941,0.4761671,30
7,0.3736222,0.6859351,0.4073818,31
7,0.08654445,1.316522,0.413015,32
7,0.1170372,1.21386,0.5124831,33
7,0.378138,0.8843296,0.4030948,34
7,-0.03932703,1.25606,0.6538686,35
7,0.1570682,0.6124464,0.6096538,36
7,-0.4246038,1.398966,0.5893109,37
7,0.3984824,1.011159,0.4132669,38
7,0.2889054,0.6269898,0.4639735,39
7,0.3532325,1.320926,0.6646976,40
7,0.4518052,1.211723,0.4415701,41
7,0.4798469,1.061254,0.4856151,42
7,0.08975023,1.469856,0.4131052,43
7,0.3646182,0.7896065,0.5347536,44
7,0.4955791,0.8052853,0.5768701,45
7,0.204542,1.478765,0.3912007,46
7,0.3663836,1.165688,0.4476313,47
7,-0.3017452,1.359845,0.51474,48
7,0.4593034,0.9393228,0.470742,49
7,0.1559528,1.571309,0.4313126,50
7,0.3182267,1.590528,0.4932624,51
7,0.03726441,1.592769,0.5160748,52
7,0.4865476,0.7129642,0.4869044,53
7,0.4353801,1.377072,0.4450982,54
7,0.3141982,1.447388,0.6446315,55
7,0.446219,0.6164688,0.5301906,56
7,0.4586262,1.570512,0.4707915,57
7,0.4585413,1.477788,0.4449534,58
7,-0.07488546,1.53842,0.5360058,59
7,-0.224272,1.444457,0.6701524,60
7,-0.1784089,1.543609,0.4908305,61
7,-0.4725656,1.50854,0.4915096,62
7,-0.09854433,1.436943,0.3982987,63
7,-0.4996533,1.34722,0.6364943,64
7,-0.2748905,1.584423,0.5304245,65
7,-0.127295,1.223146,0.4386829,66
7,-0.3117619,1.499223,0.517905,67
7,-0.3768137,1.565236,0.5193611,68
