Case,X,Y,Z,a,v,index
23,-0.04318434,0.9942126,0.5217487,0
23,0.04893875,1.192551,0.6174447,1
23,0.2411786,0.8545536,0.4955142,2
23,0.4051219,1.14031,0.5251307,3
23,0.4555419,0.8775098,0.4997308,4
23,0.1360509,0.6688324,0.3884234,5
23,0.4383813,0.7071878,0.4489489,6
23,0.08793592,1.059492,0.4708866,7
23,0.4181769,1.012355,0.4817792,8
23,0.3297402,1.295802,0.4587604,9
23,0.3275615,0.6316664,0.4826498,10
23,-0.05099338,0.6060132,0.4522144,11
23,0.4374301,1.477364,0.5194858,12
23,0.4594262,1.241617,0.4836181,13
23,-0.068198,1.123165,0.405372,14
23,0.3293029,0.7627922,0.5993955,15
23,-0.2238823,0.7993555,0.5751925,16
23,0.00819242,1.523032,0.5834044,17
23,0.1183952,1.455125,0.4081333,18
23,-0.1839626,0.646596,0.3923326,19
23,0.02181423,0.7384076,0.395931,20
23,0.4209535,1.367256,0.5697814,21
23,-0.09192592,0.7459952,0.4685653,22
23,0.2480849,1.508151,0.6559391,23
23,0.3852829,1.592826,0.5257583,24
23,-0.1817388,1.461983,0.5311183,25
23,0.2471834,1.396004,0.3970704,26
23,0.1156887,1.596273,0.665297,27
23,-0.2922724,0.9253495,0.3874945,28
23,-0.4464157,1.068104,0.4886102,29
23,-0.306554,0.6809703,0.4167845,30
23,-0.4362023,1.350935,0.6332298,31
23,-0.3374475,1.411091,0.597662,32
23,-0.4397666,1.213608,0.4605083,33
23,-0.4461411,0.9074546,0.6487226,34
23,-0.4158199,1.535453,0.5609429,35
23,-0.3893818,0.7747118,0.423505,36
23,-0.2187116,1.595814,0.5271836,37
23,-0.4364499,0.6165788,0.5492371,38
23,-0.4969251,0.7137784,0.4047049,39
23,-0.09372175,1.57646,0.410211,40
