Case,X,Y,Z,a,v,index
5,-0.4236917,1.379919,0.4739637,0
5,-0.3510343,1.262049,0.5151942,1
5,-0.3361703,1.401426,0.5411859,2
5,-0.2401728,1.387114,0.389712,3
5,-0.2411543,1.5293,0.4662354,4
5,-0.3230801,1.584775,0.4775464,5
5,-0.3627274,1.492598,0.5251858,6
5,-0.4580184,1.515637,0.4241901,7
5,-0.1536907,1.287405,0.5031065,8
5,-0.05333394,1.303264,0.4266595,9
5,-0.05583203,1.143731,0.4451215,10
5,-0.07240149,1.501744,0.5177449,11
5,-0.1364601,1.570014,0.4079462,12
5,-0.471402,1.3013,0.5143619,13
5,0.02413112,1.492545,0.5882671,14
5,-0.1672006,1.120064,0.5460958,15
5,0.1189915,1.497894,0.5221604,16
5,0.2345369,1.550643,0.5138162,17
5,0.3629864,1.469936,0.5222261,18
5,0.1232017,1.228761,0.5149504,19
5,0.2808809,1.369057,0.4653668,20
5,0.08693916,1.057127,0.599196,21
5,-0.4637375,1.189993,0.447869,22
5,-0.1352412,0.9581932,0.4689044,23
5,0.3867007,1.30795,0.5161791,24
5,-0.009540647,1.581754,0.412295,25
5,0.3399487,1.200396,0.3929786,26
5,0.2704908,1.461383,0.4260467,27
5,0.4069086,1.589145,0.4525887,28
5,-0.04334083,0.9708633,0.4757988,29
5,0.2017173,1.167466,0.4729988,30
5,-0.007267088,0.871531,0.5393658,31
5,-0.2159352,0.9983559,0.6353112,32
5,0.09386945,1.591269,0.3884911,33
5,0.02137649,1.193545,0.4865621,34
5,-0.4985571,1.030431,0.5279132,35
5,-0.4144136,0.9731382,0.4886151,36
5,0.0853501,0.9439493,0.5146805,37
5,0.4943095,1.555588,0.4451413,38
5,0.4562805,1.378667,0.425393,39
5,-0.270602,0.8584629,0.4028125,40
5,0.2002844,0.9856838,0.6179339,41
5,0.4247269,1.155584,0.4272623,42
5,-0.1098399,0.7017295,0.4006429,43
5,-0.3872759,1.125813,0.4010789,44
5,-0.3302666,0.927451,0.5352837,45
5,-0.2691538,0.6720788,0.6822647,46
5,-0.3409866,1.028156,0.6320433,47
5,0.006391108,0.7155195,0.4205299,48
5,0.008321166,0.6248311,0.5424471,49
5,0.4186081,1.051881,0.4569393,50
5,0.1393548,0.6704996,0.499872,51
5,0.288992,0.7344834,0.5126097,52
5,-0.09754995,1.06045,0.616935,53
5,0.3994049,0.9462279,0.4062388,54
5,0.3050218,0.9214715,0.4559782,55
5,-0.3435917,0.8035582,0.6006668,56
5,0.3695582,0.8021809,0.508692,57
5,-0.3611657,0.6928428,0.6065741,58
5,-0.4740769,0.823333,0.3981546,59
5,-0.491163,0.6561128,0.4629508,60
5,-0.1638312,0.6028852,0.6416312,61
5,0.207973,0.606837,0.6616243,62
5,0.3568868,0.6285788,0.496712,63
5,0.4701678,0.8865024,0.4550048,64
5,0.4807681,0.7374817,0.4432602,65
5,0.4945419,0.629858,0.3906501,66
5,0.1833881,0.7634553,0.3907854,67
