Case,X,Y,Z,a,v,index
12,0.3701242,1.182277,0.4180439,0
12,0.4444676,0.9063593,0.4687802,1
12,0.4464175,0.7760707,0.6455188,2
12,0.4508157,1.055449,0.4661126,3
12,0.3671234,0.7092783,0.3880174,4
12,0.4833163,0.6515536,0.6441305,5
12,0.2784894,0.7650559,0.5154987,6
12,0.3980064,0.6140435,0.6789771,7
12,0.3440878,0.8480085,0.4714518,8
12,0.282422,0.647531,0.3898555,9
12,0.1961098,0.7117429,0.5310454,10
12,0.4660882,1.20957,0.4889902,11
12,0.08959901,0.9824455,0.4234127,12
12,0.3844547,0.9908252,0.4646201,13
12,0.1337953,0.6122114,0.5806389,14
12,0.009563386,0.6574029,0.5593666,15
12,0.1806495,1.140012,0.4335966,16
12,0.03207695,0.881165,0.4280575,17
12,0.2033603,1.012025,0.4604576,18
12,0.03188789,1.153444,0.4903971,19
12,0.37257,1.357161,0.4681997,20
12,-0.12775,0.9879413,0.5250226,21
12,-0.09095055,0.6862608,0.4137044,22
12,-0.1839049,0.7346189,0.5286615,23
12,-0.09615824,1.255751,0.4059508,24
12,0.308668,1.443402,0.4046494,25
12,-0.0161126,1.042437,0.4913788,26
12,0.1031228,1.266988,0.6121062,27
12,-0.002684087,1.330394,0.4812943,28
12,0.2113459,1.442386,0.5427803,29
12,-0.1159263,1.124254,0.4528354,30
12,-0.1477376,0.6067415,0.4249437,31
12,-0.3200582,0.815388,0.5358891,32
12,-0.3080754,0.7189139,0.494749,33
12,-0.2495917,0.634572,0.6521503,34
12,0.09215504,0.7038483,0.4037214,35
12,-0.1917458,1.211375,0.4982697,36
12,0.4096038,1.463017,0.5203638,37
12,0.4819146,1.322052,0.394076,38
12,0.3888232,1.588351,0.417016,39
12,0.203669,1.573551,0.4226075,40
12,-0.4039194,0.6580697,0.4495441,41
12,0.09507221,1.469456,0.6329907,42
12,-0.02443889,1.455598,0.6539344,43
12,-0.4470902,0.8394509,0.4837781,44
12,-0.3998196,0.7513408,0.4952129,45
12,-0.1451267,1.480111,0.4720865,46
12,-0.380179,1.127614,0.5456139,47
12,-0.4805922,0.9823921,0.4011169,48
12,-0.4944677,0.7246354,0.4102729,49
12,-0.28488,1.349129,0.6173728,50
12,-0.4280325,1.26663,0.5241227,51
12,-0.2887229,1.445024,0.4425747,52
12,-0.4770563,1.109232,0.4557661,53
12,-0.3801252,1.49747,0.4180764,54
12,0.3036092,1.553356,0.446413,55
12,-0.3947157,1.015061,0.5637285,56
12,-0.3955244,1.37256,0.4138124,57
12,-0.2868976,1.575961,0.650228,58
12,0.08557433,1.573303,0.4543649,59
12,0.4675968,1.544808,0.43002,60
12,-0.4768232,1.415926,0.4945248,61
12,-0.4756763,1.589185,0.6474607,62
12,-0.491528,0.6267601,0.4943186,63
12,-0.1375423,1.598808,0.6217324,64
12,-0.006308049,1.573166,0.5047243,65
