Case,X,Y,Z,modeSelected
9,0.09249797,1.422329,0.3742278,Tap
23,-0.1855861,1.344794,0.3155298,Tap
36,-0.1802166,1.084664,0.3327107,Tap
