Case,X,Y,Z,a,v,index
34,0.2777024,0.8375412,0.5318748,0
34,0.1664311,0.670546,0.6718887,1
34,0.3422856,0.9741812,0.429581,2
34,0.4003472,1.154662,0.6616485,3
34,0.2638447,0.6128839,0.3886383,4
34,0.3059537,1.315766,0.5970236,5
34,0.3984371,0.8395079,0.4274082,6
34,0.4277458,0.6271738,0.6416335,7
34,0.3543562,0.7339152,0.4839204,8
34,0.1216477,1.088341,0.4362401,9
34,-0.05402845,1.171433,0.6350514,10
34,0.4768794,0.7517662,0.3888626,11
34,-0.002332449,1.034669,0.6525369,12
34,-0.1427993,0.747343,0.4146356,13
34,0.4593524,1.056525,0.5058437,14
34,-0.3285619,0.6832511,0.4639784,15
34,-0.1551669,1.116339,0.5157533,16
34,-0.007177621,0.6364384,0.3989234,17
34,0.1095927,1.450091,0.4241766,18
34,0.1670853,0.8043686,0.4432116,19
34,-0.490806,0.6745516,0.4547497,20
34,-0.08754757,1.45082,0.4354694,21
34,-0.3920419,0.968031,0.5638976,22
34,0.48711,0.9058129,0.5005053,23
34,-0.3514071,1.211447,0.5913326,24
34,-0.1823549,0.6145123,0.4178115,25
34,-0.3712955,0.8320369,0.4950523,26
34,-0.2263582,0.822596,0.4697656,27
34,-0.4560768,1.059562,0.6106942,28
34,0.00383532,1.516025,0.551737,29
34,0.4984918,1.36676,0.4244252,30
34,0.2285853,1.484399,0.6414369,31
34,-0.339658,1.075689,0.4075947,32
34,-0.2927218,1.314997,0.5561553,33
34,0.4307065,1.261246,0.6156853,34
34,-0.2014821,1.431201,0.4290126,35
34,-0.1183228,1.561711,0.3953901,36
34,-0.4787096,0.8862045,0.508712,37
34,0.1500928,1.562711,0.4516409,38
34,0.2666546,1.588521,0.5142032,39
34,-0.4767739,1.220574,0.390862,40
34,-0.3059981,1.480107,0.4012012,41
34,-0.4364218,1.32708,0.4156517,42
34,0.3323421,1.425084,0.4208049,43
34,0.4363207,1.468471,0.3988409,44
34,-0.4561355,1.516689,0.4973185,45
34,0.4200652,1.582513,0.5709659,46
34,-0.263252,1.599532,0.5364206,47
