Case,X,Y,Z,a,v,index
32,-0.2780068,1.470732,0.4407164,0
32,-0.3191495,1.34453,0.4273642,1
32,-0.4779992,1.541077,0.4712058,2
32,-0.2719156,1.589713,0.588008,3
32,-0.4088144,1.447086,0.5157367,4
32,-0.1559264,1.556402,0.6469674,5
32,-0.1529751,1.429497,0.4851027,6
32,-0.4471014,1.266195,0.5261042,7
32,-0.396771,1.159251,0.3880427,8
32,0.05855238,1.58949,0.4883854,9
32,-0.08360159,1.214856,0.6105617,10
32,-0.01573643,1.493653,0.6732223,11
32,-0.4964016,1.072494,0.4521705,12
32,0.1883995,1.568918,0.5553436,13
32,-0.3531768,1.054007,0.4148999,14
32,-0.4945068,1.367984,0.4873265,15
32,-0.116456,1.015527,0.4800806,16
32,0.03971308,1.153224,0.5256137,17
32,-0.01982215,0.955097,0.4575645,18
32,-0.4473267,0.9350852,0.647669,19
32,0.1005943,1.451986,0.52461,20
32,-0.2611245,0.8642624,0.5929734,21
32,0.1333507,1.009739,0.5279126,22
32,0.217596,1.420658,0.423684,23
32,0.3763959,1.547666,0.4147952,24
32,0.3501114,1.230271,0.4088892,25
32,-0.1402781,0.701728,0.5535269,26
32,-0.4314097,0.7761112,0.5344217,27
32,0.02652007,0.7307147,0.4460287,28
32,0.1373619,0.7408451,0.6222301,29
32,0.208514,0.642377,0.3932616,30
32,0.3904971,1.434248,0.4093023,31
32,-0.2734228,0.7546922,0.4208383,32
32,0.4856389,1.162052,0.5228881,33
32,-0.01060444,0.6132415,0.4964643,34
32,0.3890041,0.7041485,0.5003868,35
32,0.4880969,0.6285436,0.5174895,36
32,0.333151,0.9140787,0.6573042,37
32,-0.397907,0.6199264,0.4340579,38
32,0.386224,1.100352,0.6609737,39
32,0.4374813,0.8487814,0.4291418,40
32,-0.2563644,0.6340743,0.4584311,41
32,0.4807322,1.024816,0.4032103,42
32,0.3039011,0.7754599,0.4226841,43
32,0.4820269,1.342244,0.4701137,44
32,0.4955317,1.585192,0.5033969,45
