Case,X,Y,Z,a,v,index
33,-0.3197303,0.6194752,0.4582127,0
33,-0.2087148,0.6101577,0.6604197,1
33,-0.2570816,0.7980679,0.4481374,2
33,-0.4690032,0.7035824,0.4881386,3
33,-0.0624736,0.6044362,0.4041509,4
33,0.05628341,0.6324747,0.4815538,5
33,-0.1454047,0.7282166,0.5198215,6
33,-0.3799525,0.8175563,0.388333,7
33,-0.00446102,0.7480824,0.4952293,8
33,-0.02904853,0.9619017,0.5234705,9
33,0.04199016,1.132201,0.4448712,10
33,-0.09693056,1.048947,0.4053727,11
33,-0.4669473,0.888384,0.508006,12
33,0.1763592,0.6927515,0.6073049,13
33,0.1357405,1.063312,0.453451,14
33,0.2421894,0.8051753,0.559355,15
33,0.3385248,1.003764,0.6250122,16
33,-0.3852154,0.9737144,0.6608719,17
33,-0.4813076,1.145322,0.6753572,18
33,-0.4830022,1.026774,0.5247902,19
33,-0.05220798,1.223658,0.4785936,20
33,0.3857364,0.7432073,0.5176009,21
33,-0.06575927,1.471786,0.608584,22
33,0.2772986,0.9111686,0.4600326,23
33,0.0461691,1.477745,0.4385366,24
33,0.1881331,1.435242,0.5698189,25
33,-0.05229598,1.587889,0.4409778,26
33,0.431295,0.8449447,0.3967252,27
33,-0.2369038,1.430692,0.3951089,28
33,-0.3618361,1.267425,0.5678867,29
33,0.3197973,1.405741,0.6834646,30
33,0.297629,0.6198196,0.5063162,31
33,0.1581602,1.557489,0.5258404,32
33,-0.2277676,1.585827,0.3950208,33
33,0.4473408,1.089912,0.506219,34
33,-0.3464934,1.466601,0.6195964,35
33,0.4660434,1.202582,0.5267341,36
33,-0.466611,1.316482,0.6088672,37
33,0.4438223,0.6372915,0.4740018,38
33,-0.4563255,1.553414,0.5681875,39
33,-0.4967608,1.444587,0.4048599,40
33,-0.3451278,1.590344,0.5129214,41
33,0.3506388,1.560984,0.610428,42
33,0.4849116,1.592799,0.5622088,43
33,0.4533786,1.38444,0.4568619,44
33,0.4554065,0.9736408,0.5201052,45
