Case,X,Y,Z,a,v,index
39,0.3399369,1.216096,0.4545739,0
39,0.06045675,1.242463,0.4876981,1
39,0.09575808,1.128646,0.5300528,2
39,-0.04675952,1.160851,0.4610455,3
39,0.324496,0.9866744,0.5564377,4
39,0.1130248,0.7565259,0.5187274,5
39,0.4371348,1.323224,0.4461943,6
39,0.01219052,0.993651,0.6057384,7
39,0.4899578,1.448773,0.4113795,8
39,-0.08088779,0.7157208,0.5137097,9
39,0.2798242,1.393262,0.4064897,10
39,0.4326222,1.079491,0.6241829,11
39,0.231475,1.499813,0.5502856,12
39,0.1813222,0.66944,0.471568,13
39,0.2114862,0.8323228,0.494982,14
39,0.347777,1.531862,0.5182678,15
39,0.04579347,0.6181342,0.4463481,16
39,0.3789772,0.7554146,0.4684055,17
39,0.4534262,0.9606633,0.6118501,18
39,-0.1630268,0.6355991,0.4399718,19
39,0.4731272,1.594054,0.5173419,20
39,0.3481997,0.8743489,0.5094603,21
39,-0.09415591,1.049701,0.6703081,22
39,-0.3062166,0.7568684,0.6765513,23
39,0.09968913,1.580411,0.4068537,24
39,-0.01366416,1.448282,0.6780271,25
39,0.4947066,0.8434402,0.4711861,26
39,0.4692273,0.666739,0.6535062,27
39,0.3015789,0.6701624,0.3873753,28
39,-0.2236644,1.392837,0.4828647,29
39,-0.3491482,0.8810123,0.5490477,30
39,-0.08311296,1.559227,0.5022153,31
39,0.4901053,1.173903,0.6615944,32
39,-0.4858206,0.7401143,0.4007285,33
39,-0.4827951,0.8773026,0.5502262,34
39,-0.3259304,1.586941,0.6696922,35
39,-0.3852929,0.6316778,0.5156304,36
39,-0.4429477,1.002318,0.4649479,37
39,-0.4158984,1.272499,0.4362475,38
39,-0.4854766,1.113615,0.4724308,39
39,-0.2744391,0.6213977,0.6403075,40
39,-0.3660442,1.457761,0.4165471,41
39,-0.2118069,1.579481,0.6486564,42
39,-0.4868219,1.46849,0.5414165,43
39,-0.4970936,0.6127017,0.4700954,44
39,-0.3013878,1.302453,0.4168846,45
