Case,X,Y,Z,a,v,index
44,-0.1152269,1.459708,0.4212703,0
44,0.08639407,1.14352,0.4056691,1
44,-0.2957572,1.355853,0.4022646,2
44,-0.1006594,1.210386,0.5356251,3
44,0.1747785,1.422019,0.6799483,4
44,0.0797019,1.585255,0.4712212,5
44,0.3974426,1.175603,0.4124039,6
44,0.1339665,1.035326,0.452413,7
44,0.2134618,1.578127,0.4410881,8
44,0.2675947,1.354327,0.4347006,9
44,0.3676519,0.9931097,0.6539597,10
44,-0.1867914,1.375142,0.6711854,11
44,-0.4080095,1.388047,0.4320358,12
44,0.3123724,1.482345,0.5239869,13
44,0.003992617,1.487729,0.5479008,14
44,-0.2670633,1.576562,0.4225399,15
44,0.4307281,1.530177,0.4784106,16
44,-0.2237729,0.7959017,0.4829183,17
44,-0.418207,1.518465,0.5708815,18
44,0.422358,1.407844,0.3992698,19
44,-0.3420761,0.8170471,0.5893566,20
44,-0.3194771,1.469309,0.6805701,21
44,-0.005096912,1.042447,0.5458739,22
44,-0.1188856,1.575455,0.6471115,23
44,0.4711949,0.8552654,0.4954363,24
44,-0.3687426,1.267335,0.3916009,25
44,-0.3698151,1.004688,0.4391219,26
44,-0.09956709,0.7048731,0.4421606,27
44,0.01950109,1.240084,0.4174373,28
44,-0.3650328,0.6819937,0.4468929,29
44,-0.4998064,0.8295761,0.4172836,30
44,-0.4837612,0.945189,0.6297458,31
44,0.1039754,0.7678976,0.4091944,32
44,-0.4697825,1.084587,0.6368823,33
44,0.08473557,0.6127239,0.4756956,34
44,-0.2064633,0.6379846,0.4693415,35
44,0.4887085,1.049595,0.4577447,36
44,0.2644665,0.6705368,0.5161499,37
44,0.3045452,0.7759336,0.4714788,38
44,-0.4996241,1.242079,0.4743269,39
44,0.3852997,1.299301,0.5002289,40
44,-0.4974052,0.6693391,0.6371614,41
44,0.4931325,1.24607,0.5645101,42
44,0.4408292,0.627739,0.6201162,43
44,0.4145756,0.7570799,0.4115432,44
44,0.3012792,0.8860451,0.5979413,45
44,-0.02699968,0.600678,0.4035347,46
