Case,X,Y,Z,a,v,index
9,0.3488177,0.778896,0.496067,0
9,0.3008358,0.697028,0.5118326,1
9,0.4347376,0.6616335,0.6511697,2
9,0.4536091,0.8791662,0.6387347,3
9,0.469316,0.7732154,0.6760983,4
9,0.303499,0.6022884,0.5813601,5
9,0.4362853,1.009791,0.5583355,6
9,0.4921825,1.09003,0.6240055,7
9,0.2136672,1.06798,0.418023,8
9,0.4540554,1.203233,0.399267,9
9,0.3462772,0.8885531,0.4698004,10
9,0.1992872,0.742202,0.6672366,11
9,0.1511558,0.6208963,0.4570743,12
9,0.09459203,0.7237913,0.517858,13
9,0.3664721,1.22648,0.4195483,14
9,0.01683468,0.6572207,0.6825502,15
9,0.09791124,1.003045,0.587161,16
9,0.2694829,1.346195,0.5677733,17
9,-0.04950175,0.7397292,0.5158235,18
9,0.4477885,1.34988,0.4134326,19
9,0.05844051,1.102358,0.6368304,20
9,-0.1490551,0.6450445,0.5125443,21
9,-0.05454108,0.9386307,0.6499684,22
9,0.2576457,0.8286129,0.485895,23
9,-0.1833769,0.7980596,0.4631405,24
9,0.1739385,1.182791,0.5233295,25
9,0.06532264,1.192267,0.4877883,26
9,0.3663334,1.414148,0.4827411,27
9,-0.05846703,1.178781,0.3923771,28
9,0.1211624,1.277744,0.4405175,29
9,-0.2739692,0.6033288,0.6683569,30
9,-0.360884,0.802093,0.5000664,31
9,-0.3686657,0.9135329,0.4223797,32
9,-0.271823,0.7781336,0.4335334,33
9,0.3106644,1.544148,0.5802617,34
9,-0.07319194,1.089597,0.629233,35
9,-0.461977,0.9921564,0.3964498,36
9,-0.4426965,0.7587916,0.4063306,37
9,-0.4118688,1.141658,0.653645,38
9,0.4530125,1.510748,0.5648024,39
9,-0.3675558,0.6743289,0.424944,40
9,-0.4503772,0.6142411,0.4812461,41
9,0.4054822,1.590431,0.5103024,42
9,0.4940095,1.42846,0.4679503,43
9,-0.4615832,0.8611921,0.499433,44
9,-0.1720218,1.029858,0.3971811,45
9,-0.1882941,1.121469,0.5567275,46
9,-0.005484343,1.017635,0.5194545,47
9,-0.4927758,1.080562,0.4634153,48
9,-0.129785,1.282464,0.440683,49
9,0.1338615,1.55652,0.5344907,50
9,0.05117142,1.337271,0.3980986,51
9,0.2737904,1.451555,0.5062652,52
9,0.2217969,1.588822,0.472795,53
9,-0.0623205,1.34612,0.466503,54
9,-0.3465214,1.333844,0.5138133,55
9,-0.3321229,1.441937,0.5147638,56
9,-0.03568828,1.524695,0.4519958,57
9,-0.3659637,1.221476,0.5072982,58
9,-0.4825236,1.350485,0.6000631,59
9,-0.2203856,1.46721,0.6177189,60
9,-0.4825652,1.23419,0.5905744,61
9,-0.1104492,1.58437,0.5104143,62
9,-0.2681144,1.55238,0.6273276,63
9,0.02951533,1.593865,0.5481831,64
9,-0.4725565,1.452929,0.5148473,65
9,-0.4162961,1.582988,0.514466,66
9,-0.1087166,1.461608,0.4891849,67
