Case,X,Y,Z,a,v,index
19,0.2777024,0.8375412,0.4298261,0
19,0.1664311,0.670546,0.6242847,1
19,0.3422856,0.9741812,0.5267559,2
19,0.4003472,1.154662,0.4081383,3
19,0.2638447,0.6128839,0.5280477,4
19,0.3059537,1.315766,0.4839138,5
19,0.3984371,0.8395079,0.5136123,6
19,0.4277458,0.6271738,0.4311379,7
19,0.3543562,0.7339152,0.392648,8
19,0.1216477,1.088341,0.5095428,9
19,-0.05402845,1.171433,0.5204878,10
19,0.4768794,0.7517662,0.5093117,11
19,-0.002332449,1.034669,0.4743943,12
19,-0.1427993,0.747343,0.4976177,13
19,0.4593524,1.056525,0.5175538,14
19,-0.3285619,0.6832511,0.6544126,15
19,-0.1551669,1.116339,0.5273163,16
19,-0.007177621,0.6364384,0.4555232,17
19,0.1095927,1.450091,0.4026438,18
19,0.1670853,0.8043686,0.4471009,19
19,-0.490806,0.6745516,0.4094075,20
19,-0.08754757,1.45082,0.6835711,21
19,-0.3920419,0.968031,0.6243755,22
19,0.48711,0.9058129,0.4870619,23
19,-0.3514071,1.211447,0.5972978,24
19,-0.1823549,0.6145123,0.5042929,25
19,-0.3712955,0.8320369,0.5249164,26
19,-0.2263582,0.822596,0.5784341,27
19,-0.4560768,1.059562,0.4310031,28
19,0.00383532,1.516025,0.6354617,29
19,0.4984918,1.36676,0.48239,30
19,0.2285853,1.484399,0.5058552,31
19,-0.339658,1.075689,0.5206387,32
19,-0.2927218,1.314997,0.4151013,33
19,0.4307065,1.261246,0.5277127,34
19,-0.2014821,1.431201,0.4509154,35
19,-0.1183228,1.561711,0.4599498,36
19,-0.4787096,0.8862045,0.5273302,37
19,0.1500928,1.562711,0.6696251,38
19,0.2666546,1.588521,0.5736325,39
19,-0.4767739,1.220574,0.4612702,40
19,-0.3059981,1.480107,0.674572,41
19,-0.4364218,1.32708,0.4499988,42
19,0.3323421,1.425084,0.4625556,43
19,0.4363207,1.468471,0.4519165,44
19,-0.4561355,1.516689,0.4630198,45
19,0.4200652,1.582513,0.6228687,46
19,-0.263252,1.599532,0.4909604,47
