Case,X,Y,Z,a,v,index
8,-0.3458372,1.34005,0.4367683,0
8,-0.4034975,1.438043,0.4203147,1
8,-0.2210229,1.252571,0.5072802,2
8,-0.2234449,1.139754,0.4609739,3
8,-0.3629966,1.547799,0.5293894,4
8,-0.3263729,1.170487,0.6577042,5
8,-0.3106747,1.453125,0.4126236,6
8,-0.1876021,1.374695,0.5092186,7
8,-0.434588,1.253718,0.5340937,8
8,-0.481371,1.346345,0.5440594,9
8,-0.1214565,1.143061,0.5946381,10
8,-0.3765599,1.061554,0.6468784,11
8,-0.4696719,1.162914,0.6599342,12
8,-0.1314842,1.051242,0.5097212,13
8,0.01798838,1.112967,0.5775664,14
8,-0.1990624,0.9465977,0.4376343,15
8,-0.46455,1.549123,0.6265074,16
8,-0.3628358,0.8663869,0.4216498,17
8,0.1327474,1.145534,0.3875768,18
8,-0.03909609,1.015933,0.6417208,19
8,-0.0005242527,1.517046,0.5341564,20
8,0.07508183,1.251856,0.6696963,21
8,-0.4600436,0.9263271,0.560375,22
8,0.06344026,0.9957095,0.6459726,23
8,-0.4929889,1.456939,0.6623858,24
8,-0.06884298,1.276343,0.4271265,25
8,-0.4636094,0.749092,0.5556387,26
8,-0.161178,1.53544,0.4797136,27
8,-0.3400123,0.652235,0.4545407,28
8,-0.3642945,0.7491822,0.4941747,29
8,0.2070844,1.030413,0.4033999,30
8,0.09054881,1.475584,0.5154275,31
8,0.2889305,0.9156278,0.4420426,32
8,-0.2217135,0.6874443,0.4630219,33
8,0.2499607,1.152338,0.4045244,34
8,-0.271061,1.569584,0.5196376,35
8,-0.01350144,1.204941,0.5251713,36
8,-0.1223787,0.8903338,0.405581,37
8,-0.4927061,1.075637,0.3993497,38
8,-0.4341244,0.6346959,0.6161879,39
8,0.07739168,1.577726,0.4676336,40
8,-0.1257834,1.440262,0.5229871,41
8,0.3622563,1.071604,0.4433279,42
8,0.2348415,0.8025746,0.4430268,43
8,0.4662862,0.9684478,0.4352817,44
8,0.4490998,0.8749988,0.4748933,45
8,-0.2705262,0.8253342,0.6489592,46
8,0.1950276,1.453938,0.4465053,47
8,0.4645781,1.127269,0.4288967,48
8,0.2048156,0.7148217,0.5089729,49
8,0.1868493,1.568223,0.4417296,50
8,0.1889755,1.221253,0.4480679,51
8,0.3776906,0.7358972,0.5746841,52
8,-0.07403904,0.7198348,0.6401708,53
8,0.2808518,1.293569,0.4312947,54
8,0.3331667,0.8164567,0.4972759,55
8,-0.07380074,0.6130551,0.4732212,56
8,0.3597055,1.420712,0.396014,57
8,0.352183,0.6455948,0.4407738,58
8,0.4926065,1.278237,0.5053423,59
8,0.4458382,1.550118,0.5257661,60
8,0.342128,1.559139,0.4391733,61
8,-0.07970515,1.597633,0.415388,62
8,0.04744184,0.654357,0.5100262,63
8,0.2439999,0.6294937,0.4453482,64
8,0.4939827,0.7944577,0.671672,65
8,0.4795541,0.6492746,0.5214752,66
8,0.4879236,1.444523,0.6052694,67
8,0.4114022,1.33564,0.4310748,68
8,0.3683658,0.9649266,0.4215058,69
8,0.1412664,0.6238554,0.5084763,70
