Case,X,Y,Z,a,v,index
4,0.3928602,0.9319798,0.4347166,0
4,0.3870795,1.095788,0.4851769,1
4,0.4171665,0.8068701,0.4605518,2
4,0.4844628,1.198757,0.5082462,3
4,0.3665894,1.248484,0.5142174,4
4,0.4995946,1.094292,0.4378386,5
4,0.3406392,1.370426,0.5724062,6
4,0.3533887,1.460254,0.6223072,7
4,0.2779704,1.287637,0.5702845,8
4,0.4577059,1.284877,0.5444653,9
4,0.4731413,0.9768555,0.4191847,10
4,0.1951841,1.091925,0.4537526,11
4,0.1532867,1.190755,0.6540976,12
4,0.222015,1.447513,0.6109693,13
4,0.1834417,0.955593,0.6213473,14
4,0.4814941,1.373415,0.3977741,15
4,0.08935606,1.486865,0.4860153,16
4,0.2759793,1.562228,0.4809403,17
4,0.05329329,1.271901,0.4223996,18
4,0.06112123,1.04604,0.6491346,19
4,0.4321125,1.512334,0.6676452,20
4,0.04607958,0.8756838,0.5436955,21
4,0.1697345,1.593564,0.4932671,22
4,-0.006830394,1.173457,0.4325716,23
4,0.364178,1.586135,0.5432968,24
4,-0.09587669,1.270222,0.4392436,25
4,0.2156248,0.8118621,0.5252996,26
4,0.1674726,0.6480886,0.494987,27
4,0.09865314,0.7440937,0.5758568,28
4,-0.126202,1.161137,0.6352805,29
4,0.07942116,0.6221603,0.4822904,30
4,0.477481,0.6392059,0.546895,31
4,0.4214007,0.7166036,0.6822603,32
4,0.3175611,0.8377501,0.4925036,33
4,0.01867467,1.553024,0.4536449,34
4,0.35583,0.6402331,0.6376023,35
4,-0.07558656,1.028015,0.4737491,36
4,-0.05707234,1.491649,0.6247119,37
4,0.2728764,0.7059397,0.6784499,38
4,-0.1807685,1.017952,0.4740382,39
4,-0.008920401,0.7009346,0.4035229,40
4,-0.3394679,1.238357,0.4299872,41
4,-0.1998626,1.526071,0.6197127,42
4,-0.3262774,1.333005,0.3890158,43
4,-0.1624483,0.7004294,0.423637,44
4,-0.003245026,0.9687978,0.6318398,45
4,-0.05698285,0.6232783,0.6121744,46
4,-0.3911032,0.8021678,0.5143015,47
4,-0.3685863,1.058924,0.4817864,48
4,-0.2979271,0.61435,0.395023,49
4,-0.06178674,0.7834869,0.6864879,50
4,-0.3805791,0.9324174,0.4534543,51
4,-0.1330408,1.594822,0.411044,52
4,-0.4479376,1.013614,0.4747463,53
4,-0.2860168,1.552818,0.4627778,54
4,-0.3984408,1.159038,0.4186263,55
4,-0.2963307,1.440388,0.4913047,56
4,-0.4727394,0.9153337,0.6648034,57
4,-0.4393538,1.595273,0.4247279,58
4,-0.3647738,0.7074432,0.4759124,59
4,-0.2845776,0.7512997,0.4945017,60
4,-0.4689756,1.27928,0.6248621,61
4,-0.4934732,0.6705472,0.6100312,62
4,-0.4886606,0.805245,0.4344854,63
4,-0.4916692,1.094366,0.5554141,64
4,-0.4416841,1.431305,0.6299149,65
4,-0.4026059,0.6243059,0.5406747,66
4,-0.1953973,0.6158762,0.5001304,67
4,-0.179695,1.429937,0.6542982,68
4,0.2566507,0.6067536,0.4996279,69
