Case,X,Y,Z,a,v,index
3,-0.2780068,1.470732,0.4657585,0
3,-0.311669,1.367476,0.6490179,1
3,-0.4416369,1.528287,0.4315142,2
3,-0.2730231,1.56808,0.4840808,3
3,-0.3850312,1.451385,0.5151136,4
3,-0.488465,1.357495,0.4288388,5
3,-0.3862573,1.271523,0.5195469,6
3,-0.1640204,1.570835,0.4075019,7
3,-0.1888795,1.413711,0.5651026,8
3,-0.006198049,1.4971,0.4670449,9
3,-0.495806,1.448394,0.3926764,10
3,-0.4873517,1.250602,0.4789404,11
3,-0.4265938,1.11304,0.3983082,12
3,-0.001387745,1.594367,0.4972824,13
3,-0.119002,1.485277,0.6046942,14
3,-0.3359566,1.151986,0.4275146,15
3,-0.1641217,1.190305,0.5575581,16
3,-0.4754477,1.025969,0.4589111,17
3,-0.3653596,0.9616824,0.5327305,18
3,0.1673894,1.534005,0.4980632,19
3,0.1249143,1.299602,0.478707,20
3,-0.05445933,1.209683,0.4930543,21
3,-0.1496458,1.086043,0.3926972,22
3,-0.05480605,1.101994,0.4815054,23
3,0.2631181,1.508373,0.4432383,24
3,-0.4714012,0.9142951,0.4524376,25
3,0.0792824,1.171135,0.5436166,26
3,0.1958642,1.143649,0.6798356,27
3,0.04406834,0.9690115,0.601954,28
3,0.3639746,1.488266,0.5312456,29
3,0.1805395,0.9927279,0.4218129,30
3,-0.1285705,0.9379319,0.6684222,31
3,-0.2786028,0.8873794,0.4474751,32
3,0.3132661,1.591809,0.5844339,33
3,0.08881646,1.076876,0.4224051,34
3,0.345085,0.9538922,0.4449998,35
3,0.1564491,0.7184366,0.5164446,36
3,-0.3701381,0.860936,0.4625249,37
3,0.2545202,1.055502,0.3921494,38
3,-0.04273769,1.000663,0.629985,39
3,0.09721261,1.595712,0.4632,40
3,0.08879751,0.8855755,0.4652591,41
3,0.4132206,0.8303999,0.4769209,42
3,0.2864301,1.297933,0.3871988,43
3,0.2117199,1.239411,0.5614401,44
3,0.4122747,1.388731,0.4904391,45
3,0.3201192,0.7763557,0.4334906,46
3,0.4353959,1.254677,0.4716469,47
3,-0.4987572,0.7581188,0.4872069,48
3,0.03205782,1.260852,0.6373304,49
3,-0.1143249,0.7264947,0.6780888,50
3,0.4229287,1.58591,0.6691006,51
3,-0.1882083,0.8242181,0.6730673,52
3,0.2861532,0.6611179,0.5108907,53
3,-0.2325762,0.7358916,0.6257259,54
3,-0.2026304,0.6036414,0.6173522,55
3,0.2391597,1.41082,0.6202154,56
3,0.4844208,1.500907,0.4404515,57
3,-0.3595264,0.6742043,0.613382,58
3,0.001459897,0.6326764,0.4867107,59
3,-0.3393167,0.7691972,0.4752136,60
3,-0.1046062,0.6289529,0.4414985,61
3,0.1098998,0.6195414,0.3880847,62
3,-0.4616017,0.6556247,0.6634001,63
3,0.4212714,1.152434,0.4084319,64
3,0.377198,0.6910788,0.5277022,65
3,0.4599636,0.6160378,0.394116,66
3,0.4745601,0.7107657,0.5586679,67
3,0.4373066,0.9991521,0.3951759,68
3,0.3621837,0.6008539,0.4809939,69
3,0.4978318,0.8881812,0.4188701,70
