Case,X,Y,Z,a,v,index
21,0.1503742,1.105453,0.4641225,0
21,0.2652519,0.8869836,0.6238454,1
21,0.00965488,1.110198,0.6031127,2
21,0.4148624,1.108986,0.417873,3
21,0.2683337,1.404044,0.525279,4
21,0.3990864,1.320777,0.418583,5
21,-0.1407425,1.160795,0.4459449,6
21,0.125744,1.492939,0.4278996,7
21,-0.1260976,1.458038,0.6631777,8
21,-0.03289402,1.001854,0.4578386,9
21,0.4333869,1.512408,0.5530282,10
21,0.04926842,1.572926,0.4926257,11
21,0.4902207,1.1929,0.4789163,12
21,0.2572667,1.514809,0.4023964,13
21,-0.1939112,1.367578,0.4709964,14
21,0.4098923,0.9534307,0.5151448,15
21,0.4287662,0.7709529,0.5239022,16
21,0.1534364,0.7708679,0.6614401,17
21,0.3271669,0.6391824,0.4254659,18
21,-0.2618656,1.493422,0.4283213,19
21,0.1788677,0.6150171,0.6011807,20
21,-0.04033139,0.6844602,0.6700032,21
21,-0.2123614,0.8288589,0.6236594,22
21,-0.1882064,0.703989,0.6088871,23
21,-0.405256,1.423318,0.4198791,24
21,-0.3478466,1.573303,0.5670139,25
21,-0.3598947,0.9974327,0.5134987,26
21,0.4951141,0.6291238,0.4467328,27
21,0.296602,0.7740636,0.4676937,28
21,-0.4848161,1.247143,0.4067127,29
21,-0.3899602,1.104665,0.4986742,30
21,0.08525407,0.6781737,0.5273086,31
21,-0.3706748,0.8240129,0.4341767,32
21,-0.4931551,1.49756,0.4176793,33
21,-0.1096162,1.599438,0.4996376,34
21,-0.4510778,0.6402363,0.3934978,35
21,-0.3134905,0.6974298,0.4163927,36
21,-0.3163974,1.339981,0.4343164,37
21,-0.4786918,0.9309626,0.4167076,38
21,-0.4987665,1.082841,0.4572752,39
