Case,X,Y,Z,a,v,index
12,-0.4043737,1.023242,0.6252103,0
12,-0.3413654,0.8406861,0.594643,1
12,-0.2237309,0.8179217,0.4793098,2
12,-0.1360621,1.026659,0.4307799,3
12,-0.08939978,1.183312,0.4385998,4
12,-0.1621246,0.6650287,0.5034674,5
12,-0.007927567,0.6799365,0.5735227,6
12,-0.2774536,0.7105929,0.6117239,7
12,0.1072642,0.6965817,0.5559398,8
12,-0.3681386,0.6182284,0.5490429,9
12,-0.4252845,0.7333893,0.5578654,10
12,-0.446298,0.8808436,0.5788471,11
12,0.02956063,1.010132,0.4635687,12
12,0.3716919,1.02324,0.4967073,13
12,0.1819428,0.8249121,0.5243857,14
12,-0.4915114,0.6105524,0.5189506,15
12,0.1060021,1.090734,0.5218249,16
12,0.301729,0.9285388,0.423252,17
12,0.2398115,0.6712039,0.467274,18
12,0.1034955,1.207892,0.6811075,19
12,0.3399343,0.817396,0.425779,20
12,-0.3602212,1.349825,0.5279762,21
12,-0.4596093,1.15985,0.565492,22
12,-0.1136853,1.445098,0.50846,23
12,0.01870543,1.564901,0.4510804,24
12,-0.2197961,1.376015,0.5068625,25
12,0.4458845,1.273794,0.5411226,26
12,0.4837519,1.101624,0.5474615,27
12,0.3263878,1.443631,0.407978,28
12,0.4580548,0.6942778,0.4233131,29
12,-0.4667735,1.294455,0.5357249,30
12,0.328733,1.309008,0.4813107,31
12,0.179319,1.519936,0.535572,32
12,-0.4892363,1.402777,0.3874883,33
12,0.4886425,0.8995744,0.4734756,34
12,-0.2597047,1.510701,0.4211348,35
12,0.3473152,1.553221,0.4698143,36
12,0.4812436,1.541495,0.5041086,37
12,0.4376163,1.436062,0.5039716,38
12,-0.4740822,1.532675,0.3926021,39
12,-0.09351149,1.599919,0.6321077,40
12,-0.3740522,1.472814,0.6233711,41
12,0.3563902,0.6021509,0.5222279,42
