Case,X,Y,Z,a,v,index
32,0.05079788,1.308148,0.3903405,0
32,0.1459917,1.241543,0.4894502,1
32,0.1693931,1.078866,0.4539551,2
32,-0.0791142,1.223945,0.5142709,3
32,0.07027918,0.9611352,0.6403912,4
32,-0.09468779,1.316744,0.4808969,5
32,-0.07863191,1.090083,0.4691606,6
32,0.3448468,1.323277,0.4068777,7
32,0.1690649,0.9452651,0.6621321,8
32,0.04739827,1.205556,0.5552533,9
32,0.06696564,1.10451,0.4238304,10
32,0.1252836,1.543598,0.399751,11
32,-0.1906662,1.095382,0.6614328,12
32,0.3551239,1.467647,0.4686916,13
32,0.2571737,1.436243,0.4900554,14
32,0.22158,1.537907,0.6292132,15
32,-0.1890076,0.9789701,0.4262721,16
32,0.3145724,0.8551703,0.4374216,17
32,0.4381212,1.105805,0.4959021,18
32,0.03310418,1.59417,0.4265055,19
32,0.4954886,1.367148,0.6265688,20
32,0.3629673,0.9336675,0.4893917,21
32,-0.07003108,0.9964809,0.4349588,22
32,0.4765726,1.520358,0.65294,23
32,0.3246013,1.554535,0.4990178,24
32,0.4103707,1.017673,0.4905333,25
32,0.4157097,1.208416,0.571552,26
32,-0.05328238,1.432814,0.6773018,27
32,0.1747215,0.6907867,0.5838328,28
32,-0.2765987,1.434675,0.5430741,29
32,0.2005388,1.16468,0.4863376,30
32,-0.4699368,1.039769,0.5003499,31
32,0.3933087,0.8013205,0.4508654,32
32,-0.1685671,1.468921,0.6066039,33
32,-0.347912,1.167507,0.5498996,34
32,0.2746617,0.7620283,0.5101058,35
32,-0.3304916,1.520158,0.5554217,36
32,-0.1214219,0.8968913,0.6120001,37
32,-0.3169752,1.280689,0.6315573,38
32,-0.08816075,1.55222,0.4579743,39
32,-0.3481826,0.9532686,0.6775588,40
32,0.03939092,1.449044,0.6514415,41
32,0.08432215,0.7112563,0.5747195,42
32,-0.4401827,1.58776,0.6093245,43
32,0.4561779,0.9181718,0.535642,44
32,0.4785457,0.7720386,0.5044403,45
32,-0.2407038,1.541528,0.6493894,46
32,-0.4053341,1.378944,0.4544465,47
32,0.4135481,0.6522281,0.4755256,48
32,-0.4351551,1.492505,0.4561472,49
32,-0.2902859,0.8763486,0.5030517,50
32,0.3218424,0.6032621,0.4351186,51
32,-0.3832163,0.7834972,0.4466198,52
32,-0.4756298,1.290986,0.5305364,53
32,-0.1776757,1.235185,0.4930185,54
32,-0.484624,1.169293,0.3972634,55
32,-0.07033187,0.6573662,0.4062981,56
32,-0.4707502,0.9165218,0.4526224,57
32,-0.4929003,0.7798056,0.5374854,58
32,0.01394135,0.6228281,0.490385,59
32,-0.2207002,0.7783105,0.684025,60
32,-0.2913744,0.7142367,0.4382443,61
32,-0.1404151,0.7312087,0.5445255,62
32,-0.1889148,0.6383536,0.3987875,63
32,-0.4394311,0.6377807,0.4993971,64
32,-0.2761074,0.6109136,0.4472125,65
32,-0.0189079,0.910104,0.6792921,66
