Case,X,Y,Z,a,v,index
13,0.2374204,1.416169,0.5281101,0
13,0.01707071,1.174902,0.5214365,1
13,0.1169671,1.083888,0.429824,2
13,0.3886437,1.383337,0.4931782,3
13,-0.1501259,1.511472,0.4244217,4
13,0.1741068,1.528488,0.4392183,5
13,0.3574032,1.55749,0.4029971,6
13,0.3633232,1.190615,0.5965372,7
13,-0.2736042,1.473994,0.4230241,8
13,0.4045701,1.014522,0.5038212,9
13,0.08776224,1.433252,0.4265374,10
13,0.05818027,1.544065,0.4942515,11
13,0.1841953,0.783972,0.4567573,12
13,-0.04592878,1.585732,0.524031,13
13,0.01133364,0.9981082,0.4540666,14
13,-0.1376089,1.133049,0.6840014,15
13,0.4812289,1.55835,0.4211441,16
13,0.3913856,0.8451251,0.5308728,17
13,-0.3587896,1.569553,0.3971551,18
13,-0.4691948,1.564839,0.647384,19
13,-0.402465,1.395509,0.3896123,20
13,0.4987053,1.432522,0.4144453,21
13,0.2859144,0.8824232,0.4822018,22
13,-0.2344298,1.596866,0.4045708,23
13,-0.269043,1.351736,0.4614587,24
13,-0.03835362,0.7215165,0.5299751,25
13,-0.4881066,1.197614,0.5707001,26
13,-0.4869292,1.310638,0.4045449,27
13,-0.4715477,1.08322,0.6824855,28
13,0.4624163,0.7373957,0.5704685,29
13,-0.2286435,0.7129505,0.439284,30
13,-0.4012097,0.9936879,0.4246092,31
13,0.3526391,0.6969854,0.5329363,32
13,-0.3666611,1.127537,0.543213,33
13,0.1518359,0.6408662,0.4656243,34
13,0.4897081,1.300762,0.6007191,35
13,-0.2991646,0.8779497,0.4431268,36
13,0.43754,0.6008942,0.529812,37
13,-0.4450197,0.783393,0.4974622,38
13,0.3079759,1.291732,0.3899203,39
13,-0.344888,0.6615737,0.6450381,40
13,-0.4813432,0.6105803,0.4519695,41
13,0.2669009,0.6119646,0.4812776,42
13,0.4741753,1.166401,0.5010071,43
13,-0.1079799,0.6355541,0.6184146,44
13,-0.4980966,0.9363323,0.4792962,45
13,0.03700984,0.6349926,0.4064618,46
