Case,X,Y,Z,a,v,index
3,-0.3197303,0.6194752,0.5281894,0
3,-0.2087148,0.6101577,0.401873,1
3,-0.2570816,0.7980679,0.533574,2
3,-0.4690032,0.7035824,0.4283121,3
3,-0.0624736,0.6044362,0.6445009,4
3,0.05628341,0.6324747,0.5193496,5
3,-0.1454047,0.7282166,0.6672254,6
3,-0.3799525,0.8175563,0.6627092,7
3,-0.00446102,0.7480824,0.4861305,8
3,-0.02904853,0.9619017,0.5034492,9
3,0.04199016,1.132201,0.4932591,10
3,-0.09693056,1.048947,0.5263255,11
3,-0.4669473,0.888384,0.5198067,12
3,0.1763592,0.6927515,0.5280207,13
3,0.1357405,1.063312,0.5245692,14
3,0.2421894,0.8051753,0.450205,15
3,0.3385248,1.003764,0.3954869,16
3,-0.3852154,0.9737144,0.5134169,17
3,-0.4813076,1.145322,0.4100536,18
3,-0.4830022,1.026774,0.4258741,19
3,-0.05220798,1.223658,0.4188341,20
3,0.3857364,0.7432073,0.4938371,21
3,-0.06575927,1.471786,0.6667222,22
3,0.2772986,0.9111686,0.5037791,23
3,0.0461691,1.477745,0.4997393,24
3,0.1881331,1.435242,0.487136,25
3,-0.05229598,1.587889,0.3945778,26
3,0.431295,0.8449447,0.4970843,27
3,-0.2369038,1.430692,0.5706989,28
3,-0.3618361,1.267425,0.6063762,29
3,0.3197973,1.405741,0.4340239,30
3,0.297629,0.6198196,0.4626772,31
3,0.1581602,1.557489,0.6278978,32
3,-0.2277676,1.585827,0.3966708,33
3,0.4473408,1.089912,0.5222512,34
3,-0.3464934,1.466601,0.5979602,35
3,0.4660434,1.202582,0.6727387,36
3,-0.466611,1.316482,0.625118,37
3,0.4438223,0.6372915,0.4665009,38
3,-0.4563255,1.553414,0.4393623,39
3,-0.4967608,1.444587,0.3897135,40
3,-0.3451278,1.590344,0.5876845,41
3,0.3506388,1.560984,0.4340255,42
3,0.4849116,1.592799,0.4491352,43
3,0.4533786,1.38444,0.4092873,44
3,0.4554065,0.9736408,0.4421904,45
