Case,X,Y,Z,a,v,index
14,-0.1152269,1.459708,0.3885611,0
14,0.08639407,1.14352,0.39162,1
14,-0.2957572,1.355853,0.5284608,2
14,-0.1006594,1.210386,0.5850868,3
14,0.1747785,1.422019,0.4021296,4
14,0.0797019,1.585255,0.623636,5
14,0.3974426,1.175603,0.4098556,6
14,0.1339665,1.035326,0.4994439,7
14,0.2134618,1.578127,0.396567,8
14,0.2675947,1.354327,0.5251815,9
14,0.3676519,0.9931097,0.5227953,10
14,-0.1867914,1.375142,0.3992804,11
14,-0.4080095,1.388047,0.4180158,12
14,0.3123724,1.482345,0.4719955,13
14,0.003992617,1.487729,0.5585554,14
14,-0.2670633,1.576562,0.6642574,15
14,0.4307281,1.530177,0.5600969,16
14,-0.2237729,0.7959017,0.5521464,17
14,-0.418207,1.518465,0.4257833,18
14,0.422358,1.407844,0.5989935,19
14,-0.3420761,0.8170471,0.4294777,20
14,-0.3194771,1.469309,0.5868952,21
14,-0.005096912,1.042447,0.5545548,22
14,-0.1188856,1.575455,0.6001819,23
14,0.4711949,0.8552654,0.5027576,24
14,-0.3687426,1.267335,0.4898335,25
14,-0.3698151,1.004688,0.4205616,26
14,-0.09956709,0.7048731,0.4637946,27
14,0.01950109,1.240084,0.6529624,28
14,-0.3650328,0.6819937,0.4975454,29
14,-0.4998064,0.8295761,0.5760153,30
14,-0.4837612,0.945189,0.5240469,31
14,0.1039754,0.7678976,0.5385169,32
14,-0.4697825,1.084587,0.6581857,33
14,0.08473557,0.6127239,0.4714068,34
14,-0.2064633,0.6379846,0.4252277,35
14,0.4887085,1.049595,0.6844994,36
14,0.2644665,0.6705368,0.5773521,37
14,0.3045452,0.7759336,0.4609619,38
14,-0.4996241,1.242079,0.4049943,39
14,0.3852997,1.299301,0.4044563,40
14,-0.4974052,0.6693391,0.4587616,41
14,0.4931325,1.24607,0.3930554,42
14,0.4408292,0.627739,0.4512239,43
14,0.4145756,0.7570799,0.5268483,44
14,0.3012792,0.8860451,0.4723313,45
14,-0.02699968,0.600678,0.4976165,46
