Case,X,Y,Z,a,v,index
8,-0.04318434,0.9942126,0.5707864,0
8,0.04893875,1.192551,0.3991387,1
8,0.2411786,0.8545536,0.5382903,2
8,0.4051219,1.14031,0.4241478,3
8,0.4555419,0.8775098,0.3986473,4
8,0.1360509,0.6688324,0.4111373,5
8,0.4383813,0.7071878,0.4198841,6
8,0.08793592,1.059492,0.4005549,7
8,0.4181769,1.012355,0.4131033,8
8,0.3297402,1.295802,0.4175312,9
8,0.3275615,0.6316664,0.4184687,10
8,-0.05099338,0.6060132,0.4561517,11
8,0.4374301,1.477364,0.4281135,12
8,0.4594262,1.241617,0.6185057,13
8,-0.068198,1.123165,0.4490282,14
8,0.3293029,0.7627922,0.5064358,15
8,-0.2238823,0.7993555,0.5713881,16
8,0.00819242,1.523032,0.4816846,17
8,0.1183952,1.455125,0.4234089,18
8,-0.1839626,0.646596,0.3891013,19
8,0.02181423,0.7384076,0.4494603,20
8,0.4209535,1.367256,0.6439077,21
8,-0.09192592,0.7459952,0.5107921,22
8,0.2480849,1.508151,0.4980395,23
8,0.3852829,1.592826,0.483359,24
8,-0.1817388,1.461983,0.401083,25
8,0.2471834,1.396004,0.4926268,26
8,0.1156887,1.596273,0.426696,27
8,-0.2922724,0.9253495,0.5838391,28
8,-0.4464157,1.068104,0.524213,29
8,-0.306554,0.6809703,0.4669591,30
8,-0.4362023,1.350935,0.5726795,31
8,-0.3374475,1.411091,0.3950935,32
8,-0.4397666,1.213608,0.6591897,33
8,-0.4461411,0.9074546,0.4919285,34
8,-0.4158199,1.535453,0.3897689,35
8,-0.3893818,0.7747118,0.4305092,36
8,-0.2187116,1.595814,0.4585673,37
8,-0.4364499,0.6165788,0.4121612,38
8,-0.4969251,0.7137784,0.6503479,39
8,-0.09372175,1.57646,0.5232052,40
