Case,X,Y,Z,a,v,index
7,-0.4512751,0.8891097,0.3970649,0
7,-0.4284178,0.9991384,0.5322936,1
7,-0.3900135,1.180639,0.6143364,2
7,-0.4094281,1.307068,0.5397041,3
7,-0.3007981,0.8908958,0.4884674,4
7,-0.3099414,1.368162,0.5992509,5
7,-0.3859128,0.7754269,0.5689085,6
7,-0.3256114,0.6419181,0.5007029,7
7,-0.05527267,1.178871,0.5227598,8
7,0.01678163,1.079205,0.6007605,9
7,-0.2511931,0.770799,0.4124242,10
7,-0.1653779,1.466244,0.6712812,11
7,0.1403272,1.154643,0.670791,12
7,-0.4862301,0.6625152,0.5850014,13
7,0.04512173,1.227386,0.4369944,14
7,-0.1144693,1.052389,0.6393441,15
7,-0.02249545,1.493781,0.4051022,16
7,-0.1191965,0.6047921,0.4349916,17
7,-0.4123527,1.51706,0.5373147,18
7,-0.1066378,0.7231603,0.4922325,19
7,0.0418278,0.6670396,0.5652524,20
7,0.1505885,1.481281,0.4303232,21
7,0.3374889,1.39797,0.4990042,22
7,-0.2447497,1.557319,0.4415999,23
7,0.1266304,0.7709303,0.5398836,24
7,0.1755745,0.6673403,0.425756,25
7,0.3413255,1.568191,0.4500557,26
7,0.0342465,1.593977,0.6165051,27
7,0.2660382,0.772312,0.4143929,28
7,0.3426709,1.01746,0.5731216,29
7,0.1577493,1.59708,0.594832,30
7,0.3897439,0.6955571,0.5756282,31
7,0.459448,0.8848189,0.4437877,32
7,0.3794029,1.256297,0.6126928,33
7,0.4912478,1.072582,0.454305,34
7,0.303413,0.6001944,0.389193,35
7,-0.1229964,1.578539,0.4532695,36
7,0.4795337,1.564472,0.5520368,37
7,0.3569711,0.8379015,0.4245318,38
7,0.4356753,1.451411,0.6685289,39
7,0.4677022,1.344179,0.4520531,40
7,0.3855085,1.133822,0.5552629,41
