Case,X,Y,Z,a,v,index
45,-0.2514899,1.049975,0.5549017,0
45,-0.3765767,1.028103,0.5322229,1
45,-0.3250244,0.8787388,0.4177231,2
45,-0.157049,1.030898,0.6566617,3
45,-0.1188707,1.159069,0.4841814,4
45,-0.1783729,0.735019,0.6683416,5
45,-0.05221164,0.7472163,0.3999146,6
45,-0.2727329,0.7722988,0.4828249,7
45,-0.03257033,0.6362029,0.4752807,8
45,0.03165966,0.9217459,0.4818368,9
45,0.1362704,1.04142,0.5575277,10
45,-0.1142328,0.9452485,0.5421216,11
45,-0.3140677,0.6624167,0.4263127,12
45,0.04417622,0.7052257,0.4597085,13
45,-0.347742,1.177143,0.4396872,14
45,-0.2290961,0.6047928,0.3956572,15
45,-0.4668721,1.117046,0.4307384,16
45,-0.1186628,0.6642889,0.5649444,17
45,-0.4575211,0.9523044,0.4360487,18
45,-0.4395212,1.216139,0.5934143,19
45,-0.3731313,1.356198,0.6533017,20
45,-0.0008679628,1.059167,0.6416557,21
45,-0.4240541,0.6564543,0.4141169,22
45,-0.4945323,1.341327,0.4620354,23
45,-0.4334149,0.8223709,0.4717452,24
45,0.1885309,0.9556372,0.6409036,25
45,0.2384646,1.094679,0.4819906,26
45,-0.1436331,1.287358,0.5203999,27
45,-0.2283081,1.457681,0.4803576,28
45,-0.3745559,0.75365,0.4901718,29
45,-0.2862582,1.307155,0.4068342,30
45,0.2101701,0.7263932,0.4313336,31
45,-0.4962783,0.7370754,0.616924,32
45,-0.3908693,1.468725,0.4589422,33
45,-0.4002871,1.566301,0.4853112,34
45,0.1451737,0.6356013,0.6476647,35
45,-0.02644148,1.174369,0.509629,36
45,-0.4839745,1.515025,0.5254765,37
45,0.2772475,0.8576009,0.5441989,38
45,-0.2826103,1.538617,0.4703449,39
45,0.141388,1.22203,0.6513882,40
45,-0.05218831,1.287675,0.4835826,41
45,0.2643947,0.6420445,0.5735745,42
45,-0.1180031,1.551017,0.3880809,43
45,0.07734817,1.126274,0.4022066,44
45,0.3323783,1.18156,0.6504856,45
45,0.4964567,1.112132,0.4868571,46
45,0.3624989,1.282096,0.5352733,47
45,0.04661661,1.25694,0.4161616,48
45,0.1316653,1.313992,0.5778925,49
45,0.2098472,1.413127,0.5342964,50
45,0.1517617,1.546405,0.6720757,51
45,0.3769392,1.445287,0.4250143,52
45,0.3833847,1.101083,0.4340002,53
45,0.3806496,0.9001234,0.4881486,54
45,0.372864,0.7713265,0.4834741,55
45,0.4235351,0.6814964,0.5106615,56
45,0.02697742,1.519258,0.4287083,57
45,-0.2063714,1.598393,0.4708207,58
45,0.4374571,1.333073,0.4299576,59
45,0.4867771,0.9063942,0.5114059,60
45,0.4833586,1.225502,0.5495536,61
45,0.4841002,0.9981059,0.4440592,62
45,0.4587163,0.8060363,0.6517674,63
45,0.2646864,1.556109,0.6161931,64
45,0.3944745,1.006539,0.4955646,65
45,0.4396834,1.512322,0.5497113,66
45,0.3551027,1.563716,0.4412329,67
45,0.4893495,1.423521,0.3926399,68
