Case,X,Y,Z,a,v,index
6,0.1503742,1.105453,0.3956445,0
6,0.2652519,0.8869836,0.628787,1
6,0.00965488,1.110198,0.5608366,2
6,0.4148624,1.108986,0.4876519,3
6,0.2683337,1.404044,0.6495461,4
6,0.3990864,1.320777,0.4227124,5
6,-0.1407425,1.160795,0.6447048,6
6,0.125744,1.492939,0.6687171,7
6,-0.1260976,1.458038,0.4162717,8
6,-0.03289402,1.001854,0.6335915,9
6,0.4333869,1.512408,0.4433589,10
6,0.04926842,1.572926,0.423858,11
6,0.4902207,1.1929,0.4104719,12
6,0.2572667,1.514809,0.4179616,13
6,-0.1939112,1.367578,0.4186736,14
6,0.4098923,0.9534307,0.4460819,15
6,0.4287662,0.7709529,0.4100949,16
6,0.1534364,0.7708679,0.5568238,17
6,0.3271669,0.6391824,0.6195658,18
6,-0.2618656,1.493422,0.3891816,19
6,0.1788677,0.6150171,0.5070909,20
6,-0.04033139,0.6844602,0.6679893,21
6,-0.2123614,0.8288589,0.5270677,22
6,-0.1882064,0.703989,0.5158445,23
6,-0.405256,1.423318,0.5456724,24
6,-0.3478466,1.573303,0.6672497,25
6,-0.3598947,0.9974327,0.6208538,26
6,0.4951141,0.6291238,0.6569101,27
6,0.296602,0.7740636,0.5989584,28
6,-0.4848161,1.247143,0.4531018,29
6,-0.3899602,1.104665,0.4297706,30
6,0.08525407,0.6781737,0.5171356,31
6,-0.3706748,0.8240129,0.6097738,32
6,-0.4931551,1.49756,0.3979724,33
6,-0.1096162,1.599438,0.6379579,34
6,-0.4510778,0.6402363,0.5713226,35
6,-0.3134905,0.6974298,0.4775773,36
6,-0.3163974,1.339981,0.639802,37
6,-0.4786918,0.9309626,0.5159236,38
6,-0.4987665,1.082841,0.5016034,39
