Case,X,Y,Z,a,v,index
15,-0.09231296,0.6553661,0.5032874,0
15,0.1036015,0.6733572,0.5148088,1
15,0.01235992,0.6099758,0.4555047,2
15,0.2154669,0.6265669,0.4928261,3
15,-0.2740204,0.6724259,0.5187804,4
15,0.3446485,0.6320571,0.4748994,5
15,0.3713085,0.7707636,0.6457489,6
15,-0.1668584,0.7924962,0.6353737,7
15,0.4507063,0.9519517,0.5538061,8
15,-0.3000184,0.8777623,0.4392348,9
15,0.04450941,1.007814,0.404671,10
15,-0.4381813,0.767274,0.4663269,11
15,0.2577174,0.7533494,0.3883741,12
15,-0.4070268,0.6073884,0.4671159,13
15,0.3478838,1.013041,0.4694947,14
15,-0.09455866,1.124677,0.4519623,15
15,-0.06408998,0.9785857,0.4092679,16
15,0.3659194,1.123966,0.5198951,17
15,0.4770021,0.6270764,0.5186495,18
15,0.4947848,1.152555,0.4536814,19
15,0.3144808,0.88965,0.3971022,20
15,0.4901394,0.7652312,0.4946688,21
15,0.07217544,1.143998,0.4347404,22
15,0.328065,1.230495,0.4383174,23
15,-0.4099138,1.00484,0.3880742,24
15,0.411155,1.399091,0.4573978,25
15,-0.3480504,1.282832,0.526932,26
15,-0.4171035,1.191808,0.4321477,27
15,0.2607092,1.432945,0.5510669,28
15,-0.4404407,1.355422,0.4030299,29
15,-0.4888638,1.083289,0.4095194,30
15,-0.462481,0.8916916,0.4102202,31
15,0.4243038,1.542533,0.4701569,32
15,0.4598138,1.275589,0.6355795,33
15,-0.3660868,1.522563,0.4393857,34
15,0.2492132,1.553217,0.5352286,35
15,0.1300951,1.557388,0.4846172,36
15,-0.06219414,1.501617,0.6210821,37
15,-0.3289775,1.399726,0.3963217,38
15,-0.2322729,1.561256,0.4191685,39
15,-0.485131,1.563861,0.5816713,40
