Case,X,Y,Z,a,v,index
120,-0.09231296,0.6553661,0.4770787,0
120,0.1036015,0.6733572,0.4233907,1
120,0.01235992,0.6099758,0.4876122,2
120,0.2154669,0.6265669,0.5779313,3
120,-0.2740204,0.6724259,0.4161594,4
120,0.3446485,0.6320571,0.5183171,5
120,0.3713085,0.7707636,0.4177805,6
120,-0.1668584,0.7924962,0.5123152,7
120,0.4507063,0.9519517,0.5540814,8
120,-0.3000184,0.8777623,0.432835,9
120,0.04450941,1.007814,0.5071411,10
120,-0.4381813,0.767274,0.5424383,11
120,0.2577174,0.7533494,0.5645902,12
120,-0.4070268,0.6073884,0.4174864,13
120,0.3478838,1.013041,0.4275166,14
120,-0.09455866,1.124677,0.5185527,15
120,-0.06408998,0.9785857,0.5127448,16
120,0.3659194,1.123966,0.644086,17
120,0.4770021,0.6270764,0.3957291,18
120,0.4947848,1.152555,0.4322657,19
120,0.3144808,0.88965,0.4920682,20
120,0.4901394,0.7652312,0.6073562,21
120,0.07217544,1.143998,0.4459164,22
120,0.328065,1.230495,0.4183924,23
120,-0.4099138,1.00484,0.3878959,24
120,0.411155,1.399091,0.4756231,25
120,-0.3480504,1.282832,0.4110374,26
120,-0.4171035,1.191808,0.4613708,27
120,0.2607092,1.432945,0.4010869,28
120,-0.4404407,1.355422,0.5862803,29
120,-0.4888638,1.083289,0.4494614,30
120,-0.462481,0.8916916,0.6327438,31
120,0.4243038,1.542533,0.5575149,32
120,0.4598138,1.275589,0.5418792,33
120,-0.3660868,1.522563,0.4819161,34
120,0.2492132,1.553217,0.5338297,35
120,0.1300951,1.557388,0.6100028,36
120,-0.06219414,1.501617,0.5380312,37
120,-0.3289775,1.399726,0.3891155,38
120,-0.2322729,1.561256,0.4301684,39
120,-0.485131,1.563861,0.6701308,40
