Case,X,Y,Z,a,v,index
161,0.3588893,0.9727112,0.4102249,0
161,0.4445763,1.120768,0.5111919,1
161,0.2727348,0.8244041,0.4607628,2
161,0.4860983,0.8360485,0.45691,3
161,0.4961923,0.9492582,0.4775046,4
161,0.4133341,0.742942,0.4175392,5
161,0.4821128,1.29802,0.5186276,6
161,0.3383225,1.201219,0.4008605,7
161,0.3596972,1.317145,0.4988993,8
161,0.4996827,0.6452807,0.3990474,9
161,0.2199641,0.6849734,0.6708287,10
161,0.02091908,0.7438676,0.4425905,11
161,0.05184555,1.171961,0.491895,12
161,0.3126619,1.516245,0.4258622,13
161,0.3536053,0.6493203,0.6293747,14
161,0.4322906,1.512083,0.4043359,15
161,-0.1710542,0.6498024,0.5765166,16
161,0.1229318,1.431629,0.4373615,17
161,-0.04110673,1.458125,0.4212652,18
161,0.1335372,1.562632,0.4378568,19
161,-0.05982941,0.6241964,0.4956889,20
161,-0.0555242,1.218474,0.3903762,21
161,0.08615303,1.017264,0.4832612,22
161,-0.1865948,1.451104,0.4723924,23
161,-0.2728754,0.7747773,0.61107,24
161,0.1039367,0.6485724,0.491235,25
161,-0.3836118,0.6569952,0.653898,26
161,-0.2414638,1.547078,0.5833149,27
161,0.1605784,0.7914662,0.4789831,28
161,-0.03829563,1.106578,0.5194358,29
161,-0.3153285,1.427367,0.5051773,30
161,-0.4083531,1.522311,0.5842095,31
161,-0.3947192,0.8408597,0.5322933,32
161,-0.4979753,0.784469,0.4963633,33
161,-0.04310149,1.592506,0.413621,34
161,-0.3734608,1.235112,0.4216521,35
161,-0.2770919,0.6054934,0.3927465,36
161,-0.4675074,1.299301,0.4614878,37
161,-0.3660882,1.106293,0.4989888,38
161,-0.4800426,1.4105,0.4539961,39
161,-0.3925228,0.9967386,0.5725053,40
161,-0.4781294,0.9149764,0.4385585,41
161,-0.4680358,1.162902,0.5212171,42
161,-0.09689578,0.7324659,0.6480629,43
