Case,X,Y,Z,a,v,index
12,0.3701242,1.182277,0.6723915,0
12,0.4444676,0.9063593,0.4625734,1
12,0.4464175,0.7760707,0.6800575,2
12,0.4508157,1.055449,0.5311344,3
12,0.3671234,0.7092783,0.5438241,4
12,0.4833163,0.6515536,0.4306141,5
12,0.2784894,0.7650559,0.4476828,6
12,0.3980064,0.6140435,0.4374661,7
12,0.3440878,0.8480085,0.6052492,8
12,0.282422,0.647531,0.4749851,9
12,0.1961098,0.7117429,0.4612929,10
12,0.4660882,1.20957,0.5968294,11
12,0.08959901,0.9824455,0.6655212,12
12,0.3844547,0.9908252,0.4867034,13
12,0.1337953,0.6122114,0.498772,14
12,0.009563386,0.6574029,0.4961947,15
12,0.1806495,1.140012,0.6310451,16
12,0.03207695,0.881165,0.4143568,17
12,0.2033603,1.012025,0.4140146,18
12,0.03188789,1.153444,0.5190843,19
12,0.37257,1.357161,0.4258274,20
12,-0.12775,0.9879413,0.4254816,21
12,-0.09095055,0.6862608,0.6313884,22
12,-0.1839049,0.7346189,0.4743276,23
12,-0.09615824,1.255751,0.642568,24
12,0.308668,1.443402,0.4135735,25
12,-0.0161126,1.042437,0.4993001,26
12,0.1031228,1.266988,0.6815158,27
12,-0.002684087,1.330394,0.3891497,28
12,0.2113459,1.442386,0.6593372,29
12,-0.1159263,1.124254,0.4294771,30
12,-0.1477376,0.6067415,0.5347212,31
12,-0.3200582,0.815388,0.5032407,32
12,-0.3080754,0.7189139,0.5080854,33
12,-0.2495917,0.634572,0.5486603,34
12,0.09215504,0.7038483,0.5100105,35
12,-0.1917458,1.211375,0.4441492,36
12,0.4096038,1.463017,0.6133885,37
12,0.4819146,1.322052,0.6592264,38
12,0.3888232,1.588351,0.5676804,39
12,0.203669,1.573551,0.4051808,40
12,-0.4039194,0.6580697,0.4189838,41
12,0.09507221,1.469456,0.4795278,42
12,-0.02443889,1.455598,0.6839228,43
12,-0.4470902,0.8394509,0.6184475,44
12,-0.3998196,0.7513408,0.4573988,45
12,-0.1451267,1.480111,0.3921787,46
12,-0.380179,1.127614,0.615653,47
12,-0.4805922,0.9823921,0.4388385,48
12,-0.4944677,0.7246354,0.458295,49
12,-0.28488,1.349129,0.4300439,50
12,-0.4280325,1.26663,0.5068005,51
12,-0.2887229,1.445024,0.6151413,52
12,-0.4770563,1.109232,0.4020675,53
12,-0.3801252,1.49747,0.4409407,54
12,0.3036092,1.553356,0.5095376,55
12,-0.3947157,1.015061,0.4554049,56
12,-0.3955244,1.37256,0.4284125,57
12,-0.2868976,1.575961,0.6867344,58
12,0.08557433,1.573303,0.4876504,59
12,0.4675968,1.544808,0.4296265,60
12,-0.4768232,1.415926,0.393658,61
12,-0.4756763,1.589185,0.5721026,62
12,-0.491528,0.6267601,0.4783781,63
12,-0.1375423,1.598808,0.5469587,64
12,-0.006308049,1.573166,0.4289634,65
