Case,X,Y,Z,a,v,index
95,-0.4236917,1.379919,0.5470363,0
95,-0.3510343,1.262049,0.512361,1
95,-0.3361703,1.401426,0.4145174,2
95,-0.2401728,1.387114,0.6472965,3
95,-0.2411543,1.5293,0.5402254,4
95,-0.3230801,1.584775,0.4045869,5
95,-0.3627274,1.492598,0.3996228,6
95,-0.4580184,1.515637,0.4381025,7
95,-0.1536907,1.287405,0.4100598,8
95,-0.05333394,1.303264,0.5412713,9
95,-0.05583203,1.143731,0.5629766,10
95,-0.07240149,1.501744,0.4029042,11
95,-0.1364601,1.570014,0.4639657,12
95,-0.471402,1.3013,0.455793,13
95,0.02413112,1.492545,0.4983791,14
95,-0.1672006,1.120064,0.5530455,15
95,0.1189915,1.497894,0.4512981,16
95,0.2345369,1.550643,0.5418076,17
95,0.3629864,1.469936,0.5424815,18
95,0.1232017,1.228761,0.5283486,19
95,0.2808809,1.369057,0.5243171,20
95,0.08693916,1.057127,0.6856455,21
95,-0.4637375,1.189993,0.4637266,22
95,-0.1352412,0.9581932,0.6249681,23
95,0.3867007,1.30795,0.639551,24
95,-0.009540647,1.581754,0.6643459,25
95,0.3399487,1.200396,0.5194451,26
95,0.2704908,1.461383,0.5436693,27
95,0.4069086,1.589145,0.552016,28
95,-0.04334083,0.9708633,0.6056895,29
95,0.2017173,1.167466,0.4371862,30
95,-0.007267088,0.871531,0.44037,31
95,-0.2159352,0.9983559,0.4735338,32
95,0.09386945,1.591269,0.6521474,33
95,0.02137649,1.193545,0.5129293,34
95,-0.4985571,1.030431,0.424313,35
95,-0.4144136,0.9731382,0.4321965,36
95,0.0853501,0.9439493,0.4722641,37
95,0.4943095,1.555588,0.5187723,38
95,0.4562805,1.378667,0.532093,39
95,-0.270602,0.8584629,0.5167832,40
95,0.2002844,0.9856838,0.4341776,41
95,0.4247269,1.155584,0.4869142,42
95,-0.1098399,0.7017295,0.5852653,43
95,-0.3872759,1.125813,0.563763,44
95,-0.3302666,0.927451,0.4857181,45
95,-0.2691538,0.6720788,0.4680645,46
95,-0.3409866,1.028156,0.5054448,47
95,0.006391108,0.7155195,0.4192978,48
95,0.008321166,0.6248311,0.6441567,49
95,0.4186081,1.051881,0.4053265,50
95,0.1393548,0.6704996,0.4906859,51
95,0.288992,0.7344834,0.6232595,52
95,-0.09754995,1.06045,0.5926687,53
95,0.3994049,0.9462279,0.4214408,54
95,0.3050218,0.9214715,0.4090794,55
95,-0.3435917,0.8035582,0.4807245,56
95,0.3695582,0.8021809,0.6058704,57
95,-0.3611657,0.6928428,0.5779139,58
95,-0.4740769,0.823333,0.4094156,59
95,-0.491163,0.6561128,0.5702333,60
95,-0.1638312,0.6028852,0.6698337,61
95,0.207973,0.606837,0.5223737,62
95,0.3568868,0.6285788,0.6092681,63
95,0.4701678,0.8865024,0.6594331,64
95,0.4807681,0.7374817,0.4686807,65
95,0.4945419,0.629858,0.4798498,66
95,0.1833881,0.7634553,0.3963508,67
