Case,X,Y,Z,a,v,index
75,-0.09231296,0.6553661,0.5997351,0
75,0.1036015,0.6733572,0.6058918,1
75,0.01235992,0.6099758,0.6137593,2
75,0.2154669,0.6265669,0.6773952,3
75,-0.2740204,0.6724259,0.5107502,4
75,0.3446485,0.6320571,0.6092277,5
75,0.3713085,0.7707636,0.6078178,6
75,-0.1668584,0.7924962,0.4716927,7
75,0.4507063,0.9519517,0.3993926,8
75,-0.3000184,0.8777623,0.4308378,9
75,0.04450941,1.007814,0.6506347,10
75,-0.4381813,0.767274,0.4420106,11
75,0.2577174,0.7533494,0.4053348,12
75,-0.4070268,0.6073884,0.4775861,13
75,0.3478838,1.013041,0.5290968,14
75,-0.09455866,1.124677,0.45579,15
75,-0.06408998,0.9785857,0.484289,16
75,0.3659194,1.123966,0.5062474,17
75,0.4770021,0.6270764,0.4454783,18
75,0.4947848,1.152555,0.4688931,19
75,0.3144808,0.88965,0.3890372,20
75,0.4901394,0.7652312,0.4723366,21
75,0.07217544,1.143998,0.5063609,22
75,0.328065,1.230495,0.3878206,23
75,-0.4099138,1.00484,0.4097272,24
75,0.411155,1.399091,0.3996562,25
75,-0.3480504,1.282832,0.4655269,26
75,-0.4171035,1.191808,0.6359911,27
75,0.2607092,1.432945,0.4690835,28
75,-0.4404407,1.355422,0.4037814,29
75,-0.4888638,1.083289,0.486734,30
75,-0.462481,0.8916916,0.4552641,31
75,0.4243038,1.542533,0.4524116,32
75,0.4598138,1.275589,0.3985979,33
75,-0.3660868,1.522563,0.6342453,34
75,0.2492132,1.553217,0.5423259,35
75,0.1300951,1.557388,0.46995,36
75,-0.06219414,1.501617,0.5763503,37
75,-0.3289775,1.399726,0.6433707,38
75,-0.2322729,1.561256,0.5209358,39
75,-0.485131,1.563861,0.5451798,40
