Case,X,Y,Z,a,v,index
20,0.009501994,1.167466,0.3952286,0
20,0.1867266,1.462806,0.4140324,1
20,-0.09964421,1.560996,0.5071985,2
20,0.4607139,1.235311,0.533957,3
20,-0.09557852,1.443615,0.479866,4
20,0.4994676,1.111667,0.4290617,5
20,0.4908717,1.357578,0.5193902,6
20,-0.2088888,1.513801,0.5226023,7
20,0.3572323,1.485583,0.6456712,8
20,0.4905676,1.503937,0.5379297,9
20,0.4629035,0.955566,0.5251616,10
20,0.3882641,1.591805,0.399254,11
20,0.2695013,1.572758,0.5871109,12
20,0.3607178,1.316786,0.428774,13
20,-0.2690013,1.350988,0.5048342,14
20,0.2826281,1.394963,0.4484797,15
20,0.0120346,1.052443,0.550501,16
20,0.07632858,1.554364,0.401358,17
20,-0.02103782,0.6345962,0.4124878,18
20,-0.1466841,1.075139,0.3877186,19
20,0.2457824,0.8231745,0.4410955,20
20,-0.1689799,0.7627676,0.4291604,21
20,-0.06207523,0.9589568,0.3944285,22
20,-0.2844818,0.9043791,0.5592876,23
20,-0.3922611,1.213108,0.4949376,24
20,0.1517232,0.6683275,0.5079445,25
20,-0.4645724,1.385281,0.4565448,26
20,-0.4812332,1.020087,0.4390302,27
20,-0.4058843,0.850158,0.4630229,28
20,0.4134564,0.7548617,0.427411,29
20,-0.494221,1.142682,0.5259441,30
20,0.2820135,0.6767685,0.5122194,31
20,-0.4986836,1.598936,0.4581143,32
20,-0.3259166,1.523617,0.4381709,33
20,-0.2594055,0.6900633,0.5049548,34
20,0.04998565,0.7735882,0.6469864,35
20,0.3518623,0.8958032,0.6203691,36
20,-0.1714083,0.6104065,0.5291884,37
20,0.4850643,0.6582474,0.4989654,38
20,-0.3655504,0.6531602,0.4203644,39
20,0.3784437,0.6016917,0.5457028,40
20,0.4927448,0.8483266,0.4946717,41
20,-0.3169044,0.7844891,0.5053948,42
20,-0.4892783,0.7243062,0.4001505,43
