Case,X,Y,Z,a,v,index
160,-0.2139462,1.558106,0.4446457,0
160,-0.312893,1.363231,0.4278575,1
160,-0.1634072,1.425771,0.4206341,2
160,-0.3818776,1.513147,0.5717722,3
160,-0.4139592,1.297595,0.6779919,4
160,-0.4787642,1.571647,0.3870815,5
160,-0.4879319,1.119081,0.6790172,6
160,-0.02884799,1.574603,0.46799,7
160,-0.3709755,1.188385,0.4175054,8
160,-0.1203653,1.13903,0.4738319,9
160,0.07355362,1.051338,0.5179272,10
160,-0.347259,1.022236,0.6029119,11
160,-0.4823675,1.454529,0.5158747,12
160,0.008552849,1.213364,0.4448466,13
160,-0.04575506,0.9980557,0.5075838,14
160,0.1665425,1.538146,0.4404621,15
160,3.385544E-05,1.447765,0.4974624,16
160,-0.3680019,0.8980531,0.603528,17
160,-0.4881732,0.9372178,0.5416209,18
160,-0.3772328,0.7559019,0.4341536,19
160,-0.2645843,0.8185373,0.6128125,20
160,-0.2186997,0.6059503,0.4134816,21
160,0.2025394,0.7262005,0.6816488,22
160,0.411364,0.7432996,0.4379807,23
160,0.03496486,0.646644,0.5352892,24
160,-0.1395552,0.7348905,0.4673182,25
160,0.1429704,0.6020206,0.5117038,26
160,-0.3421207,0.6203352,0.5889775,27
160,0.2671021,1.491992,0.4099983,28
160,0.3027369,0.8099682,0.6095423,29
160,0.4015216,0.8833902,0.6828481,30
160,0.3538025,1.033955,0.4583876,31
160,0.3916457,1.46385,0.5281198,32
160,0.4734548,1.088447,0.4537745,33
160,0.3053972,0.640545,0.6159851,34
160,0.324824,1.224478,0.6167474,35
160,0.4673586,1.296658,0.4747186,36
160,0.3530414,1.359789,0.4893216,37
160,-0.4988022,0.6248736,0.6277238,38
160,0.4886268,0.6160533,0.5583912,39
160,0.3725733,1.594157,0.5149318,40
160,-0.478303,0.81604,0.576454,41
160,0.4835764,1.567441,0.488067,42
