Case,X,Y,Z,a,v,index
118,0.2374204,1.416169,0.4939193,0
118,0.01707071,1.174902,0.4404175,1
118,0.1169671,1.083888,0.4583004,2
118,0.3886437,1.383337,0.5984352,3
118,-0.1501259,1.511472,0.6587718,4
118,0.1741068,1.528488,0.4947772,5
118,0.3574032,1.55749,0.4986011,6
118,0.3633232,1.190615,0.5070313,7
118,-0.2736042,1.473994,0.510719,8
118,0.4045701,1.014522,0.5522764,9
118,0.08776224,1.433252,0.5264886,10
118,0.05818027,1.544065,0.4646062,11
118,0.1841953,0.783972,0.5219663,12
118,-0.04592878,1.585732,0.4501128,13
118,0.01133364,0.9981082,0.4745142,14
118,-0.1376089,1.133049,0.5446243,15
118,0.4812289,1.55835,0.5333613,16
118,0.3913856,0.8451251,0.6739268,17
118,-0.3587896,1.569553,0.532564,18
118,-0.4691948,1.564839,0.4409594,19
118,-0.402465,1.395509,0.4592509,20
118,0.4987053,1.432522,0.6563147,21
118,0.2859144,0.8824232,0.4768941,22
118,-0.2344298,1.596866,0.5371021,23
118,-0.269043,1.351736,0.5089973,24
118,-0.03835362,0.7215165,0.4492825,25
118,-0.4881066,1.197614,0.439033,26
118,-0.4869292,1.310638,0.4572347,27
118,-0.4715477,1.08322,0.5194937,28
118,0.4624163,0.7373957,0.51178,29
118,-0.2286435,0.7129505,0.5109836,30
118,-0.4012097,0.9936879,0.6261575,31
118,0.3526391,0.6969854,0.5177972,32
118,-0.3666611,1.127537,0.571831,33
118,0.1518359,0.6408662,0.5800821,34
118,0.4897081,1.300762,0.4192023,35
118,-0.2991646,0.8779497,0.4358152,36
118,0.43754,0.6008942,0.4022825,37
118,-0.4450197,0.783393,0.4150285,38
118,0.3079759,1.291732,0.5520256,39
118,-0.344888,0.6615737,0.5985514,40
118,-0.4813432,0.6105803,0.519623,41
118,0.2669009,0.6119646,0.4702665,42
118,0.4741753,1.166401,0.5667714,43
118,-0.1079799,0.6355541,0.477568,44
118,-0.4980966,0.9363323,0.4494867,45
118,0.03700984,0.6349926,0.5107738,46
