Case,X,Y,Z,a,v,index
154,0.2777024,0.8375412,0.4143803,0
154,0.1664311,0.670546,0.4034994,1
154,0.3422856,0.9741812,0.4940034,2
154,0.4003472,1.154662,0.646037,3
154,0.2638447,0.6128839,0.6478368,4
154,0.3059537,1.315766,0.6629903,5
154,0.3984371,0.8395079,0.664168,6
154,0.4277458,0.6271738,0.6559264,7
154,0.3543562,0.7339152,0.5122112,8
154,0.1216477,1.088341,0.6045823,9
154,-0.05402845,1.171433,0.5179955,10
154,0.4768794,0.7517662,0.506241,11
154,-0.002332449,1.034669,0.4789945,12
154,-0.1427993,0.747343,0.4297082,13
154,0.4593524,1.056525,0.6171135,14
154,-0.3285619,0.6832511,0.5237326,15
154,-0.1551669,1.116339,0.5853854,16
154,-0.007177621,0.6364384,0.5420181,17
154,0.1095927,1.450091,0.5081394,18
154,0.1670853,0.8043686,0.4098679,19
154,-0.490806,0.6745516,0.5367653,20
154,-0.08754757,1.45082,0.4277598,21
154,-0.3920419,0.968031,0.4984411,22
154,0.48711,0.9058129,0.4970973,23
154,-0.3514071,1.211447,0.5149193,24
154,-0.1823549,0.6145123,0.5254723,25
154,-0.3712955,0.8320369,0.6280372,26
154,-0.2263582,0.822596,0.4487057,27
154,-0.4560768,1.059562,0.4894775,28
154,0.00383532,1.516025,0.3929939,29
154,0.4984918,1.36676,0.6120847,30
154,0.2285853,1.484399,0.6269082,31
154,-0.339658,1.075689,0.6533347,32
154,-0.2927218,1.314997,0.6425639,33
154,0.4307065,1.261246,0.5015981,34
154,-0.2014821,1.431201,0.4669099,35
154,-0.1183228,1.561711,0.5772536,36
154,-0.4787096,0.8862045,0.4123243,37
154,0.1500928,1.562711,0.6317321,38
154,0.2666546,1.588521,0.5382093,39
154,-0.4767739,1.220574,0.4347138,40
154,-0.3059981,1.480107,0.478774,41
154,-0.4364218,1.32708,0.6077876,42
154,0.3323421,1.425084,0.56397,43
154,0.4363207,1.468471,0.6478447,44
154,-0.4561355,1.516689,0.3892663,45
154,0.4200652,1.582513,0.5827844,46
154,-0.263252,1.599532,0.5499799,47
