Case,X,Y,Z,a,v,index
11,0.3588893,0.9727112,0.5197403,0
11,0.4445763,1.120768,0.4345064,1
11,0.2727348,0.8244041,0.5667143,2
11,0.4860983,0.8360485,0.607535,3
11,0.4961923,0.9492582,0.4851237,4
11,0.4133341,0.742942,0.4790099,5
11,0.4821128,1.29802,0.4260063,6
11,0.3383225,1.201219,0.5578644,7
11,0.3596972,1.317145,0.5007745,8
11,0.4996827,0.6452807,0.4717746,9
11,0.2199641,0.6849734,0.410717,10
11,0.02091908,0.7438676,0.608065,11
11,0.05184555,1.171961,0.5994748,12
11,0.3126619,1.516245,0.4007705,13
11,0.3536053,0.6493203,0.4501131,14
11,0.4322906,1.512083,0.5798482,15
11,-0.1710542,0.6498024,0.4471343,16
11,0.1229318,1.431629,0.671604,17
11,-0.04110673,1.458125,0.5086806,18
11,0.1335372,1.562632,0.6395831,19
11,-0.05982941,0.6241964,0.4039299,20
11,-0.0555242,1.218474,0.657161,21
11,0.08615303,1.017264,0.4399021,22
11,-0.1865948,1.451104,0.5255714,23
11,-0.2728754,0.7747773,0.5524584,24
11,0.1039367,0.6485724,0.6611474,25
11,-0.3836118,0.6569952,0.5091658,26
11,-0.2414638,1.547078,0.5528998,27
11,0.1605784,0.7914662,0.4970771,28
11,-0.03829563,1.106578,0.6003321,29
11,-0.3153285,1.427367,0.6032715,30
11,-0.4083531,1.522311,0.6129779,31
11,-0.3947192,0.8408597,0.4637991,32
11,-0.4979753,0.784469,0.469728,33
11,-0.04310149,1.592506,0.4423586,34
11,-0.3734608,1.235112,0.4837037,35
11,-0.2770919,0.6054934,0.5665717,36
11,-0.4675074,1.299301,0.6613134,37
11,-0.3660882,1.106293,0.4217698,38
11,-0.4800426,1.4105,0.6624526,39
11,-0.3925228,0.9967386,0.5184479,40
11,-0.4781294,0.9149764,0.6534498,41
11,-0.4680358,1.162902,0.4777601,42
11,-0.09689578,0.7324659,0.432371,43
