Case,X,Y,Z,a,v,index
5,0.009501994,1.167466,0.4439778,0
5,0.1867266,1.462806,0.5168177,1
5,-0.09964421,1.560996,0.4907107,2
5,0.4607139,1.235311,0.416808,3
5,-0.09557852,1.443615,0.6674633,4
5,0.4994676,1.111667,0.5676937,5
5,0.4908717,1.357578,0.4477314,6
5,-0.2088888,1.513801,0.4361832,7
5,0.3572323,1.485583,0.4527122,8
5,0.4905676,1.503937,0.4172651,9
5,0.4629035,0.955566,0.6810945,10
5,0.3882641,1.591805,0.6573328,11
5,0.2695013,1.572758,0.4592434,12
5,0.3607178,1.316786,0.4657215,13
5,-0.2690013,1.350988,0.6134246,14
5,0.2826281,1.394963,0.6394562,15
5,0.0120346,1.052443,0.4239594,16
5,0.07632858,1.554364,0.6517758,17
5,-0.02103782,0.6345962,0.6181058,18
5,-0.1466841,1.075139,0.6306214,19
5,0.2457824,0.8231745,0.520696,20
5,-0.1689799,0.7627676,0.4806424,21
5,-0.06207523,0.9589568,0.5516417,22
5,-0.2844818,0.9043791,0.4985745,23
5,-0.3922611,1.213108,0.5965347,24
5,0.1517232,0.6683275,0.4599554,25
5,-0.4645724,1.385281,0.5722314,26
5,-0.4812332,1.020087,0.6742653,27
5,-0.4058843,0.850158,0.6321727,28
5,0.4134564,0.7548617,0.5907843,29
5,-0.494221,1.142682,0.6010894,30
5,0.2820135,0.6767685,0.3983547,31
5,-0.4986836,1.598936,0.4437129,32
5,-0.3259166,1.523617,0.6459342,33
5,-0.2594055,0.6900633,0.4222116,34
5,0.04998565,0.7735882,0.4246729,35
5,0.3518623,0.8958032,0.3895006,36
5,-0.1714083,0.6104065,0.5081338,37
5,0.4850643,0.6582474,0.424948,38
5,-0.3655504,0.6531602,0.5424358,39
5,0.3784437,0.6016917,0.3965107,40
5,0.4927448,0.8483266,0.4514875,41
5,-0.3169044,0.7844891,0.4372357,42
5,-0.4892783,0.7243062,0.3935454,43
