Case,X,Y,Z,a,v,index
42,0.3701242,1.182277,0.6410295,0
42,0.4444676,0.9063593,0.5850558,1
42,0.4464175,0.7760707,0.5064629,2
42,0.4508157,1.055449,0.4934381,3
42,0.3671234,0.7092783,0.5227988,4
42,0.4833163,0.6515536,0.4069599,5
42,0.2784894,0.7650559,0.4153582,6
42,0.3980064,0.6140435,0.5759913,7
42,0.3440878,0.8480085,0.4159541,8
42,0.282422,0.647531,0.5015714,9
42,0.1961098,0.7117429,0.5218395,10
42,0.4660882,1.20957,0.5223556,11
42,0.08959901,0.9824455,0.4847304,12
42,0.3844547,0.9908252,0.6661032,13
42,0.1337953,0.6122114,0.5230592,14
42,0.009563386,0.6574029,0.4173673,15
42,0.1806495,1.140012,0.6350861,16
42,0.03207695,0.881165,0.3939458,17
42,0.2033603,1.012025,0.3920659,18
42,0.03188789,1.153444,0.4850991,19
42,0.37257,1.357161,0.6824165,20
42,-0.12775,0.9879413,0.4054833,21
42,-0.09095055,0.6862608,0.5280629,22
42,-0.1839049,0.7346189,0.6364993,23
42,-0.09615824,1.255751,0.5205031,24
42,0.308668,1.443402,0.406634,25
42,-0.0161126,1.042437,0.5057498,26
42,0.1031228,1.266988,0.4644508,27
42,-0.002684087,1.330394,0.4419226,28
42,0.2113459,1.442386,0.481644,29
42,-0.1159263,1.124254,0.4218063,30
42,-0.1477376,0.6067415,0.536819,31
42,-0.3200582,0.815388,0.4959264,32
42,-0.3080754,0.7189139,0.4151489,33
42,-0.2495917,0.634572,0.6298138,34
42,0.09215504,0.7038483,0.3981669,35
42,-0.1917458,1.211375,0.4989771,36
42,0.4096038,1.463017,0.4883454,37
42,0.4819146,1.322052,0.5352782,38
42,0.3888232,1.588351,0.4802872,39
42,0.203669,1.573551,0.4420657,40
42,-0.4039194,0.6580697,0.4532866,41
42,0.09507221,1.469456,0.5233635,42
42,-0.02443889,1.455598,0.6656657,43
42,-0.4470902,0.8394509,0.5306548,44
42,-0.3998196,0.7513408,0.4127898,45
42,-0.1451267,1.480111,0.431763,46
42,-0.380179,1.127614,0.4849904,47
42,-0.4805922,0.9823921,0.4108879,48
42,-0.4944677,0.7246354,0.4736952,49
42,-0.28488,1.349129,0.6868341,50
42,-0.4280325,1.26663,0.6775945,51
42,-0.2887229,1.445024,0.4881921,52
42,-0.4770563,1.109232,0.6063269,53
42,-0.3801252,1.49747,0.4415371,54
42,0.3036092,1.553356,0.405499,55
42,-0.3947157,1.015061,0.4725924,56
42,-0.3955244,1.37256,0.4263689,57
42,-0.2868976,1.575961,0.4146226,58
42,0.08557433,1.573303,0.4246623,59
42,0.4675968,1.544808,0.6546655,60
42,-0.4768232,1.415926,0.5383112,61
42,-0.4756763,1.589185,0.4617008,62
42,-0.491528,0.6267601,0.4595999,63
42,-0.1375423,1.598808,0.3929211,64
42,-0.006308049,1.573166,0.5056608,65
