Case,X,Y,Z,a,v,index
14,-0.1152269,1.459708,0.4423228,0
14,0.08639407,1.14352,0.668996,1
14,-0.2957572,1.355853,0.4914108,2
14,-0.1006594,1.210386,0.5291845,3
14,0.1747785,1.422019,0.6286607,4
14,0.0797019,1.585255,0.4091717,5
14,0.3974426,1.175603,0.5228379,6
14,0.1339665,1.035326,0.4115653,7
14,0.2134618,1.578127,0.4134474,8
14,0.2675947,1.354327,0.412344,9
14,0.3676519,0.9931097,0.5530443,10
14,-0.1867914,1.375142,0.4822395,11
14,-0.4080095,1.388047,0.5812029,12
14,0.3123724,1.482345,0.6635855,13
14,0.003992617,1.487729,0.4937582,14
14,-0.2670633,1.576562,0.4653611,15
14,0.4307281,1.530177,0.4150932,16
14,-0.2237729,0.7959017,0.5981157,17
14,-0.418207,1.518465,0.5915034,18
14,0.422358,1.407844,0.6048958,19
14,-0.3420761,0.8170471,0.4692137,20
14,-0.3194771,1.469309,0.4149258,21
14,-0.005096912,1.042447,0.4618322,22
14,-0.1188856,1.575455,0.4962034,23
14,0.4711949,0.8552654,0.4384954,24
14,-0.3687426,1.267335,0.5092044,25
14,-0.3698151,1.004688,0.5098794,26
14,-0.09956709,0.7048731,0.43252,27
14,0.01950109,1.240084,0.4452227,28
14,-0.3650328,0.6819937,0.671353,29
14,-0.4998064,0.8295761,0.6294582,30
14,-0.4837612,0.945189,0.5570627,31
14,0.1039754,0.7678976,0.6388534,32
14,-0.4697825,1.084587,0.4627054,33
14,0.08473557,0.6127239,0.5179808,34
14,-0.2064633,0.6379846,0.5065155,35
14,0.4887085,1.049595,0.3958042,36
14,0.2644665,0.6705368,0.4361961,37
14,0.3045452,0.7759336,0.4119741,38
14,-0.4996241,1.242079,0.5426001,39
14,0.3852997,1.299301,0.4501714,40
14,-0.4974052,0.6693391,0.6715543,41
14,0.4931325,1.24607,0.4447826,42
14,0.4408292,0.627739,0.5049849,43
14,0.4145756,0.7570799,0.511117,44
14,0.3012792,0.8860451,0.4769304,45
14,-0.02699968,0.600678,0.4572652,46
