Case,X,Y,Z,a,v,index
3,-0.3197303,0.6194752,0.4480812,0
3,-0.2087148,0.6101577,0.4857535,1
3,-0.2570816,0.7980679,0.4996856,2
3,-0.4690032,0.7035824,0.5128495,3
3,-0.0624736,0.6044362,0.5867415,4
3,0.05628341,0.6324747,0.4268115,5
3,-0.1454047,0.7282166,0.5140539,6
3,-0.3799525,0.8175563,0.4063274,7
3,-0.00446102,0.7480824,0.5062796,8
3,-0.02904853,0.9619017,0.4357693,9
3,0.04199016,1.132201,0.4491898,10
3,-0.09693056,1.048947,0.5241781,11
3,-0.4669473,0.888384,0.4510871,12
3,0.1763592,0.6927515,0.5343217,13
3,0.1357405,1.063312,0.4682415,14
3,0.2421894,0.8051753,0.6588114,15
3,0.3385248,1.003764,0.5199257,16
3,-0.3852154,0.9737144,0.6370792,17
3,-0.4813076,1.145322,0.5309835,18
3,-0.4830022,1.026774,0.6606067,19
3,-0.05220798,1.223658,0.4676315,20
3,0.3857364,0.7432073,0.6009834,21
3,-0.06575927,1.471786,0.4051417,22
3,0.2772986,0.9111686,0.3970506,23
3,0.0461691,1.477745,0.5901104,24
3,0.1881331,1.435242,0.6319497,25
3,-0.05229598,1.587889,0.6645346,26
3,0.431295,0.8449447,0.3903226,27
3,-0.2369038,1.430692,0.4799334,28
3,-0.3618361,1.267425,0.4111747,29
3,0.3197973,1.405741,0.3926175,30
3,0.297629,0.6198196,0.535197,31
3,0.1581602,1.557489,0.4502082,32
3,-0.2277676,1.585827,0.6476893,33
3,0.4473408,1.089912,0.4465167,34
3,-0.3464934,1.466601,0.4501016,35
3,0.4660434,1.202582,0.4695119,36
3,-0.466611,1.316482,0.5061013,37
3,0.4438223,0.6372915,0.4822682,38
3,-0.4563255,1.553414,0.4556866,39
3,-0.4967608,1.444587,0.4195748,40
3,-0.3451278,1.590344,0.5251377,41
3,0.3506388,1.560984,0.4238526,42
3,0.4849116,1.592799,0.4913847,43
3,0.4533786,1.38444,0.4397038,44
3,0.4554065,0.9736408,0.38785,45
