Case,X,Y,Z,a,v,index
44,0.36376,0.884906,0.3986314,0
44,0.2547567,0.7643464,0.6773583,1
44,0.4222893,1.003182,0.4625554,2
44,0.4514893,0.9144663,0.5110328,3
44,0.2525639,0.6183404,0.4532469,4
44,0.3836802,0.7791331,0.4083988,5
44,0.1872445,0.6876346,0.4449464,6
44,0.3503054,0.6256751,0.4055385,7
44,0.2154516,1.1593,0.4229485,8
44,0.07340455,1.259845,0.3940158,9
44,0.4311529,0.6667741,0.4284251,10
44,0.476893,0.7474097,0.561151,11
44,0.3761159,1.114136,0.4497877,12
44,0.2041817,1.009449,0.4389337,13
44,0.07158756,0.9755515,0.478019,14
44,0.09789193,0.6464261,0.5902297,15
44,0.005172789,0.636745,0.537663,16
44,-0.07884657,1.318407,0.4261084,17
44,0.4918929,1.109912,0.5406554,18
44,0.1168615,1.097202,0.59905,19
44,-0.09982759,0.7519195,0.5964106,20
44,-0.1191539,0.6519552,0.4383196,21
44,0.06323808,0.8725579,0.438857,22
44,-0.01771775,0.9554681,0.3877636,23
44,-0.03555012,1.095745,0.4072819,24
44,0.08496118,1.53033,0.5023822,25
44,-0.2734917,0.7407265,0.5035414,26
44,-0.1855856,0.7807703,0.4463852,27
44,0.3616025,1.21112,0.5083344,28
44,0.3610181,1.365815,0.5074769,29
44,-0.1307618,0.9712421,0.6814687,30
44,0.2137938,1.497242,0.5183067,31
44,0.4625494,1.197266,0.6779261,32
44,0.2819962,1.429074,0.4794644,33
44,0.486479,1.444968,0.6336907,34
44,0.3433447,1.545276,0.5044796,35
44,-0.09746766,1.228242,0.4885483,36
44,-0.2756942,0.8877759,0.3878933,37
44,0.1823518,1.586779,0.4529189,38
44,0.4378088,1.586583,0.456076,39
44,0.4690611,1.287445,0.4399952,40
44,-0.0699521,1.480081,0.4104388,41
44,-0.3975077,1.263235,0.5330795,42
44,-0.3921771,0.7227765,0.6337672,43
44,-0.1192146,1.56355,0.4627318,44
44,-0.4540289,1.012446,0.5342493,45
44,-0.2135239,0.6419716,0.4874488,46
44,-0.2468116,1.395077,0.5329311,47
44,-0.1319958,1.069153,0.499389,48
44,0.04472727,1.162,0.6425954,49
44,-0.4909958,0.8741828,0.6683983,50
44,-0.00127694,1.598322,0.6033413,51
44,-0.4383569,0.8005948,0.5933947,52
44,-0.3983076,0.9266863,0.5265875,53
44,-0.4958167,1.310544,0.5824995,54
44,-0.3423207,0.9986584,0.558973,55
44,-0.447132,1.38687,0.4629149,56
44,-0.4474133,1.120173,0.4715922,57
44,-0.3403243,0.8205705,0.4347064,58
44,-0.34852,1.465042,0.4739022,59
44,-0.4601558,1.49126,0.6083959,60
44,-0.4122945,0.632934,0.5734103,61
44,-0.3107,0.6458412,0.5155952,62
44,-0.3242923,1.346652,0.4790885,63
44,-0.4871224,0.7175024,0.656835,64
44,-0.2424302,1.505803,0.5379308,65
44,-0.4560703,1.595855,0.3923227,66
44,-0.271665,1.596741,0.4827777,67
44,-0.3640755,1.560142,0.4344534,68
