Case,X,Y,Z,a,v,index
4,0.2777024,0.8375412,0.3894656,0
4,0.1664311,0.670546,0.5266805,1
4,0.3422856,0.9741812,0.3970641,2
4,0.4003472,1.154662,0.5480779,3
4,0.2638447,0.6128839,0.6731057,4
4,0.3059537,1.315766,0.5750122,5
4,0.3984371,0.8395079,0.4750895,6
4,0.4277458,0.6271738,0.5140826,7
4,0.3543562,0.7339152,0.4667918,8
4,0.1216477,1.088341,0.5341189,9
4,-0.05402845,1.171433,0.4222162,10
4,0.4768794,0.7517662,0.4343943,11
4,-0.002332449,1.034669,0.4120431,12
4,-0.1427993,0.747343,0.6740357,13
4,0.4593524,1.056525,0.5023851,14
4,-0.3285619,0.6832511,0.4835246,15
4,-0.1551669,1.116339,0.4050578,16
4,-0.007177621,0.6364384,0.5639887,17
4,0.1095927,1.450091,0.4044091,18
4,0.1670853,0.8043686,0.4719861,19
4,-0.490806,0.6745516,0.6654962,20
4,-0.08754757,1.45082,0.4105669,21
4,-0.3920419,0.968031,0.5648401,22
4,0.48711,0.9058129,0.6131951,23
4,-0.3514071,1.211447,0.3872574,24
4,-0.1823549,0.6145123,0.4677288,25
4,-0.3712955,0.8320369,0.5181809,26
4,-0.2263582,0.822596,0.4979645,27
4,-0.4560768,1.059562,0.4896402,28
4,0.00383532,1.516025,0.4312401,29
4,0.4984918,1.36676,0.422381,30
4,0.2285853,1.484399,0.4862339,31
4,-0.339658,1.075689,0.4728018,32
4,-0.2927218,1.314997,0.5211074,33
4,0.4307065,1.261246,0.595117,34
4,-0.2014821,1.431201,0.4840993,35
4,-0.1183228,1.561711,0.4716824,36
4,-0.4787096,0.8862045,0.5132638,37
4,0.1500928,1.562711,0.4527257,38
4,0.2666546,1.588521,0.6126391,39
4,-0.4767739,1.220574,0.6099616,40
4,-0.3059981,1.480107,0.5055113,41
4,-0.4364218,1.32708,0.6102727,42
4,0.3323421,1.425084,0.4212087,43
4,0.4363207,1.468471,0.4086815,44
4,-0.4561355,1.516689,0.409666,45
4,0.4200652,1.582513,0.5280557,46
4,-0.263252,1.599532,0.4047342,47
