Case,X,Y,Z,a,v,index
8,-0.04318434,0.9942126,0.4055105,0
8,0.04893875,1.192551,0.4534738,1
8,0.2411786,0.8545536,0.4631067,2
8,0.4051219,1.14031,0.5259112,3
8,0.4555419,0.8775098,0.4633232,4
8,0.1360509,0.6688324,0.4705887,5
8,0.4383813,0.7071878,0.5010006,6
8,0.08793592,1.059492,0.5341192,7
8,0.4181769,1.012355,0.5122313,8
8,0.3297402,1.295802,0.5323069,9
8,0.3275615,0.6316664,0.4002119,10
8,-0.05099338,0.6060132,0.5815283,11
8,0.4374301,1.477364,0.497613,12
8,0.4594262,1.241617,0.4066049,13
8,-0.068198,1.123165,0.6289846,14
8,0.3293029,0.7627922,0.5861399,15
8,-0.2238823,0.7993555,0.5217822,16
8,0.00819242,1.523032,0.3944111,17
8,0.1183952,1.455125,0.3957232,18
8,-0.1839626,0.646596,0.4661957,19
8,0.02181423,0.7384076,0.411514,20
8,0.4209535,1.367256,0.4127181,21
8,-0.09192592,0.7459952,0.4906038,22
8,0.2480849,1.508151,0.4511012,23
8,0.3852829,1.592826,0.4767615,24
8,-0.1817388,1.461983,0.5990931,25
8,0.2471834,1.396004,0.5302057,26
8,0.1156887,1.596273,0.4167833,27
8,-0.2922724,0.9253495,0.4698616,28
8,-0.4464157,1.068104,0.4561419,29
8,-0.306554,0.6809703,0.554779,30
8,-0.4362023,1.350935,0.4697265,31
8,-0.3374475,1.411091,0.4053929,32
8,-0.4397666,1.213608,0.4724216,33
8,-0.4461411,0.9074546,0.444762,34
8,-0.4158199,1.535453,0.4340026,35
8,-0.3893818,0.7747118,0.5353118,36
8,-0.2187116,1.595814,0.5736527,37
8,-0.4364499,0.6165788,0.3930717,38
8,-0.4969251,0.7137784,0.4675157,39
8,-0.09372175,1.57646,0.4625252,40
