Case,X,Y,Z,a,v,index
37,-0.3197303,0.6194752,0.4684778,0
37,-0.2288994,0.6118518,0.67153,1
37,-0.2684723,0.7655965,0.4555147,2
37,-0.4418626,0.6882902,0.4240574,3
37,-0.1092475,0.6071706,0.3969492,4
37,-0.2621471,0.9267849,0.4307376,5
37,-0.01208273,0.6301112,0.4893428,6
37,-0.1771002,0.7084455,0.4836481,7
37,-0.369003,0.7815415,0.4984321,8
37,-0.06178272,0.7246993,0.4087518,9
37,-0.08189976,0.8996423,0.4579786,10
37,-0.02377722,1.038978,0.6445894,11
37,-0.1374396,0.9708613,0.4773916,12
37,0.08221602,0.8925573,0.4732555,13
37,-0.4692136,0.7860814,0.4052044,14
37,0.08616108,0.6794285,0.6794041,15
37,0.05292755,0.9826145,0.6598905,16
37,0.1461641,1.013827,0.6524472,17
37,-0.4787015,0.9138547,0.4311869,18
37,-0.3697257,0.9025645,0.4264058,19
37,0.06514013,1.126018,0.4795552,20
37,0.1775692,1.129011,0.394917,21
37,-0.4844067,1.062822,0.41961,22
37,-0.3670008,1.050887,0.419359,23
37,-0.4484123,1.150846,0.4849505,24
37,0.2574697,0.7207106,0.650714,25
37,-0.4132518,1.270209,0.5641743,26
37,-0.177464,1.075511,0.4922671,27
37,0.2334713,1.377326,0.4726817,28
37,-0.03673741,1.128299,0.6422219,29
37,-0.2002956,1.167941,0.5340758,30
37,0.3736222,0.6859351,0.5693035,31
37,0.08654445,1.316522,0.4101467,32
37,0.1170372,1.21386,0.5094689,33
37,0.378138,0.8843296,0.5546473,34
37,-0.03932703,1.25606,0.5000232,35
37,0.1570682,0.6124464,0.4747805,36
37,-0.4246038,1.398966,0.5014103,37
37,0.3984824,1.011159,0.5994763,38
37,0.2889054,0.6269898,0.4377916,39
37,0.3532325,1.320926,0.6481677,40
37,0.4518052,1.211723,0.5925663,41
37,0.4798469,1.061254,0.4066389,42
37,0.08975023,1.469856,0.43747,43
37,0.3646182,0.7896065,0.6406106,44
37,0.4955791,0.8052853,0.6091906,45
37,0.204542,1.478765,0.3879839,46
37,0.3663836,1.165688,0.4589231,47
37,-0.3017452,1.359845,0.5063543,48
37,0.4593034,0.9393228,0.410388,49
37,0.1559528,1.571309,0.4983131,50
37,0.3182267,1.590528,0.4325808,51
37,0.03726441,1.592769,0.414455,52
37,0.4865476,0.7129642,0.4164853,53
37,0.4353801,1.377072,0.483891,54
37,0.3141982,1.447388,0.3875138,55
37,0.446219,0.6164688,0.4976431,56
37,0.4586262,1.570512,0.6313663,57
37,0.4585413,1.477788,0.6228879,58
37,-0.07488546,1.53842,0.5226485,59
37,-0.224272,1.444457,0.4214908,60
37,-0.1784089,1.543609,0.5202274,61
37,-0.4725656,1.50854,0.3983771,62
37,-0.09854433,1.436943,0.5909258,63
37,-0.4996533,1.34722,0.6288059,64
37,-0.2748905,1.584423,0.449206,65
37,-0.127295,1.223146,0.3918612,66
37,-0.3117619,1.499223,0.4054492,67
37,-0.3768137,1.565236,0.4624945,68
