Case,X,Y,Z,a,v,index
59,0.36376,0.884906,0.6343854,0
59,0.2547567,0.7643464,0.3872676,1
59,0.4222893,1.003182,0.5405383,2
59,0.4514893,0.9144663,0.5203623,3
59,0.2525639,0.6183404,0.6016554,4
59,0.3836802,0.7791331,0.4002075,5
59,0.1872445,0.6876346,0.4315815,6
59,0.3503054,0.6256751,0.4957845,7
59,0.2154516,1.1593,0.5698575,8
59,0.07340455,1.259845,0.4109031,9
59,0.4311529,0.6667741,0.4070653,10
59,0.476893,0.7474097,0.5486699,11
59,0.3761159,1.114136,0.6291279,12
59,0.2041817,1.009449,0.4509586,13
59,0.07158756,0.9755515,0.4699634,14
59,0.09789193,0.6464261,0.5096901,15
59,0.005172789,0.636745,0.424868,16
59,-0.07884657,1.318407,0.455639,17
59,0.4918929,1.109912,0.6754923,18
59,0.1168615,1.097202,0.487236,19
59,-0.09982759,0.7519195,0.5982286,20
59,-0.1191539,0.6519552,0.6772621,21
59,0.06323808,0.8725579,0.5140048,22
59,-0.01771775,0.9554681,0.4764048,23
59,-0.03555012,1.095745,0.4949394,24
59,0.08496118,1.53033,0.5755031,25
59,-0.2734917,0.7407265,0.4249691,26
59,-0.1855856,0.7807703,0.4695972,27
59,0.3616025,1.21112,0.4037509,28
59,0.3610181,1.365815,0.6810064,29
59,-0.1307618,0.9712421,0.471754,30
59,0.2137938,1.497242,0.6327696,31
59,0.4625494,1.197266,0.4353243,32
59,0.2819962,1.429074,0.4949853,33
59,0.486479,1.444968,0.5090047,34
59,0.3433447,1.545276,0.3875104,35
59,-0.09746766,1.228242,0.6738268,36
59,-0.2756942,0.8877759,0.6354506,37
59,0.1823518,1.586779,0.5159498,38
59,0.4378088,1.586583,0.4295611,39
59,0.4690611,1.287445,0.4828674,40
59,-0.0699521,1.480081,0.4143243,41
59,-0.3975077,1.263235,0.4886524,42
59,-0.3921771,0.7227765,0.497278,43
59,-0.1192146,1.56355,0.4150814,44
59,-0.4540289,1.012446,0.5497484,45
59,-0.2135239,0.6419716,0.5687752,46
59,-0.2468116,1.395077,0.5425286,47
59,-0.1319958,1.069153,0.4802716,48
59,0.04472727,1.162,0.5127414,49
59,-0.4909958,0.8741828,0.4641168,50
59,-0.00127694,1.598322,0.4930853,51
59,-0.4383569,0.8005948,0.3901145,52
59,-0.3983076,0.9266863,0.4378422,53
59,-0.4958167,1.310544,0.4119405,54
59,-0.3423207,0.9986584,0.6008767,55
59,-0.447132,1.38687,0.5313285,56
59,-0.4474133,1.120173,0.590342,57
59,-0.3403243,0.8205705,0.5055801,58
59,-0.34852,1.465042,0.5165271,59
59,-0.4601558,1.49126,0.4594466,60
59,-0.4122945,0.632934,0.4535713,61
59,-0.3107,0.6458412,0.4025702,62
59,-0.3242923,1.346652,0.4001017,63
59,-0.4871224,0.7175024,0.3880482,64
59,-0.2424302,1.505803,0.4033411,65
59,-0.4560703,1.595855,0.4077813,66
59,-0.271665,1.596741,0.5863416,67
59,-0.3640755,1.560142,0.629321,68
