Case,X,Y,Z,a,v,index
107,-0.2780068,1.470732,0.6193579,0
107,-0.3191495,1.34453,0.4779422,1
107,-0.4779992,1.541077,0.6497296,2
107,-0.2719156,1.589713,0.4325617,3
107,-0.4088144,1.447086,0.5717448,4
107,-0.1559264,1.556402,0.4690381,5
107,-0.1529751,1.429497,0.4977122,6
107,-0.4471014,1.266195,0.4198315,7
107,-0.396771,1.159251,0.458321,8
107,0.05855238,1.58949,0.4018674,9
107,-0.08360159,1.214856,0.649848,10
107,-0.01573643,1.493653,0.5132787,11
107,-0.4964016,1.072494,0.5054918,12
107,0.1883995,1.568918,0.5082645,13
107,-0.3531768,1.054007,0.4571323,14
107,-0.4945068,1.367984,0.5455394,15
107,-0.116456,1.015527,0.5040535,16
107,0.03971308,1.153224,0.4124594,17
107,-0.01982215,0.955097,0.5198179,18
107,-0.4473267,0.9350852,0.637125,19
107,0.1005943,1.451986,0.6379052,20
107,-0.2611245,0.8642624,0.6326838,21
107,0.1333507,1.009739,0.6662413,22
107,0.217596,1.420658,0.6457902,23
107,0.3763959,1.547666,0.4392744,24
107,0.3501114,1.230271,0.5687281,25
107,-0.1402781,0.701728,0.5029223,26
107,-0.4314097,0.7761112,0.4641671,27
107,0.02652007,0.7307147,0.6650978,28
107,0.1373619,0.7408451,0.4323016,29
107,0.208514,0.642377,0.4427726,30
107,0.3904971,1.434248,0.5208565,31
107,-0.2734228,0.7546922,0.4527553,32
107,0.4856389,1.162052,0.552855,33
107,-0.01060444,0.6132415,0.5233414,34
107,0.3890041,0.7041485,0.5055991,35
107,0.4880969,0.6285436,0.4216469,36
107,0.333151,0.9140787,0.5688471,37
107,-0.397907,0.6199264,0.5296373,38
107,0.386224,1.100352,0.4944901,39
107,0.4374813,0.8487814,0.525656,40
107,-0.2563644,0.6340743,0.6227136,41
107,0.4807322,1.024816,0.6018666,42
107,0.3039011,0.7754599,0.4124092,43
107,0.4820269,1.342244,0.4723279,44
107,0.4955317,1.585192,0.5816336,45
