Case,X,Y,Z,a,v,index
164,-0.1152269,1.459708,0.6398605,0
164,0.08639407,1.14352,0.4985826,1
164,-0.2957572,1.355853,0.5613731,2
164,-0.1006594,1.210386,0.4125387,3
164,0.1747785,1.422019,0.5630699,4
164,0.0797019,1.585255,0.580842,5
164,0.3974426,1.175603,0.4007687,6
164,0.1339665,1.035326,0.4821929,7
164,0.2134618,1.578127,0.6103353,8
164,0.2675947,1.354327,0.5730047,9
164,0.3676519,0.9931097,0.5916543,10
164,-0.1867914,1.375142,0.4601997,11
164,-0.4080095,1.388047,0.588796,12
164,0.3123724,1.482345,0.4489448,13
164,0.003992617,1.487729,0.5221972,14
164,-0.2670633,1.576562,0.4304924,15
164,0.4307281,1.530177,0.5940833,16
164,-0.2237729,0.7959017,0.4998024,17
164,-0.418207,1.518465,0.4765258,18
164,0.422358,1.407844,0.4290928,19
164,-0.3420761,0.8170471,0.4138131,20
164,-0.3194771,1.469309,0.5017402,21
164,-0.005096912,1.042447,0.5070652,22
164,-0.1188856,1.575455,0.5136765,23
164,0.4711949,0.8552654,0.5358341,24
164,-0.3687426,1.267335,0.5934619,25
164,-0.3698151,1.004688,0.4231989,26
164,-0.09956709,0.7048731,0.5165617,27
164,0.01950109,1.240084,0.4718096,28
164,-0.3650328,0.6819937,0.4423319,29
164,-0.4998064,0.8295761,0.5240067,30
164,-0.4837612,0.945189,0.4456835,31
164,0.1039754,0.7678976,0.6807295,32
164,-0.4697825,1.084587,0.5117171,33
164,0.08473557,0.6127239,0.627263,34
164,-0.2064633,0.6379846,0.5187737,35
164,0.4887085,1.049595,0.4679253,36
164,0.2644665,0.6705368,0.4290723,37
164,0.3045452,0.7759336,0.4020322,38
164,-0.4996241,1.242079,0.5267602,39
164,0.3852997,1.299301,0.5337598,40
164,-0.4974052,0.6693391,0.6368809,41
164,0.4931325,1.24607,0.5616754,42
164,0.4408292,0.627739,0.655695,43
164,0.4145756,0.7570799,0.3962541,44
164,0.3012792,0.8860451,0.597303,45
164,-0.02699968,0.600678,0.5136515,46
