Case,X,Y,Z,a,v,index
68,-0.04318434,0.9942126,0.5679611,0
68,0.04893875,1.192551,0.6435632,1
68,0.2411786,0.8545536,0.6394417,2
68,0.4051219,1.14031,0.4880684,3
68,0.4555419,0.8775098,0.4567522,4
68,0.1360509,0.6688324,0.4882315,5
68,0.4383813,0.7071878,0.5054213,6
68,0.08793592,1.059492,0.49784,7
68,0.4181769,1.012355,0.4967573,8
68,0.3297402,1.295802,0.4446837,9
68,0.3275615,0.6316664,0.586876,10
68,-0.05099338,0.6060132,0.4628487,11
68,0.4374301,1.477364,0.5941202,12
68,0.4594262,1.241617,0.4406773,13
68,-0.068198,1.123165,0.4845413,14
68,0.3293029,0.7627922,0.5778872,15
68,-0.2238823,0.7993555,0.4259146,16
68,0.00819242,1.523032,0.4009075,17
68,0.1183952,1.455125,0.6106604,18
68,-0.1839626,0.646596,0.4972977,19
68,0.02181423,0.7384076,0.5351937,20
68,0.4209535,1.367256,0.5194678,21
68,-0.09192592,0.7459952,0.6311684,22
68,0.2480849,1.508151,0.5676798,23
68,0.3852829,1.592826,0.5752201,24
68,-0.1817388,1.461983,0.461386,25
68,0.2471834,1.396004,0.4376491,26
68,0.1156887,1.596273,0.4257398,27
68,-0.2922724,0.9253495,0.489106,28
68,-0.4464157,1.068104,0.4969429,29
68,-0.306554,0.6809703,0.4084366,30
68,-0.4362023,1.350935,0.4281781,31
68,-0.3374475,1.411091,0.5075557,32
68,-0.4397666,1.213608,0.4530215,33
68,-0.4461411,0.9074546,0.3941317,34
68,-0.4158199,1.535453,0.5265602,35
68,-0.3893818,0.7747118,0.4206218,36
68,-0.2187116,1.595814,0.5417238,37
68,-0.4364499,0.6165788,0.5341015,38
68,-0.4969251,0.7137784,0.5199275,39
68,-0.09372175,1.57646,0.5609922,40
