Case,X,Y,Z,a,v,index
109,0.2777024,0.8375412,0.4753969,0
109,0.1664311,0.670546,0.4540017,1
109,0.3422856,0.9741812,0.4435708,2
109,0.4003472,1.154662,0.6792456,3
109,0.2638447,0.6128839,0.6092095,4
109,0.3059537,1.315766,0.4434744,5
109,0.3984371,0.8395079,0.421898,6
109,0.4277458,0.6271738,0.684646,7
109,0.3543562,0.7339152,0.4282637,8
109,0.1216477,1.088341,0.4206509,9
109,-0.05402845,1.171433,0.4300286,10
109,0.4768794,0.7517662,0.4130151,11
109,-0.002332449,1.034669,0.5240833,12
109,-0.1427993,0.747343,0.6237667,13
109,0.4593524,1.056525,0.4693422,14
109,-0.3285619,0.6832511,0.4611853,15
109,-0.1551669,1.116339,0.4831076,16
109,-0.007177621,0.6364384,0.5168092,17
109,0.1095927,1.450091,0.5508543,18
109,0.1670853,0.8043686,0.6204755,19
109,-0.490806,0.6745516,0.4048885,20
109,-0.08754757,1.45082,0.40881,21
109,-0.3920419,0.968031,0.4558944,22
109,0.48711,0.9058129,0.5878075,23
109,-0.3514071,1.211447,0.5938568,24
109,-0.1823549,0.6145123,0.4561052,25
109,-0.3712955,0.8320369,0.3986497,26
109,-0.2263582,0.822596,0.6640167,27
109,-0.4560768,1.059562,0.4993362,28
109,0.00383532,1.516025,0.47119,29
109,0.4984918,1.36676,0.4821574,30
109,0.2285853,1.484399,0.4102079,31
109,-0.339658,1.075689,0.3894194,32
109,-0.2927218,1.314997,0.4544605,33
109,0.4307065,1.261246,0.4194373,34
109,-0.2014821,1.431201,0.5459073,35
109,-0.1183228,1.561711,0.5012582,36
109,-0.4787096,0.8862045,0.6468365,37
109,0.1500928,1.562711,0.6087134,38
109,0.2666546,1.588521,0.506408,39
109,-0.4767739,1.220574,0.4890016,40
109,-0.3059981,1.480107,0.6290699,41
109,-0.4364218,1.32708,0.4982042,42
109,0.3323421,1.425084,0.5206094,43
109,0.4363207,1.468471,0.4883044,44
109,-0.4561355,1.516689,0.6427627,45
109,0.4200652,1.582513,0.4060952,46
109,-0.263252,1.599532,0.6244763,47
