Case,X,Y,Z,a,v,index
165,-0.09231296,0.6553661,0.5288839,0
165,0.1036015,0.6733572,0.5273283,1
165,0.01235992,0.6099758,0.4035605,2
165,0.2154669,0.6265669,0.5062453,3
165,-0.2740204,0.6724259,0.4306563,4
165,0.3446485,0.6320571,0.4222412,5
165,0.3713085,0.7707636,0.4358088,6
165,-0.1668584,0.7924962,0.4116604,7
165,0.4507063,0.9519517,0.5789807,8
165,-0.3000184,0.8777623,0.4244101,9
165,0.04450941,1.007814,0.6576406,10
165,-0.4381813,0.767274,0.4783772,11
165,0.2577174,0.7533494,0.4057467,12
165,-0.4070268,0.6073884,0.4871211,13
165,0.3478838,1.013041,0.6051356,14
165,-0.09455866,1.124677,0.4868887,15
165,-0.06408998,0.9785857,0.5315644,16
165,0.3659194,1.123966,0.396965,17
165,0.4770021,0.6270764,0.4178088,18
165,0.4947848,1.152555,0.4409749,19
165,0.3144808,0.88965,0.5668556,20
165,0.4901394,0.7652312,0.5751295,21
165,0.07217544,1.143998,0.3915927,22
165,0.328065,1.230495,0.6864352,23
165,-0.4099138,1.00484,0.4784542,24
165,0.411155,1.399091,0.6159388,25
165,-0.3480504,1.282832,0.4817272,26
165,-0.4171035,1.191808,0.6775876,27
165,0.2607092,1.432945,0.420829,28
165,-0.4404407,1.355422,0.4206779,29
165,-0.4888638,1.083289,0.6087216,30
165,-0.462481,0.8916916,0.406909,31
165,0.4243038,1.542533,0.6822549,32
165,0.4598138,1.275589,0.4497513,33
165,-0.3660868,1.522563,0.4985828,34
165,0.2492132,1.553217,0.5787934,35
165,0.1300951,1.557388,0.5254546,36
165,-0.06219414,1.501617,0.5239208,37
165,-0.3289775,1.399726,0.3945605,38
165,-0.2322729,1.561256,0.579639,39
165,-0.485131,1.563861,0.5765834,40
