Case,X,Y,Z,a,v,index
2,0.05079788,1.308148,0.5340824,0
2,0.1459917,1.241543,0.5182228,1
2,0.1693931,1.078866,0.5320153,2
2,-0.0791142,1.223945,0.474797,3
2,0.07027918,0.9611352,0.4669704,4
2,-0.09468779,1.316744,0.6248854,5
2,-0.07863191,1.090083,0.646928,6
2,0.3448468,1.323277,0.5233651,7
2,0.1690649,0.9452651,0.4244099,8
2,0.04739827,1.205556,0.4256084,9
2,0.06696564,1.10451,0.3889421,10
2,0.1252836,1.543598,0.5073937,11
2,-0.1906662,1.095382,0.5099158,12
2,0.3551239,1.467647,0.5049433,13
2,0.2571737,1.436243,0.4277931,14
2,0.22158,1.537907,0.402472,15
2,-0.1890076,0.9789701,0.6135473,16
2,0.3145724,0.8551703,0.5204602,17
2,0.4381212,1.105805,0.4335219,18
2,0.03310418,1.59417,0.4880908,19
2,0.4954886,1.367148,0.4986577,20
2,0.3629673,0.9336675,0.4874676,21
2,-0.07003108,0.9964809,0.4417633,22
2,0.4765726,1.520358,0.4203499,23
2,0.3246013,1.554535,0.5055512,24
2,0.4103707,1.017673,0.418814,25
2,0.4157097,1.208416,0.501406,26
2,-0.05328238,1.432814,0.4962404,27
2,0.1747215,0.6907867,0.4520727,28
2,-0.2765987,1.434675,0.6725481,29
2,0.2005388,1.16468,0.6118384,30
2,-0.4699368,1.039769,0.4820981,31
2,0.3933087,0.8013205,0.5828772,32
2,-0.1685671,1.468921,0.3934338,33
2,-0.347912,1.167507,0.468601,34
2,0.2746617,0.7620283,0.4138391,35
2,-0.3304916,1.520158,0.6649587,36
2,-0.1214219,0.8968913,0.6586654,37
2,-0.3169752,1.280689,0.4118682,38
2,-0.08816075,1.55222,0.6232778,39
2,-0.3481826,0.9532686,0.4474317,40
2,0.03939092,1.449044,0.4525824,41
2,0.08432215,0.7112563,0.4869756,42
2,-0.4401827,1.58776,0.5085002,43
2,0.4561779,0.9181718,0.4243011,44
2,0.4785457,0.7720386,0.3900577,45
2,-0.2407038,1.541528,0.5911069,46
2,-0.4053341,1.378944,0.4570379,47
2,0.4135481,0.6522281,0.6622045,48
2,-0.4351551,1.492505,0.3930632,49
2,-0.2902859,0.8763486,0.6309063,50
2,0.3218424,0.6032621,0.4471053,51
2,-0.3832163,0.7834972,0.5115544,52
2,-0.4756298,1.290986,0.5357764,53
2,-0.1776757,1.235185,0.5290073,54
2,-0.484624,1.169293,0.5808051,55
2,-0.07033187,0.6573662,0.4579682,56
2,-0.4707502,0.9165218,0.5771822,57
2,-0.4929003,0.7798056,0.6636114,58
2,0.01394135,0.6228281,0.6537227,59
2,-0.2207002,0.7783105,0.6608269,60
2,-0.2913744,0.7142367,0.4082666,61
2,-0.1404151,0.7312087,0.449119,62
2,-0.1889148,0.6383536,0.3902463,63
2,-0.4394311,0.6377807,0.4574826,64
2,-0.2761074,0.6109136,0.5486631,65
2,-0.0189079,0.910104,0.4891782,66
