Case,X,Y,Z,a,v,index
14,0.36376,0.884906,0.4779173,0
14,0.2547567,0.7643464,0.4660224,1
14,0.4222893,1.003182,0.4352556,2
14,0.4514893,0.9144663,0.6225317,3
14,0.2525639,0.6183404,0.6796848,4
14,0.3836802,0.7791331,0.6242049,5
14,0.1872445,0.6876346,0.4011787,6
14,0.3503054,0.6256751,0.4038863,7
14,0.2154516,1.1593,0.408737,8
14,0.07340455,1.259845,0.4318908,9
14,0.4311529,0.6667741,0.5214479,10
14,0.476893,0.7474097,0.3924031,11
14,0.3761159,1.114136,0.6582423,12
14,0.2041817,1.009449,0.4357253,13
14,0.07158756,0.9755515,0.5748182,14
14,0.09789193,0.6464261,0.4160357,15
14,0.005172789,0.636745,0.4347259,16
14,-0.07884657,1.318407,0.4580715,17
14,0.4918929,1.109912,0.4430285,18
14,0.1168615,1.097202,0.6246075,19
14,-0.09982759,0.7519195,0.6163543,20
14,-0.1191539,0.6519552,0.5582781,21
14,0.06323808,0.8725579,0.4215375,22
14,-0.01771775,0.9554681,0.5037319,23
14,-0.03555012,1.095745,0.5199846,24
14,0.08496118,1.53033,0.6621768,25
14,-0.2734917,0.7407265,0.3939095,26
14,-0.1855856,0.7807703,0.4897197,27
14,0.3616025,1.21112,0.4801741,28
14,0.3610181,1.365815,0.3878455,29
14,-0.1307618,0.9712421,0.5831064,30
14,0.2137938,1.497242,0.6747061,31
14,0.4625494,1.197266,0.4671272,32
14,0.2819962,1.429074,0.5056309,33
14,0.486479,1.444968,0.4818222,34
14,0.3433447,1.545276,0.4185273,35
14,-0.09746766,1.228242,0.6116183,36
14,-0.2756942,0.8877759,0.6427031,37
14,0.1823518,1.586779,0.6225636,38
14,0.4378088,1.586583,0.5156412,39
14,0.4690611,1.287445,0.4153381,40
14,-0.0699521,1.480081,0.6727335,41
14,-0.3975077,1.263235,0.6679965,42
14,-0.3921771,0.7227765,0.6473455,43
14,-0.1192146,1.56355,0.3913372,44
14,-0.4540289,1.012446,0.5700586,45
14,-0.2135239,0.6419716,0.4428538,46
14,-0.2468116,1.395077,0.4348317,47
14,-0.1319958,1.069153,0.5762886,48
14,0.04472727,1.162,0.6398188,49
14,-0.4909958,0.8741828,0.520564,50
14,-0.00127694,1.598322,0.4276117,51
14,-0.4383569,0.8005948,0.5984377,52
14,-0.3983076,0.9266863,0.4981208,53
14,-0.4958167,1.310544,0.4851445,54
14,-0.3423207,0.9986584,0.528657,55
14,-0.447132,1.38687,0.6343077,56
14,-0.4474133,1.120173,0.4670049,57
14,-0.3403243,0.8205705,0.6842901,58
14,-0.34852,1.465042,0.6082059,59
14,-0.4601558,1.49126,0.4305347,60
14,-0.4122945,0.632934,0.5391384,61
14,-0.3107,0.6458412,0.4973741,62
14,-0.3242923,1.346652,0.5798936,63
14,-0.4871224,0.7175024,0.5800148,64
14,-0.2424302,1.505803,0.536304,65
14,-0.4560703,1.595855,0.4124168,66
14,-0.271665,1.596741,0.5341387,67
14,-0.3640755,1.560142,0.5594665,68
