Case,X,Y,Z,a,v,index
26,0.3588893,0.9727112,0.5389923,0
26,0.4445763,1.120768,0.4420274,1
26,0.2727348,0.8244041,0.4361938,2
26,0.4860983,0.8360485,0.6275519,3
26,0.4961923,0.9492582,0.3993807,4
26,0.4133341,0.742942,0.4808663,5
26,0.4821128,1.29802,0.4253259,6
26,0.3383225,1.201219,0.448938,7
26,0.3596972,1.317145,0.436459,8
26,0.4996827,0.6452807,0.4802277,9
26,0.2199641,0.6849734,0.454743,10
26,0.02091908,0.7438676,0.397076,11
26,0.05184555,1.171961,0.4335846,12
26,0.3126619,1.516245,0.4002591,13
26,0.3536053,0.6493203,0.4608755,14
26,0.4322906,1.512083,0.4326663,15
26,-0.1710542,0.6498024,0.5247123,16
26,0.1229318,1.431629,0.4227399,17
26,-0.04110673,1.458125,0.4417271,18
26,0.1335372,1.562632,0.5755526,19
26,-0.05982941,0.6241964,0.5981356,20
26,-0.0555242,1.218474,0.534807,21
26,0.08615303,1.017264,0.5737988,22
26,-0.1865948,1.451104,0.6742352,23
26,-0.2728754,0.7747773,0.455071,24
26,0.1039367,0.6485724,0.5594895,25
26,-0.3836118,0.6569952,0.4777166,26
26,-0.2414638,1.547078,0.4940914,27
26,0.1605784,0.7914662,0.5476008,28
26,-0.03829563,1.106578,0.6168426,29
26,-0.3153285,1.427367,0.5293112,30
26,-0.4083531,1.522311,0.4367604,31
26,-0.3947192,0.8408597,0.5995284,32
26,-0.4979753,0.784469,0.4141985,33
26,-0.04310149,1.592506,0.5378672,34
26,-0.3734608,1.235112,0.4715353,35
26,-0.2770919,0.6054934,0.4563111,36
26,-0.4675074,1.299301,0.5821594,37
26,-0.3660882,1.106293,0.5604329,38
26,-0.4800426,1.4105,0.4389345,39
26,-0.3925228,0.9967386,0.4995595,40
26,-0.4781294,0.9149764,0.3956932,41
26,-0.4680358,1.162902,0.4829815,42
26,-0.09689578,0.7324659,0.4078281,43
