Case,X,Y,Z,a,v,index
8,-0.3458372,1.34005,0.6853484,0
8,-0.4034975,1.438043,0.521903,1
8,-0.2210229,1.252571,0.426064,2
8,-0.2234449,1.139754,0.4614855,3
8,-0.3629966,1.547799,0.4652905,4
8,-0.3263729,1.170487,0.4584718,5
8,-0.3106747,1.453125,0.4758362,6
8,-0.1876021,1.374695,0.471051,7
8,-0.434588,1.253718,0.6854858,8
8,-0.481371,1.346345,0.397221,9
8,-0.1214565,1.143061,0.4660639,10
8,-0.3765599,1.061554,0.6257063,11
8,-0.4696719,1.162914,0.5387354,12
8,-0.1314842,1.051242,0.4698016,13
8,0.01798838,1.112967,0.6192057,14
8,-0.1990624,0.9465977,0.4868399,15
8,-0.46455,1.549123,0.5962293,16
8,-0.3628358,0.8663869,0.6753684,17
8,0.1327474,1.145534,0.3877164,18
8,-0.03909609,1.015933,0.4293382,19
8,-0.0005242527,1.517046,0.4789891,20
8,0.07508183,1.251856,0.4706526,21
8,-0.4600436,0.9263271,0.4222612,22
8,0.06344026,0.9957095,0.685984,23
8,-0.4929889,1.456939,0.5989742,24
8,-0.06884298,1.276343,0.3925422,25
8,-0.4636094,0.749092,0.6479962,26
8,-0.161178,1.53544,0.5493973,27
8,-0.3400123,0.652235,0.4521525,28
8,-0.3642945,0.7491822,0.579574,29
8,0.2070844,1.030413,0.592198,30
8,0.09054881,1.475584,0.4610167,31
8,0.2889305,0.9156278,0.4367226,32
8,-0.2217135,0.6874443,0.4550743,33
8,0.2499607,1.152338,0.4014856,34
8,-0.271061,1.569584,0.4898041,35
8,-0.01350144,1.204941,0.4333591,36
8,-0.1223787,0.8903338,0.3978691,37
8,-0.4927061,1.075637,0.4879117,38
8,-0.4341244,0.6346959,0.4948917,39
8,0.07739168,1.577726,0.4977965,40
8,-0.1257834,1.440262,0.5695449,41
8,0.3622563,1.071604,0.6180851,42
8,0.2348415,0.8025746,0.4181268,43
8,0.4662862,0.9684478,0.5884995,44
8,0.4490998,0.8749988,0.6037001,45
8,-0.2705262,0.8253342,0.4887989,46
8,0.1950276,1.453938,0.49788,47
8,0.4645781,1.127269,0.5863626,48
8,0.2048156,0.7148217,0.4971299,49
8,0.1868493,1.568223,0.5567138,50
8,0.1889755,1.221253,0.4771507,51
8,0.3776906,0.7358972,0.3882295,52
8,-0.07403904,0.7198348,0.4535803,53
8,0.2808518,1.293569,0.6372677,54
8,0.3331667,0.8164567,0.6173117,55
8,-0.07380074,0.6130551,0.5933052,56
8,0.3597055,1.420712,0.6721478,57
8,0.352183,0.6455948,0.6415672,58
8,0.4926065,1.278237,0.5344414,59
8,0.4458382,1.550118,0.4622169,60
8,0.342128,1.559139,0.4654691,61
8,-0.07970515,1.597633,0.5015737,62
8,0.04744184,0.654357,0.3970187,63
8,0.2439999,0.6294937,0.4217631,64
8,0.4939827,0.7944577,0.5453858,65
8,0.4795541,0.6492746,0.6126895,66
8,0.4879236,1.444523,0.3979527,67
8,0.4114022,1.33564,0.6422412,68
8,0.3683658,0.9649266,0.411882,69
8,0.1412664,0.6238554,0.4805048,70
