Case,X,Y,Z,a,v,index
23,-0.04318434,0.9942126,0.3897792,0
23,0.04893875,1.192551,0.4360589,1
23,0.2411786,0.8545536,0.4208876,2
23,0.4051219,1.14031,0.5725293,3
23,0.4555419,0.8775098,0.5249615,4
23,0.1360509,0.6688324,0.5542617,5
23,0.4383813,0.7071878,0.5761764,6
23,0.08793592,1.059492,0.5060595,7
23,0.4181769,1.012355,0.4461828,8
23,0.3297402,1.295802,0.5162086,9
23,0.3275615,0.6316664,0.478184,10
23,-0.05099338,0.6060132,0.6528438,11
23,0.4374301,1.477364,0.4975798,12
23,0.4594262,1.241617,0.5138355,13
23,-0.068198,1.123165,0.4825245,14
23,0.3293029,0.7627922,0.4148475,15
23,-0.2238823,0.7993555,0.5582213,16
23,0.00819242,1.523032,0.4443908,17
23,0.1183952,1.455125,0.5036636,18
23,-0.1839626,0.646596,0.5801169,19
23,0.02181423,0.7384076,0.4782774,20
23,0.4209535,1.367256,0.4568228,21
23,-0.09192592,0.7459952,0.5181572,22
23,0.2480849,1.508151,0.499984,23
23,0.3852829,1.592826,0.5903422,24
23,-0.1817388,1.461983,0.5409641,25
23,0.2471834,1.396004,0.6396395,26
23,0.1156887,1.596273,0.5260668,27
23,-0.2922724,0.9253495,0.6862378,28
23,-0.4464157,1.068104,0.6454917,29
23,-0.306554,0.6809703,0.4467511,30
23,-0.4362023,1.350935,0.6776747,31
23,-0.3374475,1.411091,0.5457806,32
23,-0.4397666,1.213608,0.6334963,33
23,-0.4461411,0.9074546,0.5415782,34
23,-0.4158199,1.535453,0.6430798,35
23,-0.3893818,0.7747118,0.4228574,36
23,-0.2187116,1.595814,0.4490559,37
23,-0.4364499,0.6165788,0.5293144,38
23,-0.4969251,0.7137784,0.5780866,39
23,-0.09372175,1.57646,0.4953631,40
