Case,X,Y,Z,a,v,index
28,0.2374204,1.416169,0.5209402,0
28,0.01707071,1.174902,0.4518122,1
28,0.1169671,1.083888,0.6066412,2
28,0.3886437,1.383337,0.4970093,3
28,-0.1501259,1.511472,0.4198298,4
28,0.1741068,1.528488,0.6288795,5
28,0.3574032,1.55749,0.4290191,6
28,0.3633232,1.190615,0.4749024,7
28,-0.2736042,1.473994,0.597047,8
28,0.4045701,1.014522,0.5057399,9
28,0.08776224,1.433252,0.5863313,10
28,0.05818027,1.544065,0.5364507,11
28,0.1841953,0.783972,0.3948943,12
28,-0.04592878,1.585732,0.466299,13
28,0.01133364,0.9981082,0.4637996,14
28,-0.1376089,1.133049,0.4373401,15
28,0.4812289,1.55835,0.39258,16
28,0.3913856,0.8451251,0.3929409,17
28,-0.3587896,1.569553,0.4252031,18
28,-0.4691948,1.564839,0.4138351,19
28,-0.402465,1.395509,0.5768625,20
28,0.4987053,1.432522,0.5610408,21
28,0.2859144,0.8824232,0.6634336,22
28,-0.2344298,1.596866,0.4147528,23
28,-0.269043,1.351736,0.5351927,24
28,-0.03835362,0.7215165,0.4062114,25
28,-0.4881066,1.197614,0.6695129,26
28,-0.4869292,1.310638,0.6083564,27
28,-0.4715477,1.08322,0.4094942,28
28,0.4624163,0.7373957,0.5023153,29
28,-0.2286435,0.7129505,0.6094702,30
28,-0.4012097,0.9936879,0.4281741,31
28,0.3526391,0.6969854,0.5345039,32
28,-0.3666611,1.127537,0.5080768,33
28,0.1518359,0.6408662,0.4680279,34
28,0.4897081,1.300762,0.4889274,35
28,-0.2991646,0.8779497,0.4262076,36
28,0.43754,0.6008942,0.5106859,37
28,-0.4450197,0.783393,0.6208755,38
28,0.3079759,1.291732,0.4313879,39
28,-0.344888,0.6615737,0.4138775,40
28,-0.4813432,0.6105803,0.4318346,41
28,0.2669009,0.6119646,0.4111283,42
28,0.4741753,1.166401,0.6268552,43
28,-0.1079799,0.6355541,0.531592,44
28,-0.4980966,0.9363323,0.6668529,45
28,0.03700984,0.6349926,0.5960915,46
