Case,X,Y,Z,a,v,index
12,0.3701242,1.182277,0.5746115,0
12,0.4444676,0.9063593,0.5457001,1
12,0.4464175,0.7760707,0.4909339,2
12,0.4508157,1.055449,0.4179642,3
12,0.3671234,0.7092783,0.4876792,4
12,0.4833163,0.6515536,0.3922083,5
12,0.2784894,0.7650559,0.4740755,6
12,0.3980064,0.6140435,0.3979715,7
12,0.3440878,0.8480085,0.5862725,8
12,0.282422,0.647531,0.6441882,9
12,0.1961098,0.7117429,0.4749122,10
12,0.4660882,1.20957,0.6265656,11
12,0.08959901,0.9824455,0.4025697,12
12,0.3844547,0.9908252,0.6413609,13
12,0.1337953,0.6122114,0.3949209,14
12,0.009563386,0.6574029,0.3999061,15
12,0.1806495,1.140012,0.4354973,16
12,0.03207695,0.881165,0.6727042,17
12,0.2033603,1.012025,0.5346688,18
12,0.03188789,1.153444,0.4549204,19
12,0.37257,1.357161,0.467969,20
12,-0.12775,0.9879413,0.4070814,21
12,-0.09095055,0.6862608,0.4021984,22
12,-0.1839049,0.7346189,0.4295284,23
12,-0.09615824,1.255751,0.3956982,24
12,0.308668,1.443402,0.4712406,25
12,-0.0161126,1.042437,0.4596885,26
12,0.1031228,1.266988,0.4268358,27
12,-0.002684087,1.330394,0.4326982,28
12,0.2113459,1.442386,0.4502098,29
12,-0.1159263,1.124254,0.4908421,30
12,-0.1477376,0.6067415,0.6365221,31
12,-0.3200582,0.815388,0.4292746,32
12,-0.3080754,0.7189139,0.4359008,33
12,-0.2495917,0.634572,0.6406131,34
12,0.09215504,0.7038483,0.4669051,35
12,-0.1917458,1.211375,0.5243234,36
12,0.4096038,1.463017,0.6751926,37
12,0.4819146,1.322052,0.3912213,38
12,0.3888232,1.588351,0.6618931,39
12,0.203669,1.573551,0.3936407,40
12,-0.4039194,0.6580697,0.4740824,41
12,0.09507221,1.469456,0.6294612,42
12,-0.02443889,1.455598,0.6728063,43
12,-0.4470902,0.8394509,0.6460558,44
12,-0.3998196,0.7513408,0.4793548,45
12,-0.1451267,1.480111,0.5416378,46
12,-0.380179,1.127614,0.6268508,47
12,-0.4805922,0.9823921,0.4010337,48
12,-0.4944677,0.7246354,0.3879121,49
12,-0.28488,1.349129,0.4036294,50
12,-0.4280325,1.26663,0.4591726,51
12,-0.2887229,1.445024,0.5071733,52
12,-0.4770563,1.109232,0.4005377,53
12,-0.3801252,1.49747,0.4181485,54
12,0.3036092,1.553356,0.511955,55
12,-0.3947157,1.015061,0.6525892,56
12,-0.3955244,1.37256,0.5884421,57
12,-0.2868976,1.575961,0.5835532,58
12,0.08557433,1.573303,0.5249169,59
12,0.4675968,1.544808,0.4007922,60
12,-0.4768232,1.415926,0.4434773,61
12,-0.4756763,1.589185,0.4212265,62
12,-0.491528,0.6267601,0.4300556,63
12,-0.1375423,1.598808,0.4079756,64
12,-0.006308049,1.573166,0.5369303,65
