Case,X,Y,Z,a,v,index
5,-0.4236917,1.379919,0.6129703,0
5,-0.3510343,1.262049,0.5058289,1
5,-0.3361703,1.401426,0.4274369,2
5,-0.2401728,1.387114,0.4640584,3
5,-0.2411543,1.5293,0.471334,4
5,-0.3230801,1.584775,0.6632584,5
5,-0.3627274,1.492598,0.3996625,6
5,-0.4580184,1.515637,0.5057403,7
5,-0.1536907,1.287405,0.4546853,8
5,-0.05333394,1.303264,0.4881645,9
5,-0.05583203,1.143731,0.6421646,10
5,-0.07240149,1.501744,0.4520608,11
5,-0.1364601,1.570014,0.4068339,12
5,-0.471402,1.3013,0.5832019,13
5,0.02413112,1.492545,0.5521602,14
5,-0.1672006,1.120064,0.4134095,15
5,0.1189915,1.497894,0.4054896,16
5,0.2345369,1.550643,0.5711083,17
5,0.3629864,1.469936,0.5322409,18
5,0.1232017,1.228761,0.6041297,19
5,0.2808809,1.369057,0.5360405,20
5,0.08693916,1.057127,0.5074383,21
5,-0.4637375,1.189993,0.5416135,22
5,-0.1352412,0.9581932,0.6669551,23
5,0.3867007,1.30795,0.5196059,24
5,-0.009540647,1.581754,0.5652734,25
5,0.3399487,1.200396,0.5417962,26
5,0.2704908,1.461383,0.6141309,27
5,0.4069086,1.589145,0.4342183,28
5,-0.04334083,0.9708633,0.5130506,29
5,0.2017173,1.167466,0.5063702,30
5,-0.007267088,0.871531,0.5652373,31
5,-0.2159352,0.9983559,0.6674949,32
5,0.09386945,1.591269,0.402854,33
5,0.02137649,1.193545,0.4975568,34
5,-0.4985571,1.030431,0.3988869,35
5,-0.4144136,0.9731382,0.4622158,36
5,0.0853501,0.9439493,0.5030302,37
5,0.4943095,1.555588,0.6262372,38
5,0.4562805,1.378667,0.4170159,39
5,-0.270602,0.8584629,0.4647755,40
5,0.2002844,0.9856838,0.4591925,41
5,0.4247269,1.155584,0.4258684,42
5,-0.1098399,0.7017295,0.528639,43
5,-0.3872759,1.125813,0.4387561,44
5,-0.3302666,0.927451,0.4316977,45
5,-0.2691538,0.6720788,0.5693179,46
5,-0.3409866,1.028156,0.4970789,47
5,0.006391108,0.7155195,0.520111,48
5,0.008321166,0.6248311,0.4401065,49
5,0.4186081,1.051881,0.4918749,50
5,0.1393548,0.6704996,0.4556051,51
5,0.288992,0.7344834,0.4067234,52
5,-0.09754995,1.06045,0.4248624,53
5,0.3994049,0.9462279,0.5147701,54
5,0.3050218,0.9214715,0.425342,55
5,-0.3435917,0.8035582,0.4715263,56
5,0.3695582,0.8021809,0.4958545,57
5,-0.3611657,0.6928428,0.6794332,58
5,-0.4740769,0.823333,0.5434728,59
5,-0.491163,0.6561128,0.5001466,60
5,-0.1638312,0.6028852,0.4144564,61
5,0.207973,0.606837,0.5845544,62
5,0.3568868,0.6285788,0.4992584,63
5,0.4701678,0.8865024,0.423273,64
5,0.4807681,0.7374817,0.3980872,65
5,0.4945419,0.629858,0.4048725,66
5,0.1833881,0.7634553,0.4917748,67
