Case,X,Y,Z,a,v,index
134,-0.1152269,1.459708,0.5260938,0
134,0.08639407,1.14352,0.5410691,1
134,-0.2957572,1.355853,0.5045014,2
134,-0.1006594,1.210386,0.4444855,3
134,0.1747785,1.422019,0.6663628,4
134,0.0797019,1.585255,0.508555,5
134,0.3974426,1.175603,0.3934107,6
134,0.1339665,1.035326,0.3900922,7
134,0.2134618,1.578127,0.5191661,8
134,0.2675947,1.354327,0.4322377,9
134,0.3676519,0.9931097,0.4749412,10
134,-0.1867914,1.375142,0.6695977,11
134,-0.4080095,1.388047,0.437535,12
134,0.3123724,1.482345,0.5099489,13
134,0.003992617,1.487729,0.6473951,14
134,-0.2670633,1.576562,0.4366104,15
134,0.4307281,1.530177,0.4138429,16
134,-0.2237729,0.7959017,0.4485489,17
134,-0.418207,1.518465,0.4982907,18
134,0.422358,1.407844,0.4515319,19
134,-0.3420761,0.8170471,0.5022609,20
134,-0.3194771,1.469309,0.460132,21
134,-0.005096912,1.042447,0.5479121,22
134,-0.1188856,1.575455,0.4287767,23
134,0.4711949,0.8552654,0.6225728,24
134,-0.3687426,1.267335,0.4831431,25
134,-0.3698151,1.004688,0.5067236,26
134,-0.09956709,0.7048731,0.5697895,27
134,0.01950109,1.240084,0.4856898,28
134,-0.3650328,0.6819937,0.5025482,29
134,-0.4998064,0.8295761,0.3889479,30
134,-0.4837612,0.945189,0.6827435,31
134,0.1039754,0.7678976,0.3979512,32
134,-0.4697825,1.084587,0.5197414,33
134,0.08473557,0.6127239,0.5388548,34
134,-0.2064633,0.6379846,0.4494849,35
134,0.4887085,1.049595,0.4860793,36
134,0.2644665,0.6705368,0.5033307,37
134,0.3045452,0.7759336,0.5438423,38
134,-0.4996241,1.242079,0.3888903,39
134,0.3852997,1.299301,0.4150461,40
134,-0.4974052,0.6693391,0.6511301,41
134,0.4931325,1.24607,0.6016682,42
134,0.4408292,0.627739,0.5173756,43
134,0.4145756,0.7570799,0.5124297,44
134,0.3012792,0.8860451,0.6089559,45
134,-0.02699968,0.600678,0.497564,46
