Case,X,Y,Z,a,v,index
33,-0.3197303,0.6194752,0.3988326,0
33,-0.2087148,0.6101577,0.4518849,1
33,-0.2570816,0.7980679,0.5249006,2
33,-0.4690032,0.7035824,0.3986983,3
33,-0.0624736,0.6044362,0.3985743,4
33,0.05628341,0.6324747,0.3920513,5
33,-0.1454047,0.7282166,0.5097362,6
33,-0.3799525,0.8175563,0.60897,7
33,-0.00446102,0.7480824,0.4665865,8
33,-0.02904853,0.9619017,0.6821509,9
33,0.04199016,1.132201,0.6275477,10
33,-0.09693056,1.048947,0.4305012,11
33,-0.4669473,0.888384,0.4630968,12
33,0.1763592,0.6927515,0.4947256,13
33,0.1357405,1.063312,0.4892245,14
33,0.2421894,0.8051753,0.6478375,15
33,0.3385248,1.003764,0.4780208,16
33,-0.3852154,0.9737144,0.3995176,17
33,-0.4813076,1.145322,0.4443234,18
33,-0.4830022,1.026774,0.6100777,19
33,-0.05220798,1.223658,0.4910738,20
33,0.3857364,0.7432073,0.441849,21
33,-0.06575927,1.471786,0.5059581,22
33,0.2772986,0.9111686,0.4284843,23
33,0.0461691,1.477745,0.516754,24
33,0.1881331,1.435242,0.4864836,25
33,-0.05229598,1.587889,0.4996998,26
33,0.431295,0.8449447,0.4559856,27
33,-0.2369038,1.430692,0.509381,28
33,-0.3618361,1.267425,0.4383368,29
33,0.3197973,1.405741,0.4931833,30
33,0.297629,0.6198196,0.4196495,31
33,0.1581602,1.557489,0.4014075,32
33,-0.2277676,1.585827,0.394933,33
33,0.4473408,1.089912,0.52614,34
33,-0.3464934,1.466601,0.4257215,35
33,0.4660434,1.202582,0.6280563,36
33,-0.466611,1.316482,0.55149,37
33,0.4438223,0.6372915,0.4187951,38
33,-0.4563255,1.553414,0.4328988,39
33,-0.4967608,1.444587,0.5282484,40
33,-0.3451278,1.590344,0.6410503,41
33,0.3506388,1.560984,0.5309741,42
33,0.4849116,1.592799,0.4459811,43
33,0.4533786,1.38444,0.4996912,44
33,0.4554065,0.9736408,0.5529225,45
