Case,X,Y,Z,a,v,index
67,-0.3197303,0.6194752,0.4805303,0
67,-0.2288994,0.6118518,0.5834301,1
67,-0.2684723,0.7655965,0.4318116,2
67,-0.4418626,0.6882902,0.4198734,3
67,-0.1092475,0.6071706,0.4865561,4
67,-0.2621471,0.9267849,0.543557,5
67,-0.01208273,0.6301112,0.4859102,6
67,-0.1771002,0.7084455,0.5091677,7
67,-0.369003,0.7815415,0.5582214,8
67,-0.06178272,0.7246993,0.6105546,9
67,-0.08189976,0.8996423,0.4533556,10
67,-0.02377722,1.038978,0.4498774,11
67,-0.1374396,0.9708613,0.6124505,12
67,0.08221602,0.8925573,0.4914516,13
67,-0.4692136,0.7860814,0.6227942,14
67,0.08616108,0.6794285,0.4529968,15
67,0.05292755,0.9826145,0.4911031,16
67,0.1461641,1.013827,0.4518862,17
67,-0.4787015,0.9138547,0.3930212,18
67,-0.3697257,0.9025645,0.572062,19
67,0.06514013,1.126018,0.4574049,20
67,0.1775692,1.129011,0.5199224,21
67,-0.4844067,1.062822,0.4212115,22
67,-0.3670008,1.050887,0.4691446,23
67,-0.4484123,1.150846,0.6188005,24
67,0.2574697,0.7207106,0.5192037,25
67,-0.4132518,1.270209,0.4768656,26
67,-0.177464,1.075511,0.4673734,27
67,0.2334713,1.377326,0.4947526,28
67,-0.03673741,1.128299,0.5596132,29
67,-0.2002956,1.167941,0.5090108,30
67,0.3736222,0.6859351,0.4179797,31
67,0.08654445,1.316522,0.4542453,32
67,0.1170372,1.21386,0.397267,33
67,0.378138,0.8843296,0.458895,34
67,-0.03932703,1.25606,0.4677825,35
67,0.1570682,0.6124464,0.4940914,36
67,-0.4246038,1.398966,0.6049293,37
67,0.3984824,1.011159,0.5551759,38
67,0.2889054,0.6269898,0.53329,39
67,0.3532325,1.320926,0.5109575,40
67,0.4518052,1.211723,0.4230047,41
67,0.4798469,1.061254,0.5575098,42
67,0.08975023,1.469856,0.6094602,43
67,0.3646182,0.7896065,0.4188901,44
67,0.4955791,0.8052853,0.5184771,45
67,0.204542,1.478765,0.4348696,46
67,0.3663836,1.165688,0.4143729,47
67,-0.3017452,1.359845,0.3973147,48
67,0.4593034,0.9393228,0.5081846,49
67,0.1559528,1.571309,0.4377384,50
67,0.3182267,1.590528,0.4193876,51
67,0.03726441,1.592769,0.5449126,52
67,0.4865476,0.7129642,0.597244,53
67,0.4353801,1.377072,0.4804463,54
67,0.3141982,1.447388,0.5025012,55
67,0.446219,0.6164688,0.4723633,56
67,0.4586262,1.570512,0.4972992,57
67,0.4585413,1.477788,0.5886927,58
67,-0.07488546,1.53842,0.4041733,59
67,-0.224272,1.444457,0.4991941,60
67,-0.1784089,1.543609,0.6451986,61
67,-0.4725656,1.50854,0.5384855,62
67,-0.09854433,1.436943,0.5254984,63
67,-0.4996533,1.34722,0.5313131,64
67,-0.2748905,1.584423,0.5804605,65
67,-0.127295,1.223146,0.5508085,66
67,-0.3117619,1.499223,0.4317985,67
67,-0.3768137,1.565236,0.4168054,68
