Case,X,Y,Z,a,v,index
82,-0.4512751,0.8891097,0.6835964,0
82,-0.4284178,0.9991384,0.4866627,1
82,-0.3900135,1.180639,0.460386,2
82,-0.4094281,1.307068,0.5829983,3
82,-0.3007981,0.8908958,0.4101359,4
82,-0.3099414,1.368162,0.4056521,5
82,-0.3859128,0.7754269,0.4766904,6
82,-0.3256114,0.6419181,0.6132333,7
82,-0.05527267,1.178871,0.4697149,8
82,0.01678163,1.079205,0.4844164,9
82,-0.2511931,0.770799,0.6837788,10
82,-0.1653779,1.466244,0.5132854,11
82,0.1403272,1.154643,0.6122457,12
82,-0.4862301,0.6625152,0.4011339,13
82,0.04512173,1.227386,0.5852985,14
82,-0.1144693,1.052389,0.6263148,15
82,-0.02249545,1.493781,0.6091057,16
82,-0.1191965,0.6047921,0.5131378,17
82,-0.4123527,1.51706,0.5073102,18
82,-0.1066378,0.7231603,0.5105481,19
82,0.0418278,0.6670396,0.4258219,20
82,0.1505885,1.481281,0.6573291,21
82,0.3374889,1.39797,0.4285539,22
82,-0.2447497,1.557319,0.4597793,23
82,0.1266304,0.7709303,0.4554329,24
82,0.1755745,0.6673403,0.5199311,25
82,0.3413255,1.568191,0.4971987,26
82,0.0342465,1.593977,0.4809989,27
82,0.2660382,0.772312,0.5859551,28
82,0.3426709,1.01746,0.580422,29
82,0.1577493,1.59708,0.4870511,30
82,0.3897439,0.6955571,0.3873262,31
82,0.459448,0.8848189,0.4923895,32
82,0.3794029,1.256297,0.5303857,33
82,0.4912478,1.072582,0.4753636,34
82,0.303413,0.6001944,0.5324107,35
82,-0.1229964,1.578539,0.4205178,36
82,0.4795337,1.564472,0.4988034,37
82,0.3569711,0.8379015,0.6174345,38
82,0.4356753,1.451411,0.4388298,39
82,0.4677022,1.344179,0.4678766,40
82,0.3855085,1.133822,0.4899177,41
