Case,X,Y,Z,a,v,index
83,-0.04318434,0.9942126,0.3888167,0
83,0.04893875,1.192551,0.5602558,1
83,0.2411786,0.8545536,0.4273829,2
83,0.4051219,1.14031,0.6134982,3
83,0.4555419,0.8775098,0.5813869,4
83,0.1360509,0.6688324,0.6416336,5
83,0.4383813,0.7071878,0.6691364,6
83,0.08793592,1.059492,0.4464287,7
83,0.4181769,1.012355,0.5980809,8
83,0.3297402,1.295802,0.4951575,9
83,0.3275615,0.6316664,0.4112929,10
83,-0.05099338,0.6060132,0.5333412,11
83,0.4374301,1.477364,0.4926001,12
83,0.4594262,1.241617,0.6439983,13
83,-0.068198,1.123165,0.4171636,14
83,0.3293029,0.7627922,0.5329312,15
83,-0.2238823,0.7993555,0.4735752,16
83,0.00819242,1.523032,0.4956893,17
83,0.1183952,1.455125,0.5217808,18
83,-0.1839626,0.646596,0.416927,19
83,0.02181423,0.7384076,0.5614563,20
83,0.4209535,1.367256,0.4825632,21
83,-0.09192592,0.7459952,0.6822795,22
83,0.2480849,1.508151,0.6566397,23
83,0.3852829,1.592826,0.5050318,24
83,-0.1817388,1.461983,0.6344571,25
83,0.2471834,1.396004,0.452534,26
83,0.1156887,1.596273,0.5334256,27
83,-0.2922724,0.9253495,0.5031592,28
83,-0.4464157,1.068104,0.6836855,29
83,-0.306554,0.6809703,0.4384897,30
83,-0.4362023,1.350935,0.4178461,31
83,-0.3374475,1.411091,0.5049903,32
83,-0.4397666,1.213608,0.5217913,33
83,-0.4461411,0.9074546,0.5255762,34
83,-0.4158199,1.535453,0.4344485,35
83,-0.3893818,0.7747118,0.5356665,36
83,-0.2187116,1.595814,0.5032427,37
83,-0.4364499,0.6165788,0.5237567,38
83,-0.4969251,0.7137784,0.5301996,39
83,-0.09372175,1.57646,0.5998075,40
