Case,X,Y,Z,a,v,index
117,0.3701242,1.182277,0.5404911,0
117,0.4444676,0.9063593,0.4552948,1
117,0.4464175,0.7760707,0.4020451,2
117,0.4508157,1.055449,0.4037253,3
117,0.3671234,0.7092783,0.4040824,4
117,0.4833163,0.6515536,0.4243293,5
117,0.2784894,0.7650559,0.4539195,6
117,0.3980064,0.6140435,0.6802273,7
117,0.3440878,0.8480085,0.5313733,8
117,0.282422,0.647531,0.4720557,9
117,0.1961098,0.7117429,0.4178096,10
117,0.4660882,1.20957,0.6270223,11
117,0.08959901,0.9824455,0.6469765,12
117,0.3844547,0.9908252,0.4811,13
117,0.1337953,0.6122114,0.6740704,14
117,0.009563386,0.6574029,0.5882178,15
117,0.1806495,1.140012,0.6285942,16
117,0.03207695,0.881165,0.6646814,17
117,0.2033603,1.012025,0.6754723,18
117,0.03188789,1.153444,0.4827116,19
117,0.37257,1.357161,0.6211537,20
117,-0.12775,0.9879413,0.4118536,21
117,-0.09095055,0.6862608,0.6151559,22
117,-0.1839049,0.7346189,0.5166489,23
117,-0.09615824,1.255751,0.4498472,24
117,0.308668,1.443402,0.4529133,25
117,-0.0161126,1.042437,0.402187,26
117,0.1031228,1.266988,0.515189,27
117,-0.002684087,1.330394,0.4363505,28
117,0.2113459,1.442386,0.4045615,29
117,-0.1159263,1.124254,0.4937215,30
117,-0.1477376,0.6067415,0.4595405,31
117,-0.3200582,0.815388,0.4826811,32
117,-0.3080754,0.7189139,0.4086947,33
117,-0.2495917,0.634572,0.4501075,34
117,0.09215504,0.7038483,0.4400659,35
117,-0.1917458,1.211375,0.6039653,36
117,0.4096038,1.463017,0.4924706,37
117,0.4819146,1.322052,0.4615458,38
117,0.3888232,1.588351,0.4770678,39
117,0.203669,1.573551,0.4250743,40
117,-0.4039194,0.6580697,0.5866461,41
117,0.09507221,1.469456,0.4417384,42
117,-0.02443889,1.455598,0.579579,43
117,-0.4470902,0.8394509,0.4427618,44
117,-0.3998196,0.7513408,0.5352986,45
117,-0.1451267,1.480111,0.5051351,46
117,-0.380179,1.127614,0.5334201,47
117,-0.4805922,0.9823921,0.558093,48
117,-0.4944677,0.7246354,0.6729071,49
117,-0.28488,1.349129,0.5325042,50
117,-0.4280325,1.26663,0.4878326,51
117,-0.2887229,1.445024,0.5050081,52
117,-0.4770563,1.109232,0.4849426,53
117,-0.3801252,1.49747,0.4709386,54
117,0.3036092,1.553356,0.5206299,55
117,-0.3947157,1.015061,0.4663981,56
117,-0.3955244,1.37256,0.4545159,57
117,-0.2868976,1.575961,0.63515,58
117,0.08557433,1.573303,0.4316835,59
117,0.4675968,1.544808,0.6780188,60
117,-0.4768232,1.415926,0.5418111,61
117,-0.4756763,1.589185,0.5302256,62
117,-0.491528,0.6267601,0.566306,63
117,-0.1375423,1.598808,0.4751591,64
117,-0.006308049,1.573166,0.4486033,65
