Case,X,Y,Z,a,v,index
135,-0.09231296,0.6553661,0.4701637,0
135,0.1036015,0.6733572,0.6671374,1
135,0.01235992,0.6099758,0.4588276,2
135,0.2154669,0.6265669,0.4464949,3
135,-0.2740204,0.6724259,0.571817,4
135,0.3446485,0.6320571,0.408022,5
135,0.3713085,0.7707636,0.4250325,6
135,-0.1668584,0.7924962,0.5306904,7
135,0.4507063,0.9519517,0.4376446,8
135,-0.3000184,0.8777623,0.5365867,9
135,0.04450941,1.007814,0.4158218,10
135,-0.4381813,0.767274,0.6843028,11
135,0.2577174,0.7533494,0.5548893,12
135,-0.4070268,0.6073884,0.6666247,13
135,0.3478838,1.013041,0.5802938,14
135,-0.09455866,1.124677,0.4291714,15
135,-0.06408998,0.9785857,0.5282627,16
135,0.3659194,1.123966,0.4110674,17
135,0.4770021,0.6270764,0.5056813,18
135,0.4947848,1.152555,0.4350492,19
135,0.3144808,0.88965,0.5063456,20
135,0.4901394,0.7652312,0.6613656,21
135,0.07217544,1.143998,0.4966134,22
135,0.328065,1.230495,0.3923626,23
135,-0.4099138,1.00484,0.3912249,24
135,0.411155,1.399091,0.4028685,25
135,-0.3480504,1.282832,0.5689287,26
135,-0.4171035,1.191808,0.6695606,27
135,0.2607092,1.432945,0.4217805,28
135,-0.4404407,1.355422,0.5556766,29
135,-0.4888638,1.083289,0.6658354,30
135,-0.462481,0.8916916,0.4229202,31
135,0.4243038,1.542533,0.6719511,32
135,0.4598138,1.275589,0.4989211,33
135,-0.3660868,1.522563,0.6619107,34
135,0.2492132,1.553217,0.5185351,35
135,0.1300951,1.557388,0.6561202,36
135,-0.06219414,1.501617,0.6821301,37
135,-0.3289775,1.399726,0.5172234,38
135,-0.2322729,1.561256,0.4713623,39
135,-0.485131,1.563861,0.5176072,40
