Case,X,Y,Z,a,v,index
13,0.2374204,1.416169,0.4293443,0
13,0.01707071,1.174902,0.5888065,1
13,0.1169671,1.083888,0.5979596,2
13,0.3886437,1.383337,0.6133442,3
13,-0.1501259,1.511472,0.4253943,4
13,0.1741068,1.528488,0.676981,5
13,0.3574032,1.55749,0.6230341,6
13,0.3633232,1.190615,0.5167115,7
13,-0.2736042,1.473994,0.4071626,8
13,0.4045701,1.014522,0.4175857,9
13,0.08776224,1.433252,0.4074331,10
13,0.05818027,1.544065,0.560608,11
13,0.1841953,0.783972,0.5415114,12
13,-0.04592878,1.585732,0.4600958,13
13,0.01133364,0.9981082,0.5809053,14
13,-0.1376089,1.133049,0.4801879,15
13,0.4812289,1.55835,0.3896237,16
13,0.3913856,0.8451251,0.5183189,17
13,-0.3587896,1.569553,0.4768479,18
13,-0.4691948,1.564839,0.4649909,19
13,-0.402465,1.395509,0.3875575,20
13,0.4987053,1.432522,0.5137911,21
13,0.2859144,0.8824232,0.5332124,22
13,-0.2344298,1.596866,0.4888652,23
13,-0.269043,1.351736,0.416076,24
13,-0.03835362,0.7215165,0.4559551,25
13,-0.4881066,1.197614,0.5536306,26
13,-0.4869292,1.310638,0.4441667,27
13,-0.4715477,1.08322,0.6386864,28
13,0.4624163,0.7373957,0.4335565,29
13,-0.2286435,0.7129505,0.4113387,30
13,-0.4012097,0.9936879,0.4178488,31
13,0.3526391,0.6969854,0.4781864,32
13,-0.3666611,1.127537,0.4256262,33
13,0.1518359,0.6408662,0.4275461,34
13,0.4897081,1.300762,0.4684936,35
13,-0.2991646,0.8779497,0.6004161,36
13,0.43754,0.6008942,0.4949561,37
13,-0.4450197,0.783393,0.3967784,38
13,0.3079759,1.291732,0.5075001,39
13,-0.344888,0.6615737,0.5036091,40
13,-0.4813432,0.6105803,0.4589446,41
13,0.2669009,0.6119646,0.6607935,42
13,0.4741753,1.166401,0.4111716,43
13,-0.1079799,0.6355541,0.4385499,44
13,-0.4980966,0.9363323,0.6186946,45
13,0.03700984,0.6349926,0.6155007,46
