Case,X,Y,Z,a,v,index
42,0.3701242,1.182277,0.4789583,0
42,0.4444676,0.9063593,0.4071535,1
42,0.4464175,0.7760707,0.4826418,2
42,0.4508157,1.055449,0.6604707,3
42,0.3671234,0.7092783,0.4234633,4
42,0.4833163,0.6515536,0.4600459,5
42,0.2784894,0.7650559,0.6076468,6
42,0.3980064,0.6140435,0.6111753,7
42,0.3440878,0.8480085,0.4102146,8
42,0.282422,0.647531,0.4906895,9
42,0.1961098,0.7117429,0.4970812,10
42,0.4660882,1.20957,0.6045498,11
42,0.08959901,0.9824455,0.6567571,12
42,0.3844547,0.9908252,0.5333962,13
42,0.1337953,0.6122114,0.4041239,14
42,0.009563386,0.6574029,0.5856977,15
42,0.1806495,1.140012,0.6234595,16
42,0.03207695,0.881165,0.4133636,17
42,0.2033603,1.012025,0.6433849,18
42,0.03188789,1.153444,0.5900945,19
42,0.37257,1.357161,0.4034415,20
42,-0.12775,0.9879413,0.6364691,21
42,-0.09095055,0.6862608,0.3990581,22
42,-0.1839049,0.7346189,0.4682677,23
42,-0.09615824,1.255751,0.4942972,24
42,0.308668,1.443402,0.4033562,25
42,-0.0161126,1.042437,0.4288808,26
42,0.1031228,1.266988,0.4344747,27
42,-0.002684087,1.330394,0.4884032,28
42,0.2113459,1.442386,0.6226274,29
42,-0.1159263,1.124254,0.5104361,30
42,-0.1477376,0.6067415,0.5703556,31
42,-0.3200582,0.815388,0.5814872,32
42,-0.3080754,0.7189139,0.4301764,33
42,-0.2495917,0.634572,0.4678471,34
42,0.09215504,0.7038483,0.6309195,35
42,-0.1917458,1.211375,0.521024,36
42,0.4096038,1.463017,0.5398859,37
42,0.4819146,1.322052,0.4299456,38
42,0.3888232,1.588351,0.509286,39
42,0.203669,1.573551,0.5165798,40
42,-0.4039194,0.6580697,0.5269157,41
42,0.09507221,1.469456,0.6245847,42
42,-0.02443889,1.455598,0.5071599,43
42,-0.4470902,0.8394509,0.6137718,44
42,-0.3998196,0.7513408,0.4238013,45
42,-0.1451267,1.480111,0.5071673,46
42,-0.380179,1.127614,0.6839301,47
42,-0.4805922,0.9823921,0.5527928,48
42,-0.4944677,0.7246354,0.3931656,49
42,-0.28488,1.349129,0.3903161,50
42,-0.4280325,1.26663,0.441433,51
42,-0.2887229,1.445024,0.4863855,52
42,-0.4770563,1.109232,0.4782309,53
42,-0.3801252,1.49747,0.4683773,54
42,0.3036092,1.553356,0.4780479,55
42,-0.3947157,1.015061,0.5629573,56
42,-0.3955244,1.37256,0.5130765,57
42,-0.2868976,1.575961,0.3893326,58
42,0.08557433,1.573303,0.4863679,59
42,0.4675968,1.544808,0.5315175,60
42,-0.4768232,1.415926,0.6282939,61
42,-0.4756763,1.589185,0.5081273,62
42,-0.491528,0.6267601,0.5931559,63
42,-0.1375423,1.598808,0.6709574,64
42,-0.006308049,1.573166,0.43242,65
