Case,X,Y,Z,a,v,index
7,-0.4512751,0.8891097,0.4576415,0
7,-0.4284178,0.9991384,0.4072159,1
7,-0.3900135,1.180639,0.3963642,2
7,-0.4094281,1.307068,0.4744601,3
7,-0.3007981,0.8908958,0.4999688,4
7,-0.3099414,1.368162,0.4035301,5
7,-0.3859128,0.7754269,0.4083849,6
7,-0.3256114,0.6419181,0.4142866,7
7,-0.05527267,1.178871,0.4744783,8
7,0.01678163,1.079205,0.6635424,9
7,-0.2511931,0.770799,0.4846621,10
7,-0.1653779,1.466244,0.5819615,11
7,0.1403272,1.154643,0.4974687,12
7,-0.4862301,0.6625152,0.6824259,13
7,0.04512173,1.227386,0.4074054,14
7,-0.1144693,1.052389,0.6764185,15
7,-0.02249545,1.493781,0.5165657,16
7,-0.1191965,0.6047921,0.4175218,17
7,-0.4123527,1.51706,0.5193706,18
7,-0.1066378,0.7231603,0.5357611,19
7,0.0418278,0.6670396,0.491671,20
7,0.1505885,1.481281,0.4927811,21
7,0.3374889,1.39797,0.4649941,22
7,-0.2447497,1.557319,0.6711793,23
7,0.1266304,0.7709303,0.4895973,24
7,0.1755745,0.6673403,0.3873068,25
7,0.3413255,1.568191,0.4106843,26
7,0.0342465,1.593977,0.5381296,27
7,0.2660382,0.772312,0.4631703,28
7,0.3426709,1.01746,0.4927704,29
7,0.1577493,1.59708,0.394465,30
7,0.3897439,0.6955571,0.4697721,31
7,0.459448,0.8848189,0.5237486,32
7,0.3794029,1.256297,0.4105845,33
7,0.4912478,1.072582,0.6520887,34
7,0.303413,0.6001944,0.4045765,35
7,-0.1229964,1.578539,0.4375364,36
7,0.4795337,1.564472,0.4508199,37
7,0.3569711,0.8379015,0.5284425,38
7,0.4356753,1.451411,0.4292731,39
7,0.4677022,1.344179,0.646683,40
7,0.3855085,1.133822,0.4599833,41
