Case,X,Y,Z,a,v,index
8,-0.04318434,0.9942126,0.4122367,0
8,0.04893875,1.192551,0.4571822,1
8,0.2411786,0.8545536,0.3982865,2
8,0.4051219,1.14031,0.51633,3
8,0.4555419,0.8775098,0.4420618,4
8,0.1360509,0.6688324,0.4232272,5
8,0.4383813,0.7071878,0.4809167,6
8,0.08793592,1.059492,0.4398308,7
8,0.4181769,1.012355,0.5149864,8
8,0.3297402,1.295802,0.4446045,9
8,0.3275615,0.6316664,0.410818,10
8,-0.05099338,0.6060132,0.4774804,11
8,0.4374301,1.477364,0.4363949,12
8,0.4594262,1.241617,0.4023531,13
8,-0.068198,1.123165,0.5931928,14
8,0.3293029,0.7627922,0.5333563,15
8,-0.2238823,0.7993555,0.3958937,16
8,0.00819242,1.523032,0.6674929,17
8,0.1183952,1.455125,0.4341708,18
8,-0.1839626,0.646596,0.641294,19
8,0.02181423,0.7384076,0.6620685,20
8,0.4209535,1.367256,0.5321251,21
8,-0.09192592,0.7459952,0.4720213,22
8,0.2480849,1.508151,0.5964143,23
8,0.3852829,1.592826,0.4414069,24
8,-0.1817388,1.461983,0.4332782,25
8,0.2471834,1.396004,0.5132526,26
8,0.1156887,1.596273,0.4467691,27
8,-0.2922724,0.9253495,0.4655354,28
8,-0.4464157,1.068104,0.4709354,29
8,-0.306554,0.6809703,0.4988022,30
8,-0.4362023,1.350935,0.623832,31
8,-0.3374475,1.411091,0.4676709,32
8,-0.4397666,1.213608,0.464147,33
8,-0.4461411,0.9074546,0.5866082,34
8,-0.4158199,1.535453,0.3883919,35
8,-0.3893818,0.7747118,0.4141299,36
8,-0.2187116,1.595814,0.3914984,37
8,-0.4364499,0.6165788,0.4461028,38
8,-0.4969251,0.7137784,0.4524565,39
8,-0.09372175,1.57646,0.6261902,40
