Case,X,Y,Z,a,v,index
40,-0.2139462,1.558106,0.4312044,0
40,-0.312893,1.363231,0.5004334,1
40,-0.1634072,1.425771,0.5667783,2
40,-0.3818776,1.513147,0.4388467,3
40,-0.4139592,1.297595,0.4266898,4
40,-0.4787642,1.571647,0.4294111,5
40,-0.4879319,1.119081,0.4298703,6
40,-0.02884799,1.574603,0.411389,7
40,-0.3709755,1.188385,0.3914482,8
40,-0.1203653,1.13903,0.4718557,9
40,0.07355362,1.051338,0.5345373,10
40,-0.347259,1.022236,0.4218445,11
40,-0.4823675,1.454529,0.5313359,12
40,0.008552849,1.213364,0.4908621,13
40,-0.04575506,0.9980557,0.4932635,14
40,0.1665425,1.538146,0.4466315,15
40,3.385544E-05,1.447765,0.464582,16
40,-0.3680019,0.8980531,0.5105652,17
40,-0.4881732,0.9372178,0.4257253,18
40,-0.3772328,0.7559019,0.4427497,19
40,-0.2645843,0.8185373,0.4589812,20
40,-0.2186997,0.6059503,0.5890339,21
40,0.2025394,0.7262005,0.5050459,22
40,0.411364,0.7432996,0.3990116,23
40,0.03496486,0.646644,0.4488911,24
40,-0.1395552,0.7348905,0.5831903,25
40,0.1429704,0.6020206,0.6449424,26
40,-0.3421207,0.6203352,0.6008109,27
40,0.2671021,1.491992,0.5076969,28
40,0.3027369,0.8099682,0.4810026,29
40,0.4015216,0.8833902,0.4751977,30
40,0.3538025,1.033955,0.4913813,31
40,0.3916457,1.46385,0.4232772,32
40,0.4734548,1.088447,0.5754834,33
40,0.3053972,0.640545,0.4808568,34
40,0.324824,1.224478,0.4986182,35
40,0.4673586,1.296658,0.4322447,36
40,0.3530414,1.359789,0.4245399,37
40,-0.4988022,0.6248736,0.4127679,38
40,0.4886268,0.6160533,0.5253224,39
40,0.3725733,1.594157,0.4363378,40
40,-0.478303,0.81604,0.392387,41
40,0.4835764,1.567441,0.6376442,42
