Case,X,Y,Z,a,v,index
22,-0.3197303,0.6194752,0.4734628,0
22,-0.2288994,0.6118518,0.675488,1
22,-0.2684723,0.7655965,0.4285145,2
22,-0.4418626,0.6882902,0.4206602,3
22,-0.1092475,0.6071706,0.6180676,4
22,-0.2621471,0.9267849,0.5258535,5
22,-0.01208273,0.6301112,0.448541,6
22,-0.1771002,0.7084455,0.4128778,7
22,-0.369003,0.7815415,0.4846302,8
22,-0.06178272,0.7246993,0.4909236,9
22,-0.08189976,0.8996423,0.6171022,10
22,-0.02377722,1.038978,0.5006574,11
22,-0.1374396,0.9708613,0.4416943,12
22,0.08221602,0.8925573,0.6420166,13
22,-0.4692136,0.7860814,0.617146,14
22,0.08616108,0.6794285,0.6191447,15
22,0.05292755,0.9826145,0.4889407,16
22,0.1461641,1.013827,0.6822205,17
22,-0.4787015,0.9138547,0.5315215,18
22,-0.3697257,0.9025645,0.4110776,19
22,0.06514013,1.126018,0.5198629,20
22,0.1775692,1.129011,0.4818686,21
22,-0.4844067,1.062822,0.6624395,22
22,-0.3670008,1.050887,0.4412536,23
22,-0.4484123,1.150846,0.5316535,24
22,0.2574697,0.7207106,0.5010645,25
22,-0.4132518,1.270209,0.6316484,26
22,-0.177464,1.075511,0.6169059,27
22,0.2334713,1.377326,0.5235733,28
22,-0.03673741,1.128299,0.4211325,29
22,-0.2002956,1.167941,0.3955473,30
22,0.3736222,0.6859351,0.4760254,31
22,0.08654445,1.316522,0.4785472,32
22,0.1170372,1.21386,0.6631521,33
22,0.378138,0.8843296,0.5323505,34
22,-0.03932703,1.25606,0.4749564,35
22,0.1570682,0.6124464,0.5228782,36
22,-0.4246038,1.398966,0.6459466,37
22,0.3984824,1.011159,0.5647843,38
22,0.2889054,0.6269898,0.5771956,39
22,0.3532325,1.320926,0.6316379,40
22,0.4518052,1.211723,0.4002771,41
22,0.4798469,1.061254,0.4796184,42
22,0.08975023,1.469856,0.4661936,43
22,0.3646182,0.7896065,0.4240912,44
22,0.4955791,0.8052853,0.4428233,45
22,0.204542,1.478765,0.4563752,46
22,0.3663836,1.165688,0.5159234,47
22,-0.3017452,1.359845,0.4245831,48
22,0.4593034,0.9393228,0.4012991,49
22,0.1559528,1.571309,0.4857714,50
22,0.3182267,1.590528,0.5757573,51
22,0.03726441,1.592769,0.600739,52
22,0.4865476,0.7129642,0.5407957,53
22,0.4353801,1.377072,0.6733347,54
22,0.3141982,1.447388,0.4866581,55
22,0.446219,0.6164688,0.5249184,56
22,0.4586262,1.570512,0.4459243,57
22,0.4585413,1.477788,0.657768,58
22,-0.07488546,1.53842,0.6805378,59
22,-0.224272,1.444457,0.3874123,60
22,-0.1784089,1.543609,0.4018556,61
22,-0.4725656,1.50854,0.4217005,62
22,-0.09854433,1.436943,0.4664626,63
22,-0.4996533,1.34722,0.4301699,64
22,-0.2748905,1.584423,0.6058557,65
22,-0.127295,1.223146,0.3949354,66
22,-0.3117619,1.499223,0.6852491,67
22,-0.3768137,1.565236,0.4772885,68
