Case,X,Y,Z,a,v,index
20,-0.4236917,1.379919,0.5318717,0
20,-0.3510343,1.262049,0.4940028,1
20,-0.3361703,1.401426,0.5277084,2
20,-0.2401728,1.387114,0.3948446,3
20,-0.2411543,1.5293,0.5086473,4
20,-0.3230801,1.584775,0.5264648,5
20,-0.3627274,1.492598,0.4448416,6
20,-0.4580184,1.515637,0.6804391,7
20,-0.1536907,1.287405,0.5086225,8
20,-0.05333394,1.303264,0.4275913,9
20,-0.05583203,1.143731,0.651708,10
20,-0.07240149,1.501744,0.4842667,11
20,-0.1364601,1.570014,0.5713055,12
20,-0.471402,1.3013,0.4262637,13
20,0.02413112,1.492545,0.4815416,14
20,-0.1672006,1.120064,0.417541,15
20,0.1189915,1.497894,0.4785153,16
20,0.2345369,1.550643,0.5894429,17
20,0.3629864,1.469936,0.5998772,18
20,0.1232017,1.228761,0.5334093,19
20,0.2808809,1.369057,0.4536989,20
20,0.08693916,1.057127,0.4297625,21
20,-0.4637375,1.189993,0.5620762,22
20,-0.1352412,0.9581932,0.5193621,23
20,0.3867007,1.30795,0.4048374,24
20,-0.009540647,1.581754,0.5063924,25
20,0.3399487,1.200396,0.4928547,26
20,0.2704908,1.461383,0.4380797,27
20,0.4069086,1.589145,0.5367658,28
20,-0.04334083,0.9708633,0.5563471,29
20,0.2017173,1.167466,0.479665,30
20,-0.007267088,0.871531,0.6146812,31
20,-0.2159352,0.9983559,0.4830324,32
20,0.09386945,1.591269,0.6208322,33
20,0.02137649,1.193545,0.3980954,34
20,-0.4985571,1.030431,0.4322,35
20,-0.4144136,0.9731382,0.4178282,36
20,0.0853501,0.9439493,0.4300337,37
20,0.4943095,1.555588,0.6009063,38
20,0.4562805,1.378667,0.4135809,39
20,-0.270602,0.8584629,0.5218555,40
20,0.2002844,0.9856838,0.5029362,41
20,0.4247269,1.155584,0.6023175,42
20,-0.1098399,0.7017295,0.5038479,43
20,-0.3872759,1.125813,0.6105086,44
20,-0.3302666,0.927451,0.5095531,45
20,-0.2691538,0.6720788,0.5521584,46
20,-0.3409866,1.028156,0.6733315,47
20,0.006391108,0.7155195,0.5775002,48
20,0.008321166,0.6248311,0.6100104,49
20,0.4186081,1.051881,0.5355953,50
20,0.1393548,0.6704996,0.3984091,51
20,0.288992,0.7344834,0.57322,52
20,-0.09754995,1.06045,0.6548605,53
20,0.3994049,0.9462279,0.4674903,54
20,0.3050218,0.9214715,0.4084658,55
20,-0.3435917,0.8035582,0.4927639,56
20,0.3695582,0.8021809,0.6854546,57
20,-0.3611657,0.6928428,0.58014,58
20,-0.4740769,0.823333,0.6684666,59
20,-0.491163,0.6561128,0.4965554,60
20,-0.1638312,0.6028852,0.3942963,61
20,0.207973,0.606837,0.4518504,62
20,0.3568868,0.6285788,0.4433841,63
20,0.4701678,0.8865024,0.3958997,64
20,0.4807681,0.7374817,0.4564658,65
20,0.4945419,0.629858,0.4982002,66
20,0.1833881,0.7634553,0.4072703,67
