Case,X,Y,Z,a,v,index
36,0.1503742,1.105453,0.4553035,0
36,0.2652519,0.8869836,0.6684915,1
36,0.00965488,1.110198,0.4710392,2
36,0.4148624,1.108986,0.4740648,3
36,0.2683337,1.404044,0.5727534,4
36,0.3990864,1.320777,0.5174811,5
36,-0.1407425,1.160795,0.441034,6
36,0.125744,1.492939,0.5808231,7
36,-0.1260976,1.458038,0.3948826,8
36,-0.03289402,1.001854,0.4896318,9
36,0.4333869,1.512408,0.615341,10
36,0.04926842,1.572926,0.4167001,11
36,0.4902207,1.1929,0.4299163,12
36,0.2572667,1.514809,0.5759939,13
36,-0.1939112,1.367578,0.5888644,14
36,0.4098923,0.9534307,0.6824722,15
36,0.4287662,0.7709529,0.5770271,16
36,0.1534364,0.7708679,0.4246484,17
36,0.3271669,0.6391824,0.4758716,18
36,-0.2618656,1.493422,0.4969831,19
36,0.1788677,0.6150171,0.4404674,20
36,-0.04033139,0.6844602,0.3982023,21
36,-0.2123614,0.8288589,0.6825299,22
36,-0.1882064,0.703989,0.6486993,23
36,-0.405256,1.423318,0.6715207,24
36,-0.3478466,1.573303,0.6408232,25
36,-0.3598947,0.9974327,0.4351873,26
36,0.4951141,0.6291238,0.5016786,27
36,0.296602,0.7740636,0.5197873,28
36,-0.4848161,1.247143,0.6425809,29
36,-0.3899602,1.104665,0.4115379,30
36,0.08525407,0.6781737,0.390911,31
36,-0.3706748,0.8240129,0.549009,32
36,-0.4931551,1.49756,0.6784079,33
36,-0.1096162,1.599438,0.3981248,34
36,-0.4510778,0.6402363,0.4124275,35
36,-0.3134905,0.6974298,0.4217003,36
36,-0.3163974,1.339981,0.5614554,37
36,-0.4786918,0.9309626,0.619504,38
36,-0.4987665,1.082841,0.6652703,39
