Case,X,Y,Z,a,v,index
24,0.3488177,0.778896,0.6375017,0
24,0.3008358,0.697028,0.5125757,1
24,0.4347376,0.6616335,0.5239992,2
24,0.4536091,0.8791662,0.4384269,3
24,0.469316,0.7732154,0.3899456,4
24,0.303499,0.6022884,0.5020593,5
24,0.4362853,1.009791,0.4698831,6
24,0.4921825,1.09003,0.6673709,7
24,0.2136672,1.06798,0.458013,8
24,0.4540554,1.203233,0.6099944,9
24,0.3462772,0.8885531,0.3909919,10
24,0.1992872,0.742202,0.4587178,11
24,0.1511558,0.6208963,0.4997222,12
24,0.09459203,0.7237913,0.6318604,13
24,0.3664721,1.22648,0.4270076,14
24,0.01683468,0.6572207,0.6253104,15
24,0.09791124,1.003045,0.4572025,16
24,0.2694829,1.346195,0.5838622,17
24,-0.04950175,0.7397292,0.4494479,18
24,0.4477885,1.34988,0.4080346,19
24,0.05844051,1.102358,0.5316632,20
24,-0.1490551,0.6450445,0.6529772,21
24,-0.05454108,0.9386307,0.5064754,22
24,0.2576457,0.8286129,0.5160148,23
24,-0.1833769,0.7980596,0.4755993,24
24,0.1739385,1.182791,0.4004431,25
24,0.06532264,1.192267,0.6621622,26
24,0.3663334,1.414148,0.4326661,27
24,-0.05846703,1.178781,0.6602161,28
24,0.1211624,1.277744,0.533524,29
24,-0.2739692,0.6033288,0.454067,30
24,-0.360884,0.802093,0.3920091,31
24,-0.3686657,0.9135329,0.4584785,32
24,-0.271823,0.7781336,0.4091265,33
24,0.3106644,1.544148,0.6443737,34
24,-0.07319194,1.089597,0.4745733,35
24,-0.461977,0.9921564,0.3894866,36
24,-0.4426965,0.7587916,0.5294658,37
24,-0.4118688,1.141658,0.6485541,38
24,0.4530125,1.510748,0.4330159,39
24,-0.3675558,0.6743289,0.486646,40
24,-0.4503772,0.6142411,0.6067824,41
24,0.4054822,1.590431,0.4779976,42
24,0.4940095,1.42846,0.6471329,43
24,-0.4615832,0.8611921,0.438192,44
24,-0.1720218,1.029858,0.4816631,45
24,-0.1882941,1.121469,0.5670702,46
24,-0.005484343,1.017635,0.473006,47
24,-0.4927758,1.080562,0.6051639,48
24,-0.129785,1.282464,0.6781312,49
24,0.1338615,1.55652,0.4106755,50
24,0.05117142,1.337271,0.6118253,51
24,0.2737904,1.451555,0.5952991,52
24,0.2217969,1.588822,0.4226333,53
24,-0.0623205,1.34612,0.460364,54
24,-0.3465214,1.333844,0.3973628,55
24,-0.3321229,1.441937,0.6476281,56
24,-0.03568828,1.524695,0.4843785,57
24,-0.3659637,1.221476,0.5314001,58
24,-0.4825236,1.350485,0.5061822,59
24,-0.2203856,1.46721,0.4073047,60
24,-0.4825652,1.23419,0.6069028,61
24,-0.1104492,1.58437,0.5116451,62
24,-0.2681144,1.55238,0.4431884,63
24,0.02951533,1.593865,0.4871182,64
24,-0.4725565,1.452929,0.4275986,65
24,-0.4162961,1.582988,0.4144808,66
24,-0.1087166,1.461608,0.4554811,67
