Case,X,Y,Z,a,v,index
37,-0.4512751,0.8891097,0.4784339,0
37,-0.4284178,0.9991384,0.5064442,1
37,-0.3900135,1.180639,0.4195146,2
37,-0.4094281,1.307068,0.5019677,3
37,-0.3007981,0.8908958,0.5838494,4
37,-0.3099414,1.368162,0.6269019,5
37,-0.3859128,0.7754269,0.5968655,6
37,-0.3256114,0.6419181,0.6210495,7
37,-0.05527267,1.178871,0.4499873,8
37,0.01678163,1.079205,0.3960724,9
37,-0.2511931,0.770799,0.4894896,10
37,-0.1653779,1.466244,0.399089,11
37,0.1403272,1.154643,0.6324978,12
37,-0.4862301,0.6625152,0.4604196,13
37,0.04512173,1.227386,0.5063922,14
37,-0.1144693,1.052389,0.6038131,15
37,-0.02249545,1.493781,0.4509389,16
37,-0.1191965,0.6047921,0.4583536,17
37,-0.4123527,1.51706,0.6272168,18
37,-0.1066378,0.7231603,0.3984347,19
37,0.0418278,0.6670396,0.5343084,20
37,0.1505885,1.481281,0.5336651,21
37,0.3374889,1.39797,0.41615,22
37,-0.2447497,1.557319,0.6683949,23
37,0.1266304,0.7709303,0.3980573,24
37,0.1755745,0.6673403,0.4600545,25
37,0.3413255,1.568191,0.4857099,26
37,0.0342465,1.593977,0.5299444,27
37,0.2660382,0.772312,0.590483,28
37,0.3426709,1.01746,0.4816701,29
37,0.1577493,1.59708,0.5728338,30
37,0.3897439,0.6955571,0.4467084,31
37,0.459448,0.8848189,0.3951788,32
37,0.3794029,1.256297,0.4405217,33
37,0.4912478,1.072582,0.6412528,34
37,0.303413,0.6001944,0.5078835,35
37,-0.1229964,1.578539,0.4213982,36
37,0.4795337,1.564472,0.5560523,37
37,0.3569711,0.8379015,0.5273159,38
37,0.4356753,1.451411,0.4745584,39
37,0.4677022,1.344179,0.5984008,40
37,0.3855085,1.133822,0.5695872,41
