Case,X,Y,Z,a,v,index
43,0.2374204,1.416169,0.5124289,0
43,0.01707071,1.174902,0.4030401,1
43,0.1169671,1.083888,0.3871915,2
43,0.3886437,1.383337,0.4950957,3
43,-0.1501259,1.511472,0.531218,4
43,0.1741068,1.528488,0.4806894,5
43,0.3574032,1.55749,0.5349162,6
43,0.3633232,1.190615,0.3956506,7
43,-0.2736042,1.473994,0.4552936,8
43,0.4045701,1.014522,0.3896112,9
43,0.08776224,1.433252,0.4473751,10
43,0.05818027,1.544065,0.5238388,11
43,0.1841953,0.783972,0.410744,12
43,-0.04592878,1.585732,0.5417066,13
43,0.01133364,0.9981082,0.553987,14
43,-0.1376089,1.133049,0.5361383,15
43,0.4812289,1.55835,0.5115513,16
43,0.3913856,0.8451251,0.4223496,17
43,-0.3587896,1.569553,0.6393338,18
43,-0.4691948,1.564839,0.5046575,19
43,-0.402465,1.395509,0.5178478,20
43,0.4987053,1.432522,0.6323413,21
43,0.2859144,0.8824232,0.6535101,22
43,-0.2344298,1.596866,0.5017848,23
43,-0.269043,1.351736,0.6543487,24
43,-0.03835362,0.7215165,0.6106046,25
43,-0.4881066,1.197614,0.4903209,26
43,-0.4869292,1.310638,0.5313925,27
43,-0.4715477,1.08322,0.6638691,28
43,0.4624163,0.7373957,0.5209999,29
43,-0.2286435,0.7129505,0.4395773,30
43,-0.4012097,0.9936879,0.4861258,31
43,0.3526391,0.6969854,0.5067221,32
43,-0.3666611,1.127537,0.5205371,33
43,0.1518359,0.6408662,0.4608072,34
43,0.4897081,1.300762,0.4271552,35
43,-0.2991646,0.8779497,0.4567023,36
43,0.43754,0.6008942,0.42003,37
43,-0.4450197,0.783393,0.6223671,38
43,0.3079759,1.291732,0.5955883,39
43,-0.344888,0.6615737,0.3892003,40
43,-0.4813432,0.6105803,0.4331546,41
43,0.2669009,0.6119646,0.476302,42
43,0.4741753,1.166401,0.6104131,43
43,-0.1079799,0.6355541,0.4578968,44
43,-0.4980966,0.9363323,0.5088099,45
43,0.03700984,0.6349926,0.5743329,46
