Case,X,Y,Z,a,v,index
2,-0.2780068,1.470732,0.6417928,0
2,-0.3191495,1.34453,0.5194449,1
2,-0.4779992,1.541077,0.3874744,2
2,-0.2719156,1.589713,0.4835473,3
2,-0.4088144,1.447086,0.3953194,4
2,-0.1559264,1.556402,0.5058545,5
2,-0.1529751,1.429497,0.636931,6
2,-0.4471014,1.266195,0.5201036,7
2,-0.396771,1.159251,0.3919391,8
2,0.05855238,1.58949,0.5566527,9
2,-0.08360159,1.214856,0.4962011,10
2,-0.01573643,1.493653,0.5509014,11
2,-0.4964016,1.072494,0.4584424,12
2,0.1883995,1.568918,0.6638935,13
2,-0.3531768,1.054007,0.4965954,14
2,-0.4945068,1.367984,0.6272838,15
2,-0.116456,1.015527,0.5475391,16
2,0.03971308,1.153224,0.5044804,17
2,-0.01982215,0.955097,0.4299333,18
2,-0.4473267,0.9350852,0.6200733,19
2,0.1005943,1.451986,0.6580261,20
2,-0.2611245,0.8642624,0.4627472,21
2,0.1333507,1.009739,0.576834,22
2,0.217596,1.420658,0.4100839,23
2,0.3763959,1.547666,0.5878719,24
2,0.3501114,1.230271,0.4225067,25
2,-0.1402781,0.701728,0.4268704,26
2,-0.4314097,0.7761112,0.3879919,27
2,0.02652007,0.7307147,0.474331,28
2,0.1373619,0.7408451,0.5323946,29
2,0.208514,0.642377,0.5481833,30
2,0.3904971,1.434248,0.4487527,31
2,-0.2734228,0.7546922,0.4131127,32
2,0.4856389,1.162052,0.5337696,33
2,-0.01060444,0.6132415,0.4729352,34
2,0.3890041,0.7041485,0.5196913,35
2,0.4880969,0.6285436,0.518082,36
2,0.333151,0.9140787,0.4988338,37
2,-0.397907,0.6199264,0.4241396,38
2,0.386224,1.100352,0.6215467,39
2,0.4374813,0.8487814,0.3927948,40
2,-0.2563644,0.6340743,0.4765047,41
2,0.4807322,1.024816,0.5755452,42
2,0.3039011,0.7754599,0.4231347,43
2,0.4820269,1.342244,0.480695,44
2,0.4955317,1.585192,0.4476028,45
