Case,X,Y,Z,a,v,index
11,0.3588893,0.9727112,0.5072818,0
11,0.4445763,1.120768,0.6749269,1
11,0.2727348,0.8244041,0.6049524,2
11,0.4860983,0.8360485,0.6378288,3
11,0.4961923,0.9492582,0.4216445,4
11,0.4133341,0.742942,0.6176672,5
11,0.4821128,1.29802,0.5132849,6
11,0.3383225,1.201219,0.56924,7
11,0.3596972,1.317145,0.4805126,8
11,0.4996827,0.6452807,0.4118467,9
11,0.2199641,0.6849734,0.4235981,10
11,0.02091908,0.7438676,0.6764696,11
11,0.05184555,1.171961,0.6266444,12
11,0.3126619,1.516245,0.644627,13
11,0.3536053,0.6493203,0.631721,14
11,0.4322906,1.512083,0.4929427,15
11,-0.1710542,0.6498024,0.4376694,16
11,0.1229318,1.431629,0.4500359,17
11,-0.04110673,1.458125,0.4649999,18
11,0.1335372,1.562632,0.637084,19
11,-0.05982941,0.6241964,0.6191785,20
11,-0.0555242,1.218474,0.6439723,21
11,0.08615303,1.017264,0.5008343,22
11,-0.1865948,1.451104,0.4066364,23
11,-0.2728754,0.7747773,0.4102142,24
11,0.1039367,0.6485724,0.6016195,25
11,-0.3836118,0.6569952,0.674493,26
11,-0.2414638,1.547078,0.4001024,27
11,0.1605784,0.7914662,0.6134456,28
11,-0.03829563,1.106578,0.5044329,29
11,-0.3153285,1.427367,0.621025,30
11,-0.4083531,1.522311,0.4112625,31
11,-0.3947192,0.8408597,0.4062366,32
11,-0.4979753,0.784469,0.5472142,33
11,-0.04310149,1.592506,0.4994575,34
11,-0.3734608,1.235112,0.4490515,35
11,-0.2770919,0.6054934,0.5385996,36
11,-0.4675074,1.299301,0.4350438,37
11,-0.3660882,1.106293,0.6551225,38
11,-0.4800426,1.4105,0.3966105,39
11,-0.3925228,0.9967386,0.3875653,40
11,-0.4781294,0.9149764,0.5366364,41
11,-0.4680358,1.162902,0.6714391,42
11,-0.09689578,0.7324659,0.4254877,43
