Case,X,Y,Z,a,v,index
8,-0.04318434,0.9942126,0.4097104,0
8,0.04893875,1.192551,0.4390313,1
8,0.2411786,0.8545536,0.4210875,2
8,0.4051219,1.14031,0.5119076,3
8,0.4555419,0.8775098,0.489641,4
8,0.1360509,0.6688324,0.4380977,5
8,0.4383813,0.7071878,0.6141374,6
8,0.08793592,1.059492,0.4879847,7
8,0.4181769,1.012355,0.3949533,8
8,0.3297402,1.295802,0.5197421,9
8,0.3275615,0.6316664,0.5342996,10
8,-0.05099338,0.6060132,0.4509802,11
8,0.4374301,1.477364,0.4438275,12
8,0.4594262,1.241617,0.4220155,13
8,-0.068198,1.123165,0.4788142,14
8,0.3293029,0.7627922,0.6161169,15
8,-0.2238823,0.7993555,0.5622945,16
8,0.00819242,1.523032,0.491576,17
8,0.1183952,1.455125,0.6671329,18
8,-0.1839626,0.646596,0.5170871,19
8,0.02181423,0.7384076,0.4692002,20
8,0.4209535,1.367256,0.6174945,21
8,-0.09192592,0.7459952,0.6368918,22
8,0.2480849,1.508151,0.4354699,23
8,0.3852829,1.592826,0.667096,24
8,-0.1817388,1.461983,0.6413312,25
8,0.2471834,1.396004,0.6333712,26
8,0.1156887,1.596273,0.4840841,27
8,-0.2922724,0.9253495,0.5061016,28
8,-0.4464157,1.068104,0.5009749,29
8,-0.306554,0.6809703,0.4896592,30
8,-0.4362023,1.350935,0.514912,31
8,-0.3374475,1.411091,0.4240752,32
8,-0.4397666,1.213608,0.6372467,33
8,-0.4461411,0.9074546,0.472725,34
8,-0.4158199,1.535453,0.5276256,35
8,-0.3893818,0.7747118,0.5736956,36
8,-0.2187116,1.595814,0.4893991,37
8,-0.4364499,0.6165788,0.6013375,38
8,-0.4969251,0.7137784,0.611635,39
8,-0.09372175,1.57646,0.405389,40
