Case,X,Y,Z,a,v,index
5,-0.4236917,1.379919,0.4996581,0
5,-0.3510343,1.262049,0.575328,1
5,-0.3361703,1.401426,0.5019906,2
5,-0.2401728,1.387114,0.5639917,3
5,-0.2411543,1.5293,0.424063,4
5,-0.3230801,1.584775,0.5055568,5
5,-0.3627274,1.492598,0.6468252,6
5,-0.4580184,1.515637,0.5084586,7
5,-0.1536907,1.287405,0.4469623,8
5,-0.05333394,1.303264,0.6417524,9
5,-0.05583203,1.143731,0.5776384,10
5,-0.07240149,1.501744,0.4589548,11
5,-0.1364601,1.570014,0.5039974,12
5,-0.471402,1.3013,0.6651158,13
5,0.02413112,1.492545,0.4691189,14
5,-0.1672006,1.120064,0.6166341,15
5,0.1189915,1.497894,0.5153984,16
5,0.2345369,1.550643,0.4255898,17
5,0.3629864,1.469936,0.6458679,18
5,0.1232017,1.228761,0.616673,19
5,0.2808809,1.369057,0.4443404,20
5,0.08693916,1.057127,0.4548024,21
5,-0.4637375,1.189993,0.5015278,22
5,-0.1352412,0.9581932,0.4621162,23
5,0.3867007,1.30795,0.4348069,24
5,-0.009540647,1.581754,0.6863776,25
5,0.3399487,1.200396,0.4945031,26
5,0.2704908,1.461383,0.5174617,27
5,0.4069086,1.589145,0.6644194,28
5,-0.04334083,0.9708633,0.683315,29
5,0.2017173,1.167466,0.4241709,30
5,-0.007267088,0.871531,0.5132544,31
5,-0.2159352,0.9983559,0.5307976,32
5,0.09386945,1.591269,0.5037445,33
5,0.02137649,1.193545,0.582743,34
5,-0.4985571,1.030431,0.5206953,35
5,-0.4144136,0.9731382,0.4625797,36
5,0.0853501,0.9439493,0.3911435,37
5,0.4943095,1.555588,0.6121454,38
5,0.4562805,1.378667,0.5299677,39
5,-0.270602,0.8584629,0.6574328,40
5,0.2002844,0.9856838,0.5647734,41
5,0.4247269,1.155584,0.4622585,42
5,-0.1098399,0.7017295,0.4944143,43
5,-0.3872759,1.125813,0.4257886,44
5,-0.3302666,0.927451,0.5459623,45
5,-0.2691538,0.6720788,0.5252296,46
5,-0.3409866,1.028156,0.3992999,47
5,0.006391108,0.7155195,0.531599,48
5,0.008321166,0.6248311,0.5388266,49
5,0.4186081,1.051881,0.4941996,50
5,0.1393548,0.6704996,0.5950168,51
5,0.288992,0.7344834,0.4411246,52
5,-0.09754995,1.06045,0.4914142,53
5,0.3994049,0.9462279,0.4061959,54
5,0.3050218,0.9214715,0.4347269,55
5,-0.3435917,0.8035582,0.4144906,56
5,0.3695582,0.8021809,0.420325,57
5,-0.3611657,0.6928428,0.5453891,58
5,-0.4740769,0.823333,0.4642294,59
5,-0.491163,0.6561128,0.3985836,60
5,-0.1638312,0.6028852,0.5049723,61
5,0.207973,0.606837,0.4979228,62
5,0.3568868,0.6285788,0.5230088,63
5,0.4701678,0.8865024,0.4217489,64
5,0.4807681,0.7374817,0.4068203,65
5,0.4945419,0.629858,0.6438892,66
5,0.1833881,0.7634553,0.4577657,67
