Case,X,Y,Z,a,v,index
22,-0.4512751,0.8891097,0.5066197,0
22,-0.4284178,0.9991384,0.6322248,1
22,-0.3900135,1.180639,0.6079818,2
22,-0.4094281,1.307068,0.5899518,3
22,-0.3007981,0.8908958,0.6389012,4
22,-0.3099414,1.368162,0.5215287,5
22,-0.3859128,0.7754269,0.6080368,6
22,-0.3256114,0.6419181,0.5246603,7
22,-0.05527267,1.178871,0.4864993,8
22,0.01678163,1.079205,0.5029306,9
22,-0.2511931,0.770799,0.4706621,10
22,-0.1653779,1.466244,0.6109089,11
22,0.1403272,1.154643,0.4268807,12
22,-0.4862301,0.6625152,0.5188134,13
22,0.04512173,1.227386,0.4835572,14
22,-0.1144693,1.052389,0.6810055,15
22,-0.02249545,1.493781,0.6697572,16
22,-0.1191965,0.6047921,0.4306541,17
22,-0.4123527,1.51706,0.5452513,18
22,-0.1066378,0.7231603,0.6112242,19
22,0.0418278,0.6670396,0.4133031,20
22,0.1505885,1.481281,0.5640253,21
22,0.3374889,1.39797,0.4097078,22
22,-0.2447497,1.557319,0.4110924,23
22,0.1266304,0.7709303,0.4602575,24
22,0.1755745,0.6673403,0.4294993,25
22,0.3413255,1.568191,0.6704232,26
22,0.0342465,1.593977,0.4198977,27
22,0.2660382,0.772312,0.4084634,28
22,0.3426709,1.01746,0.4500863,29
22,0.1577493,1.59708,0.6149839,30
22,0.3897439,0.6955571,0.3951104,31
22,0.459448,0.8848189,0.4165317,32
22,0.3794029,1.256297,0.451857,33
22,0.4912478,1.072582,0.5152354,34
22,0.303413,0.6001944,0.5192233,35
22,-0.1229964,1.578539,0.4610271,36
22,0.4795337,1.564472,0.5203102,37
22,0.3569711,0.8379015,0.5084567,38
22,0.4356753,1.451411,0.4509071,39
22,0.4677022,1.344179,0.3960894,40
22,0.3855085,1.133822,0.4724813,41
