Case,X,Y,Z,a,v,index
3,-0.2780068,1.470732,0.3984919,0
3,-0.311669,1.367476,0.5891783,1
3,-0.4416369,1.528287,0.4672641,2
3,-0.2730231,1.56808,0.4847654,3
3,-0.3850312,1.451385,0.3873189,4
3,-0.488465,1.357495,0.5161056,5
3,-0.3862573,1.271523,0.6541696,6
3,-0.1640204,1.570835,0.5325947,7
3,-0.1888795,1.413711,0.6233464,8
3,-0.006198049,1.4971,0.4816824,9
3,-0.495806,1.448394,0.398802,10
3,-0.4873517,1.250602,0.4442872,11
3,-0.4265938,1.11304,0.4380292,12
3,-0.001387745,1.594367,0.4041726,13
3,-0.119002,1.485277,0.4015446,14
3,-0.3359566,1.151986,0.5796843,15
3,-0.1641217,1.190305,0.4415008,16
3,-0.4754477,1.025969,0.4445032,17
3,-0.3653596,0.9616824,0.5849839,18
3,0.1673894,1.534005,0.5286096,19
3,0.1249143,1.299602,0.6069255,20
3,-0.05445933,1.209683,0.4708771,21
3,-0.1496458,1.086043,0.3999612,22
3,-0.05480605,1.101994,0.5699472,23
3,0.2631181,1.508373,0.507095,24
3,-0.4714012,0.9142951,0.4386333,25
3,0.0792824,1.171135,0.4123386,26
3,0.1958642,1.143649,0.5068043,27
3,0.04406834,0.9690115,0.5092411,28
3,0.3639746,1.488266,0.5111246,29
3,0.1805395,0.9927279,0.4100485,30
3,-0.1285705,0.9379319,0.5290054,31
3,-0.2786028,0.8873794,0.6686331,32
3,0.3132661,1.591809,0.4653013,33
3,0.08881646,1.076876,0.5058074,34
3,0.345085,0.9538922,0.4008312,35
3,0.1564491,0.7184366,0.4088838,36
3,-0.3701381,0.860936,0.4471687,37
3,0.2545202,1.055502,0.6278504,38
3,-0.04273769,1.000663,0.552137,39
3,0.09721261,1.595712,0.5824033,40
3,0.08879751,0.8855755,0.4300666,41
3,0.4132206,0.8303999,0.4809814,42
3,0.2864301,1.297933,0.4260134,43
3,0.2117199,1.239411,0.4750816,44
3,0.4122747,1.388731,0.4907805,45
3,0.3201192,0.7763557,0.561509,46
3,0.4353959,1.254677,0.6404709,47
3,-0.4987572,0.7581188,0.6241572,48
3,0.03205782,1.260852,0.4836398,49
3,-0.1143249,0.7264947,0.6624314,50
3,0.4229287,1.58591,0.5208916,51
3,-0.1882083,0.8242181,0.6137868,52
3,0.2861532,0.6611179,0.5838189,53
3,-0.2325762,0.7358916,0.5073501,54
3,-0.2026304,0.6036414,0.5421264,55
3,0.2391597,1.41082,0.4955308,56
3,0.4844208,1.500907,0.6135896,57
3,-0.3595264,0.6742043,0.4346873,58
3,0.001459897,0.6326764,0.4385807,59
3,-0.3393167,0.7691972,0.5579529,60
3,-0.1046062,0.6289529,0.4557755,61
3,0.1098998,0.6195414,0.668319,62
3,-0.4616017,0.6556247,0.4381365,63
3,0.4212714,1.152434,0.6591529,64
3,0.377198,0.6910788,0.6582329,65
3,0.4599636,0.6160378,0.6160307,66
3,0.4745601,0.7107657,0.3999873,67
3,0.4373066,0.9991521,0.5127025,68
3,0.3621837,0.6008539,0.4797029,69
3,0.4978318,0.8881812,0.4912612,70
