Case,X,Y,Z,a,v,index
15,-0.2514899,1.049975,0.5754373,0
15,-0.3765767,1.028103,0.4016432,1
15,-0.3250244,0.8787388,0.5717387,2
15,-0.157049,1.030898,0.6694523,3
15,-0.1188707,1.159069,0.6431239,4
15,-0.1783729,0.735019,0.4451208,5
15,-0.05221164,0.7472163,0.4403536,6
15,-0.2727329,0.7722988,0.5844045,7
15,-0.03257033,0.6362029,0.4603769,8
15,0.03165966,0.9217459,0.4034142,9
15,0.1362704,1.04142,0.5499677,10
15,-0.1142328,0.9452485,0.3956532,11
15,-0.3140677,0.6624167,0.456872,12
15,0.04417622,0.7052257,0.4415869,13
15,-0.347742,1.177143,0.4539818,14
15,-0.2290961,0.6047928,0.502706,15
15,-0.4668721,1.117046,0.3963228,16
15,-0.1186628,0.6642889,0.5305939,17
15,-0.4575211,0.9523044,0.5302069,18
15,-0.4395212,1.216139,0.4282465,19
15,-0.3731313,1.356198,0.5788701,20
15,-0.0008679628,1.059167,0.4429396,21
15,-0.4240541,0.6564543,0.4228754,22
15,-0.4945323,1.341327,0.4153394,23
15,-0.4334149,0.8223709,0.4096814,24
15,0.1885309,0.9556372,0.5247467,25
15,0.2384646,1.094679,0.51239,26
15,-0.1436331,1.287358,0.5308233,27
15,-0.2283081,1.457681,0.4039555,28
15,-0.3745559,0.75365,0.5950575,29
15,-0.2862582,1.307155,0.3965368,30
15,0.2101701,0.7263932,0.5557722,31
15,-0.4962783,0.7370754,0.6223931,32
15,-0.3908693,1.468725,0.484093,33
15,-0.4002871,1.566301,0.4434558,34
15,0.1451737,0.6356013,0.4905474,35
15,-0.02644148,1.174369,0.4089822,36
15,-0.4839745,1.515025,0.4497649,37
15,0.2772475,0.8576009,0.6551138,38
15,-0.2826103,1.538617,0.4811391,39
15,0.141388,1.22203,0.4173103,40
15,-0.05218831,1.287675,0.5077175,41
15,0.2643947,0.6420445,0.6731344,42
15,-0.1180031,1.551017,0.4892153,43
15,0.07734817,1.126274,0.4229112,44
15,0.3323783,1.18156,0.4647294,45
15,0.4964567,1.112132,0.6554855,46
15,0.3624989,1.282096,0.5425943,47
15,0.04661661,1.25694,0.4766964,48
15,0.1316653,1.313992,0.5181623,49
15,0.2098472,1.413127,0.5067197,50
15,0.1517617,1.546405,0.4658741,51
15,0.3769392,1.445287,0.4214144,52
15,0.3833847,1.101083,0.4535291,53
15,0.3806496,0.9001234,0.4215151,54
15,0.372864,0.7713265,0.6346163,55
15,0.4235351,0.6814964,0.4983141,56
15,0.02697742,1.519258,0.5313139,57
15,-0.2063714,1.598393,0.6197913,58
15,0.4374571,1.333073,0.5883659,59
15,0.4867771,0.9063942,0.5703501,60
15,0.4833586,1.225502,0.5012466,61
15,0.4841002,0.9981059,0.5266635,62
15,0.4587163,0.8060363,0.4267425,63
15,0.2646864,1.556109,0.504504,64
15,0.3944745,1.006539,0.6237036,65
15,0.4396834,1.512322,0.3916838,66
15,0.3551027,1.563716,0.4579701,67
15,0.4893495,1.423521,0.5038317,68
