Case,X,Y,Z,a,v,index
27,-0.4043737,1.023242,0.5081118,0
27,-0.3413654,0.8406861,0.4890185,1
27,-0.2237309,0.8179217,0.3949957,2
27,-0.1360621,1.026659,0.4004743,3
27,-0.08939978,1.183312,0.4628847,4
27,-0.1621246,0.6650287,0.4829862,5
27,-0.007927567,0.6799365,0.4126322,6
27,-0.2774536,0.7105929,0.419909,7
27,0.1072642,0.6965817,0.4071856,8
27,-0.3681386,0.6182284,0.6863281,9
27,-0.4252845,0.7333893,0.447666,10
27,-0.446298,0.8808436,0.426056,11
27,0.02956063,1.010132,0.5213268,12
27,0.3716919,1.02324,0.5965215,13
27,0.1819428,0.8249121,0.6761784,14
27,-0.4915114,0.6105524,0.4962616,15
27,0.1060021,1.090734,0.3891383,16
27,0.301729,0.9285388,0.5044675,17
27,0.2398115,0.6712039,0.4361679,18
27,0.1034955,1.207892,0.4362103,19
27,0.3399343,0.817396,0.4785065,20
27,-0.3602212,1.349825,0.4569436,21
27,-0.4596093,1.15985,0.5250316,22
27,-0.1136853,1.445098,0.4523413,23
27,0.01870543,1.564901,0.4189903,24
27,-0.2197961,1.376015,0.5092714,25
27,0.4458845,1.273794,0.6837411,26
27,0.4837519,1.101624,0.4002356,27
27,0.3263878,1.443631,0.3977486,28
27,0.4580548,0.6942778,0.4844027,29
27,-0.4667735,1.294455,0.4321342,30
27,0.328733,1.309008,0.5232346,31
27,0.179319,1.519936,0.522832,32
27,-0.4892363,1.402777,0.5325733,33
27,0.4886425,0.8995744,0.5035439,34
27,-0.2597047,1.510701,0.4499024,35
27,0.3473152,1.553221,0.514685,36
27,0.4812436,1.541495,0.6311625,37
27,0.4376163,1.436062,0.5309696,38
27,-0.4740822,1.532675,0.3913526,39
27,-0.09351149,1.599919,0.6107914,40
27,-0.3740522,1.472814,0.6711767,41
27,0.3563902,0.6021509,0.3902672,42
