Case,X,Y,Z,a,v,index
8,-0.3458372,1.34005,0.3960107,0
8,-0.4034975,1.438043,0.5223374,1
8,-0.2210229,1.252571,0.4594348,2
8,-0.2234449,1.139754,0.4396075,3
8,-0.3629966,1.547799,0.4640626,4
8,-0.3263729,1.170487,0.6862357,5
8,-0.3106747,1.453125,0.4951206,6
8,-0.1876021,1.374695,0.5846392,7
8,-0.434588,1.253718,0.4248731,8
8,-0.481371,1.346345,0.5126159,9
8,-0.1214565,1.143061,0.4672051,10
8,-0.3765599,1.061554,0.6554023,11
8,-0.4696719,1.162914,0.6544367,12
8,-0.1314842,1.051242,0.5358085,13
8,0.01798838,1.112967,0.419148,14
8,-0.1990624,0.9465977,0.5470343,15
8,-0.46455,1.549123,0.4962232,16
8,-0.3628358,0.8663869,0.5144296,17
8,0.1327474,1.145534,0.6295199,18
8,-0.03909609,1.015933,0.5286009,19
8,-0.0005242527,1.517046,0.3968441,20
8,0.07508183,1.251856,0.5992791,21
8,-0.4600436,0.9263271,0.4661584,22
8,0.06344026,0.9957095,0.4395492,23
8,-0.4929889,1.456939,0.4832845,24
8,-0.06884298,1.276343,0.4776681,25
8,-0.4636094,0.749092,0.5183613,26
8,-0.161178,1.53544,0.5063098,27
8,-0.3400123,0.652235,0.6516194,28
8,-0.3642945,0.7491822,0.4602175,29
8,0.2070844,1.030413,0.5872201,30
8,0.09054881,1.475584,0.3964106,31
8,0.2889305,0.9156278,0.4109662,32
8,-0.2217135,0.6874443,0.5275083,33
8,0.2499607,1.152338,0.4334251,34
8,-0.271061,1.569584,0.5218256,35
8,-0.01350144,1.204941,0.6161782,36
8,-0.1223787,0.8903338,0.6358187,37
8,-0.4927061,1.075637,0.569661,38
8,-0.4341244,0.6346959,0.4668794,39
8,0.07739168,1.577726,0.4987445,40
8,-0.1257834,1.440262,0.4745967,41
8,0.3622563,1.071604,0.6070172,42
8,0.2348415,0.8025746,0.5018078,43
8,0.4662862,0.9684478,0.4206574,44
8,0.4490998,0.8749988,0.67606,45
8,-0.2705262,0.8253342,0.4135197,46
8,0.1950276,1.453938,0.5818262,47
8,0.4645781,1.127269,0.5952015,48
8,0.2048156,0.7148217,0.6313996,49
8,0.1868493,1.568223,0.4752361,50
8,0.1889755,1.221253,0.5730113,51
8,0.3776906,0.7358972,0.681266,52
8,-0.07403904,0.7198348,0.5088475,53
8,0.2808518,1.293569,0.4506782,54
8,0.3331667,0.8164567,0.44787,55
8,-0.07380074,0.6130551,0.5502993,56
8,0.3597055,1.420712,0.4013198,57
8,0.352183,0.6455948,0.5176362,58
8,0.4926065,1.278237,0.4196182,59
8,0.4458382,1.550118,0.637345,60
8,0.342128,1.559139,0.5099355,61
8,-0.07970515,1.597633,0.4197567,62
8,0.04744184,0.654357,0.5220714,63
8,0.2439999,0.6294937,0.4433832,64
8,0.4939827,0.7944577,0.5104859,65
8,0.4795541,0.6492746,0.4171955,66
8,0.4879236,1.444523,0.6188556,67
8,0.4114022,1.33564,0.600232,68
8,0.3683658,0.9649266,0.4904104,69
8,0.1412664,0.6238554,0.4989915,70
