Case,X,Y,Z,a,v,index
8,-0.04318434,0.9942126,0.6277851,0
8,0.04893875,1.192551,0.5206029,1
8,0.2411786,0.8545536,0.4785071,2
8,0.4051219,1.14031,0.6851096,3
8,0.4555419,0.8775098,0.4694832,4
8,0.1360509,0.6688324,0.5342674,5
8,0.4383813,0.7071878,0.3965484,6
8,0.08793592,1.059492,0.4719186,7
8,0.4181769,1.012355,0.5031893,8
8,0.3297402,1.295802,0.4891019,9
8,0.3275615,0.6316664,0.5286746,10
8,-0.05099338,0.6060132,0.4121996,11
8,0.4374301,1.477364,0.4202119,12
8,0.4594262,1.241617,0.4156522,13
8,-0.068198,1.123165,0.6203855,14
8,0.3293029,0.7627922,0.5186317,15
8,-0.2238823,0.7993555,0.3924543,16
8,0.00819242,1.523032,0.4129576,17
8,0.1183952,1.455125,0.5624238,18
8,-0.1839626,0.646596,0.5787463,19
8,0.02181423,0.7384076,0.4398016,20
8,0.4209535,1.367256,0.4905275,21
8,-0.09192592,0.7459952,0.501348,22
8,0.2480849,1.508151,0.5014523,23
8,0.3852829,1.592826,0.5081041,24
8,-0.1817388,1.461983,0.5097239,25
8,0.2471834,1.396004,0.6152105,26
8,0.1156887,1.596273,0.5444434,27
8,-0.2922724,0.9253495,0.5239067,28
8,-0.4464157,1.068104,0.5186819,29
8,-0.306554,0.6809703,0.6507601,30
8,-0.4362023,1.350935,0.411125,31
8,-0.3374475,1.411091,0.4632003,32
8,-0.4397666,1.213608,0.4822727,33
8,-0.4461411,0.9074546,0.4992242,34
8,-0.4158199,1.535453,0.4523771,35
8,-0.3893818,0.7747118,0.6715205,36
8,-0.2187116,1.595814,0.4738799,37
8,-0.4364499,0.6165788,0.5171501,38
8,-0.4969251,0.7137784,0.5882739,39
8,-0.09372175,1.57646,0.4651999,40
