Case,X,Y,Z,a,v,index
39,0.3488177,0.778896,0.5462772,0
39,0.3008358,0.697028,0.5020609,1
39,0.4347376,0.6616335,0.5736721,2
39,0.4536091,0.8791662,0.582469,3
39,0.469316,0.7732154,0.5909458,4
39,0.303499,0.6022884,0.5432268,5
39,0.4362853,1.009791,0.6601716,6
39,0.4921825,1.09003,0.4060941,7
39,0.2136672,1.06798,0.522738,8
39,0.4540554,1.203233,0.4584373,9
39,0.3462772,0.8885531,0.4739541,10
39,0.1992872,0.742202,0.4203327,11
39,0.1511558,0.6208963,0.5250316,12
39,0.09459203,0.7237913,0.4959325,13
39,0.3664721,1.22648,0.5248135,14
39,0.01683468,0.6572207,0.5235409,15
39,0.09791124,1.003045,0.4615473,16
39,0.2694829,1.346195,0.4906367,17
39,-0.04950175,0.7397292,0.5308055,18
39,0.4477885,1.34988,0.5328604,19
39,0.05844051,1.102358,0.6357326,20
39,-0.1490551,0.6450445,0.490824,21
39,-0.05454108,0.9386307,0.5858606,22
39,0.2576457,0.8286129,0.4589996,23
39,-0.1833769,0.7980596,0.4697725,24
39,0.1739385,1.182791,0.5366701,25
39,0.06532264,1.192267,0.5181278,26
39,0.3663334,1.414148,0.4540349,27
39,-0.05846703,1.178781,0.4646904,28
39,0.1211624,1.277744,0.4709127,29
39,-0.2739692,0.6033288,0.5559762,30
39,-0.360884,0.802093,0.5029528,31
39,-0.3686657,0.9135329,0.3881249,32
39,-0.271823,0.7781336,0.5923763,33
39,0.3106644,1.544148,0.4183687,34
39,-0.07319194,1.089597,0.3888252,35
39,-0.461977,0.9921564,0.5040179,36
39,-0.4426965,0.7587916,0.4046026,37
39,-0.4118688,1.141658,0.4285671,38
39,0.4530125,1.510748,0.4753484,39
39,-0.3675558,0.6743289,0.4050278,40
39,-0.4503772,0.6142411,0.4636782,41
39,0.4054822,1.590431,0.4556128,42
39,0.4940095,1.42846,0.586243,43
39,-0.4615832,0.8611921,0.5440584,44
39,-0.1720218,1.029858,0.6263594,45
39,-0.1882941,1.121469,0.4050682,46
39,-0.005484343,1.017635,0.5815706,47
39,-0.4927758,1.080562,0.4128683,48
39,-0.129785,1.282464,0.56634,49
39,0.1338615,1.55652,0.3959182,50
39,0.05117142,1.337271,0.4864434,51
39,0.2737904,1.451555,0.3952414,52
39,0.2217969,1.588822,0.6515505,53
39,-0.0623205,1.34612,0.4227443,54
39,-0.3465214,1.333844,0.4059209,55
39,-0.3321229,1.441937,0.4898088,56
39,-0.03568828,1.524695,0.6484945,57
39,-0.3659637,1.221476,0.5007256,58
39,-0.4825236,1.350485,0.4169458,59
39,-0.2203856,1.46721,0.6735301,60
39,-0.4825652,1.23419,0.4468742,61
39,-0.1104492,1.58437,0.5383584,62
39,-0.2681144,1.55238,0.5058042,63
39,0.02951533,1.593865,0.5252833,64
39,-0.4725565,1.452929,0.5814031,65
39,-0.4162961,1.582988,0.4499072,66
39,-0.1087166,1.461608,0.4833682,67
