Case,X,Y,Z,a,v,index
15,-0.09231296,0.6553661,0.5276027,0
15,0.1036015,0.6733572,0.5995621,1
15,0.01235992,0.6099758,0.4874374,2
15,0.2154669,0.6265669,0.5775343,3
15,-0.2740204,0.6724259,0.441809,4
15,0.3446485,0.6320571,0.4877009,5
15,0.3713085,0.7707636,0.4705421,6
15,-0.1668584,0.7924962,0.3917304,7
15,0.4507063,0.9519517,0.5083871,8
15,-0.3000184,0.8777623,0.4459859,9
15,0.04450941,1.007814,0.572808,10
15,-0.4381813,0.767274,0.5162899,11
15,0.2577174,0.7533494,0.4372993,12
15,-0.4070268,0.6073884,0.4906191,13
15,0.3478838,1.013041,0.388393,14
15,-0.09455866,1.124677,0.4031524,15
15,-0.06408998,0.9785857,0.605913,16
15,0.3659194,1.123966,0.4761014,17
15,0.4770021,0.6270764,0.4503237,18
15,0.4947848,1.152555,0.5150528,19
15,0.3144808,0.88965,0.4892566,20
15,0.4901394,0.7652312,0.5233043,21
15,0.07217544,1.143998,0.404185,22
15,0.328065,1.230495,0.3912759,23
15,-0.4099138,1.00484,0.4030513,24
15,0.411155,1.399091,0.6452054,25
15,-0.3480504,1.282832,0.5323387,26
15,-0.4171035,1.191808,0.4467592,27
15,0.2607092,1.432945,0.4734641,28
15,-0.4404407,1.355422,0.4403353,29
15,-0.4888638,1.083289,0.5305,30
15,-0.462481,0.8916916,0.6329095,31
15,0.4243038,1.542533,0.3882746,32
15,0.4598138,1.275589,0.5294073,33
15,-0.3660868,1.522563,0.4048685,34
15,0.2492132,1.553217,0.5997108,35
15,0.1300951,1.557388,0.4629592,36
15,-0.06219414,1.501617,0.4497679,37
15,-0.3289775,1.399726,0.3954956,38
15,-0.2322729,1.561256,0.3886034,39
15,-0.485131,1.563861,0.505144,40
