Case,X,Y,Z,a,v,index
4,0.2777024,0.8375412,0.5103055,0
4,0.1664311,0.670546,0.3949242,1
4,0.3422856,0.9741812,0.4360204,2
4,0.4003472,1.154662,0.5745285,3
4,0.2638447,0.6128839,0.3948956,4
4,0.3059537,1.315766,0.5602859,5
4,0.3984371,0.8395079,0.6079837,6
4,0.4277458,0.6271738,0.4507111,7
4,0.3543562,0.7339152,0.4861611,8
4,0.1216477,1.088341,0.4146756,9
4,-0.05402845,1.171433,0.5228916,10
4,0.4768794,0.7517662,0.4560408,11
4,-0.002332449,1.034669,0.4825368,12
4,-0.1427993,0.747343,0.470503,13
4,0.4593524,1.056525,0.5900505,14
4,-0.3285619,0.6832511,0.6827515,15
4,-0.1551669,1.116339,0.4572349,16
4,-0.007177621,0.6364384,0.4966619,17
4,0.1095927,1.450091,0.5093273,18
4,0.1670853,0.8043686,0.4870985,19
4,-0.490806,0.6745516,0.4731279,20
4,-0.08754757,1.45082,0.5324124,21
4,-0.3920419,0.968031,0.51684,22
4,0.48711,0.9058129,0.4712336,23
4,-0.3514071,1.211447,0.6375729,24
4,-0.1823549,0.6145123,0.3967566,25
4,-0.3712955,0.8320369,0.6828742,26
4,-0.2263582,0.822596,0.5092782,27
4,-0.4560768,1.059562,0.4799384,28
4,0.00383532,1.516025,0.4540304,29
4,0.4984918,1.36676,0.6096321,30
4,0.2285853,1.484399,0.4672446,31
4,-0.339658,1.075689,0.6506181,32
4,-0.2927218,1.314997,0.5590149,33
4,0.4307065,1.261246,0.4113759,34
4,-0.2014821,1.431201,0.4902623,35
4,-0.1183228,1.561711,0.4966135,36
4,-0.4787096,0.8862045,0.5812157,37
4,0.1500928,1.562711,0.4455218,38
4,0.2666546,1.588521,0.6692114,39
4,-0.4767739,1.220574,0.6529979,40
4,-0.3059981,1.480107,0.4820635,41
4,-0.4364218,1.32708,0.5246019,42
4,0.3323421,1.425084,0.5553607,43
4,0.4363207,1.468471,0.4923277,44
4,-0.4561355,1.516689,0.6624829,45
4,0.4200652,1.582513,0.6612692,46
4,-0.263252,1.599532,0.5133685,47
