Case,X,Y,Z,a,v,index
3,-0.3197303,0.6194752,0.59518,0
3,-0.2087148,0.6101577,0.4949823,1
3,-0.2570816,0.7980679,0.4613438,2
3,-0.4690032,0.7035824,0.4304307,3
3,-0.0624736,0.6044362,0.3960839,4
3,0.05628341,0.6324747,0.6768531,5
3,-0.1454047,0.7282166,0.4086393,6
3,-0.3799525,0.8175563,0.4803002,7
3,-0.00446102,0.7480824,0.4776747,8
3,-0.02904853,0.9619017,0.3997785,9
3,0.04199016,1.132201,0.3877646,10
3,-0.09693056,1.048947,0.4110638,11
3,-0.4669473,0.888384,0.4290121,12
3,0.1763592,0.6927515,0.4516801,13
3,0.1357405,1.063312,0.5321486,14
3,0.2421894,0.8051753,0.4094509,15
3,0.3385248,1.003764,0.5076238,16
3,-0.3852154,0.9737144,0.4280348,17
3,-0.4813076,1.145322,0.5209896,18
3,-0.4830022,1.026774,0.4132123,19
3,-0.05220798,1.223658,0.4780022,20
3,0.3857364,0.7432073,0.6777793,21
3,-0.06575927,1.471786,0.5169053,22
3,0.2772986,0.9111686,0.4328195,23
3,0.0461691,1.477745,0.6270613,24
3,0.1881331,1.435242,0.4701759,25
3,-0.05229598,1.587889,0.5683216,26
3,0.431295,0.8449447,0.5310688,27
3,-0.2369038,1.430692,0.5080112,28
3,-0.3618361,1.267425,0.5408967,29
3,0.3197973,1.405741,0.4320212,30
3,0.297629,0.6198196,0.4981237,31
3,0.1581602,1.557489,0.4149103,32
3,-0.2277676,1.585827,0.515922,33
3,0.4473408,1.089912,0.6109478,34
3,-0.3464934,1.466601,0.4252315,35
3,0.4660434,1.202582,0.6485706,36
3,-0.466611,1.316482,0.4673307,37
3,0.4438223,0.6372915,0.4114977,38
3,-0.4563255,1.553414,0.6540711,39
3,-0.4967608,1.444587,0.4296576,40
3,-0.3451278,1.590344,0.5192062,41
3,0.3506388,1.560984,0.5273507,42
3,0.4849116,1.592799,0.5664512,43
3,0.4533786,1.38444,0.3983838,44
3,0.4554065,0.9736408,0.6126167,45
