Case,X,Y,Z,a,v,index
27,0.3701242,1.182277,0.6227419,0
27,0.4444676,0.9063593,0.6334146,1
27,0.4464175,0.7760707,0.4148504,2
27,0.4508157,1.055449,0.5274236,3
27,0.3671234,0.7092783,0.5057793,4
27,0.4833163,0.6515536,0.6126741,5
27,0.2784894,0.7650559,0.4377854,6
27,0.3980064,0.6140435,0.4892809,7
27,0.3440878,0.8480085,0.4180692,8
27,0.282422,0.647531,0.4704224,9
27,0.1961098,0.7117429,0.4487068,10
27,0.4660882,1.20957,0.6626306,11
27,0.08959901,0.9824455,0.4312001,12
27,0.3844547,0.9908252,0.5332876,13
27,0.1337953,0.6122114,0.5082945,14
27,0.009563386,0.6574029,0.4496546,15
27,0.1806495,1.140012,0.4378625,16
27,0.03207695,0.881165,0.4659144,17
27,0.2033603,1.012025,0.6169676,18
27,0.03188789,1.153444,0.5150641,19
27,0.37257,1.357161,0.5860078,20
27,-0.12775,0.9879413,0.605712,21
27,-0.09095055,0.6862608,0.5108645,22
27,-0.1839049,0.7346189,0.5742845,23
27,-0.09615824,1.255751,0.5171731,24
27,0.308668,1.443402,0.4429675,25
27,-0.0161126,1.042437,0.6576363,26
27,0.1031228,1.266988,0.3924319,27
27,-0.002684087,1.330394,0.5366383,28
27,0.2113459,1.442386,0.4111445,29
27,-0.1159263,1.124254,0.5366678,30
27,-0.1477376,0.6067415,0.4658467,31
27,-0.3200582,0.815388,0.4707859,32
27,-0.3080754,0.7189139,0.4951075,33
27,-0.2495917,0.634572,0.5694207,34
27,0.09215504,0.7038483,0.3980947,35
27,-0.1917458,1.211375,0.4192851,36
27,0.4096038,1.463017,0.5594022,37
27,0.4819146,1.322052,0.6457397,38
27,0.3888232,1.588351,0.4626192,39
27,0.203669,1.573551,0.5793036,40
27,-0.4039194,0.6580697,0.4961871,41
27,0.09507221,1.469456,0.4548242,42
27,-0.02443889,1.455598,0.4613659,43
27,-0.4470902,0.8394509,0.524443,44
27,-0.3998196,0.7513408,0.447669,45
27,-0.1451267,1.480111,0.6840514,46
27,-0.380179,1.127614,0.4877321,47
27,-0.4805922,0.9823921,0.3994171,48
27,-0.4944677,0.7246354,0.4985756,49
27,-0.28488,1.349129,0.4767543,50
27,-0.4280325,1.26663,0.4476371,51
27,-0.2887229,1.445024,0.5672701,52
27,-0.4770563,1.109232,0.5309903,53
27,-0.3801252,1.49747,0.4901584,54
27,0.3036092,1.553356,0.4977705,55
27,-0.3947157,1.015061,0.4659489,56
27,-0.3955244,1.37256,0.4553635,57
27,-0.2868976,1.575961,0.5488932,58
27,0.08557433,1.573303,0.4323301,59
27,0.4675968,1.544808,0.4892889,60
27,-0.4768232,1.415926,0.4174266,61
27,-0.4756763,1.589185,0.5072368,62
27,-0.491528,0.6267601,0.4721293,63
27,-0.1375423,1.598808,0.4999353,64
27,-0.006308049,1.573166,0.6750816,65
