Case,X,Y,Z,a,v,index
37,-0.4512751,0.8891097,0.4744838,0
37,-0.4284178,0.9991384,0.6070359,1
37,-0.3900135,1.180639,0.5291141,2
37,-0.4094281,1.307068,0.5683447,3
37,-0.3007981,0.8908958,0.5052883,4
37,-0.3099414,1.368162,0.5212363,5
37,-0.3859128,0.7754269,0.6661232,6
37,-0.3256114,0.6419181,0.4179053,7
37,-0.05527267,1.178871,0.5790902,8
37,0.01678163,1.079205,0.4987962,9
37,-0.2511931,0.770799,0.4060096,10
37,-0.1653779,1.466244,0.6515692,11
37,0.1403272,1.154643,0.4197162,12
37,-0.4862301,0.6625152,0.5007603,13
37,0.04512173,1.227386,0.492957,14
37,-0.1144693,1.052389,0.5279717,15
37,-0.02249545,1.493781,0.4750793,16
37,-0.1191965,0.6047921,0.5315163,17
37,-0.4123527,1.51706,0.4065927,18
37,-0.1066378,0.7231603,0.5813659,19
37,0.0418278,0.6670396,0.4498971,20
37,0.1505885,1.481281,0.5132128,21
37,0.3374889,1.39797,0.4562138,22
37,-0.2447497,1.557319,0.574989,23
37,0.1266304,0.7709303,0.5908696,24
37,0.1755745,0.6673403,0.5710989,25
37,0.3413255,1.568191,0.3999509,26
37,0.0342465,1.593977,0.6160769,27
37,0.2660382,0.772312,0.4282216,28
37,0.3426709,1.01746,0.601149,29
37,0.1577493,1.59708,0.4874758,30
37,0.3897439,0.6955571,0.6073315,31
37,0.459448,0.8848189,0.4597215,32
37,0.3794029,1.256297,0.6519889,33
37,0.4912478,1.072582,0.4906141,34
37,0.303413,0.6001944,0.5200091,35
37,-0.1229964,1.578539,0.6695912,36
37,0.4795337,1.564472,0.686397,37
37,0.3569711,0.8379015,0.4683549,38
37,0.4356753,1.451411,0.6040243,39
37,0.4677022,1.344179,0.4405788,40
37,0.3855085,1.133822,0.4447506,41
