Case,X,Y,Z,a,v,index
34,0.2777024,0.8375412,0.5246195,0
34,0.1664311,0.670546,0.469203,1
34,0.3422856,0.9741812,0.4604089,2
34,0.4003472,1.154662,0.5003006,3
34,0.2638447,0.6128839,0.519198,4
34,0.3059537,1.315766,0.4963443,5
34,0.3984371,0.8395079,0.4122335,6
34,0.4277458,0.6271738,0.5688202,7
34,0.3543562,0.7339152,0.4531432,8
34,0.1216477,1.088341,0.5317001,9
34,-0.05402845,1.171433,0.4909854,10
34,0.4768794,0.7517662,0.4860777,11
34,-0.002332449,1.034669,0.4181801,12
34,-0.1427993,0.747343,0.5715556,13
34,0.4593524,1.056525,0.5205714,14
34,-0.3285619,0.6832511,0.3897287,15
34,-0.1551669,1.116339,0.5049527,16
34,-0.007177621,0.6364384,0.5056349,17
34,0.1095927,1.450091,0.5087105,18
34,0.1670853,0.8043686,0.4709375,19
34,-0.490806,0.6745516,0.5050417,20
34,-0.08754757,1.45082,0.5315459,21
34,-0.3920419,0.968031,0.4038238,22
34,0.48711,0.9058129,0.6204845,23
34,-0.3514071,1.211447,0.5867058,24
34,-0.1823549,0.6145123,0.4513622,25
34,-0.3712955,0.8320369,0.5237204,26
34,-0.2263582,0.822596,0.4623109,27
34,-0.4560768,1.059562,0.4179117,28
34,0.00383532,1.516025,0.5955709,29
34,0.4984918,1.36676,0.3958226,30
34,0.2285853,1.484399,0.4277342,31
34,-0.339658,1.075689,0.4221196,32
34,-0.2927218,1.314997,0.4558536,33
34,0.4307065,1.261246,0.4593494,34
34,-0.2014821,1.431201,0.4469257,35
34,-0.1183228,1.561711,0.4514999,36
34,-0.4787096,0.8862045,0.468655,37
34,0.1500928,1.562711,0.573285,38
34,0.2666546,1.588521,0.5152813,39
34,-0.4767739,1.220574,0.5625458,40
34,-0.3059981,1.480107,0.5043254,41
34,-0.4364218,1.32708,0.394986,42
34,0.3323421,1.425084,0.4058401,43
34,0.4363207,1.468471,0.4497772,44
34,-0.4561355,1.516689,0.43306,45
34,0.4200652,1.582513,0.678182,46
34,-0.263252,1.599532,0.3968258,47
