Case,X,Y,Z,a,v,index
20,-0.4236917,1.379919,0.4678049,0
20,-0.3510343,1.262049,0.431995,1
20,-0.3361703,1.401426,0.5082589,2
20,-0.2401728,1.387114,0.5011796,3
20,-0.2411543,1.5293,0.4696549,4
20,-0.3230801,1.584775,0.3896889,5
20,-0.3627274,1.492598,0.3998943,6
20,-0.4580184,1.515637,0.4619332,7
20,-0.1536907,1.287405,0.615115,8
20,-0.05333394,1.303264,0.552457,9
20,-0.05583203,1.143731,0.5990389,10
20,-0.07240149,1.501744,0.4350413,11
20,-0.1364601,1.570014,0.4256367,12
20,-0.471402,1.3013,0.538417,13
20,0.02413112,1.492545,0.3902206,14
20,-0.1672006,1.120064,0.6810818,15
20,0.1189915,1.497894,0.4357817,16
20,0.2345369,1.550643,0.6148546,17
20,0.3629864,1.469936,0.4623097,18
20,0.1232017,1.228761,0.4272838,19
20,0.2808809,1.369057,0.4185938,20
20,0.08693916,1.057127,0.4518625,21
20,-0.4637375,1.189993,0.5282363,22
20,-0.1352412,0.9581932,0.4049046,23
20,0.3867007,1.30795,0.4778008,24
20,-0.009540647,1.581754,0.5302274,25
20,0.3399487,1.200396,0.4226696,26
20,0.2704908,1.461383,0.4457896,27
20,0.4069086,1.589145,0.4700835,28
20,-0.04334083,0.9708633,0.4630384,29
20,0.2017173,1.167466,0.4893832,30
20,-0.007267088,0.871531,0.5788164,31
20,-0.2159352,0.9983559,0.5279446,32
20,0.09386945,1.591269,0.469307,33
20,0.02137649,1.193545,0.6386006,34
20,-0.4985571,1.030431,0.4771041,35
20,-0.4144136,0.9731382,0.6249597,36
20,0.0853501,0.9439493,0.4700647,37
20,0.4943095,1.555588,0.5037562,38
20,0.4562805,1.378667,0.5940568,39
20,-0.270602,0.8584629,0.4412383,40
20,0.2002844,0.9856838,0.4188435,41
20,0.4247269,1.155584,0.5360242,42
20,-0.1098399,0.7017295,0.4712274,43
20,-0.3872759,1.125813,0.4404029,44
20,-0.3302666,0.927451,0.6236746,45
20,-0.2691538,0.6720788,0.6186414,46
20,-0.3409866,1.028156,0.5809373,47
20,0.006391108,0.7155195,0.4531361,48
20,0.008321166,0.6248311,0.6322989,49
20,0.4186081,1.051881,0.4314637,50
20,0.1393548,0.6704996,0.5321375,51
20,0.288992,0.7344834,0.4254449,52
20,-0.09754995,1.06045,0.6124601,53
20,0.3994049,0.9462279,0.6865442,54
20,0.3050218,0.9214715,0.5181571,55
20,-0.3435917,0.8035582,0.4592665,56
20,0.3695582,0.8021809,0.582764,57
20,-0.3611657,0.6928428,0.6051105,58
20,-0.4740769,0.823333,0.4108602,59
20,-0.491163,0.6561128,0.4824736,60
20,-0.1638312,0.6028852,0.679952,61
20,0.207973,0.606837,0.6833329,62
20,0.3568868,0.6285788,0.5004016,63
20,0.4701678,0.8865024,0.6259416,64
20,0.4807681,0.7374817,0.5857664,65
20,0.4945419,0.629858,0.4750437,66
20,0.1833881,0.7634553,0.5069366,67
