Case,X,Y,Z,a,v,index
39,0.3399369,1.216096,0.5270588,0
39,0.06045675,1.242463,0.4269096,1
39,0.09575808,1.128646,0.4335963,2
39,-0.04675952,1.160851,0.4322474,3
39,0.324496,0.9866744,0.5474874,4
39,0.1130248,0.7565259,0.513801,5
39,0.4371348,1.323224,0.5324361,6
39,0.01219052,0.993651,0.6107352,7
39,0.4899578,1.448773,0.5767045,8
39,-0.08088779,0.7157208,0.4451421,9
39,0.2798242,1.393262,0.4056258,10
39,0.4326222,1.079491,0.5251558,11
39,0.231475,1.499813,0.5489146,12
39,0.1813222,0.66944,0.6251183,13
39,0.2114862,0.8323228,0.5018881,14
39,0.347777,1.531862,0.5000712,15
39,0.04579347,0.6181342,0.3958527,16
39,0.3789772,0.7554146,0.5297894,17
39,0.4534262,0.9606633,0.5957643,18
39,-0.1630268,0.6355991,0.4416651,19
39,0.4731272,1.594054,0.41504,20
39,0.3481997,0.8743489,0.5130172,21
39,-0.09415591,1.049701,0.4215637,22
39,-0.3062166,0.7568684,0.6671214,23
39,0.09968913,1.580411,0.4286275,24
39,-0.01366416,1.448282,0.3959244,25
39,0.4947066,0.8434402,0.4866236,26
39,0.4692273,0.666739,0.428602,27
39,0.3015789,0.6701624,0.4385948,28
39,-0.2236644,1.392837,0.5812142,29
39,-0.3491482,0.8810123,0.4454182,30
39,-0.08311296,1.559227,0.4193825,31
39,0.4901053,1.173903,0.5058001,32
39,-0.4858206,0.7401143,0.4235582,33
39,-0.4827951,0.8773026,0.4782631,34
39,-0.3259304,1.586941,0.404455,35
39,-0.3852929,0.6316778,0.4351676,36
39,-0.4429477,1.002318,0.5796376,37
39,-0.4158984,1.272499,0.4156203,38
39,-0.4854766,1.113615,0.5306764,39
39,-0.2744391,0.6213977,0.5338411,40
39,-0.3660442,1.457761,0.47157,41
39,-0.2118069,1.579481,0.533902,42
39,-0.4868219,1.46849,0.606083,43
39,-0.4970936,0.6127017,0.3934313,44
39,-0.3013878,1.302453,0.4600087,45
