Case,X,Y,Z,a,v,index
24,0.3488177,0.778896,0.5465857,0
24,0.3008358,0.697028,0.4087304,1
24,0.4347376,0.6616335,0.41391,2
24,0.4536091,0.8791662,0.6035043,3
24,0.469316,0.7732154,0.5089674,4
24,0.303499,0.6022884,0.3921145,5
24,0.4362853,1.009791,0.4246752,6
24,0.4921825,1.09003,0.6371816,7
24,0.2136672,1.06798,0.4016044,8
24,0.4540554,1.203233,0.627987,9
24,0.3462772,0.8885531,0.4331894,10
24,0.1992872,0.742202,0.4818174,11
24,0.1511558,0.6208963,0.5132979,12
24,0.09459203,0.7237913,0.4577287,13
24,0.3664721,1.22648,0.4411968,14
24,0.01683468,0.6572207,0.6217684,15
24,0.09791124,1.003045,0.5715276,16
24,0.2694829,1.346195,0.4853377,17
24,-0.04950175,0.7397292,0.3918361,18
24,0.4477885,1.34988,0.3914894,19
24,0.05844051,1.102358,0.3934331,20
24,-0.1490551,0.6450445,0.5378356,21
24,-0.05454108,0.9386307,0.4295918,22
24,0.2576457,0.8286129,0.472514,23
24,-0.1833769,0.7980596,0.5076644,24
24,0.1739385,1.182791,0.6786158,25
24,0.06532264,1.192267,0.4254407,26
24,0.3663334,1.414148,0.6187752,27
24,-0.05846703,1.178781,0.5015724,28
24,0.1211624,1.277744,0.4408386,29
24,-0.2739692,0.6033288,0.4170783,30
24,-0.360884,0.802093,0.4917977,31
24,-0.3686657,0.9135329,0.4345432,32
24,-0.271823,0.7781336,0.651853,33
24,0.3106644,1.544148,0.6707484,34
24,-0.07319194,1.089597,0.4571333,35
24,-0.461977,0.9921564,0.5052482,36
24,-0.4426965,0.7587916,0.4349082,37
24,-0.4118688,1.141658,0.5063068,38
24,0.4530125,1.510748,0.3906424,39
24,-0.3675558,0.6743289,0.4078185,40
24,-0.4503772,0.6142411,0.4289529,41
24,0.4054822,1.590431,0.4766274,42
24,0.4940095,1.42846,0.4715608,43
24,-0.4615832,0.8611921,0.4468828,44
24,-0.1720218,1.029858,0.4632866,45
24,-0.1882941,1.121469,0.4303689,46
24,-0.005484343,1.017635,0.4440015,47
24,-0.4927758,1.080562,0.5315018,48
24,-0.129785,1.282464,0.4439262,49
24,0.1338615,1.55652,0.4890685,50
24,0.05117142,1.337271,0.3871358,51
24,0.2737904,1.451555,0.47338,52
24,0.2217969,1.588822,0.4354447,53
24,-0.0623205,1.34612,0.4203341,54
24,-0.3465214,1.333844,0.4974685,55
24,-0.3321229,1.441937,0.4598764,56
24,-0.03568828,1.524695,0.4971765,57
24,-0.3659637,1.221476,0.4781067,58
24,-0.4825236,1.350485,0.5429524,59
24,-0.2203856,1.46721,0.406251,60
24,-0.4825652,1.23419,0.6252161,61
24,-0.1104492,1.58437,0.4663298,62
24,-0.2681144,1.55238,0.4103997,63
24,0.02951533,1.593865,0.473608,64
24,-0.4725565,1.452929,0.409097,65
24,-0.4162961,1.582988,0.4106645,66
24,-0.1087166,1.461608,0.4332086,67
