Case,X,Y,Z,a,v,index
33,-0.3197303,0.6194752,0.4532396,0
33,-0.2087148,0.6101577,0.4134002,1
33,-0.2570816,0.7980679,0.439942,2
33,-0.4690032,0.7035824,0.4797381,3
33,-0.0624736,0.6044362,0.3898445,4
33,0.05628341,0.6324747,0.4130259,5
33,-0.1454047,0.7282166,0.5028617,6
33,-0.3799525,0.8175563,0.4095848,7
33,-0.00446102,0.7480824,0.677294,8
33,-0.02904853,0.9619017,0.4384163,9
33,0.04199016,1.132201,0.4887214,10
33,-0.09693056,1.048947,0.4128571,11
33,-0.4669473,0.888384,0.6324736,12
33,0.1763592,0.6927515,0.5202435,13
33,0.1357405,1.063312,0.5105545,14
33,0.2421894,0.8051753,0.5288939,15
33,0.3385248,1.003764,0.4804391,16
33,-0.3852154,0.9737144,0.4077637,17
33,-0.4813076,1.145322,0.5328134,18
33,-0.4830022,1.026774,0.51827,19
33,-0.05220798,1.223658,0.4672094,20
33,0.3857364,0.7432073,0.4337858,21
33,-0.06575927,1.471786,0.3956873,22
33,0.2772986,0.9111686,0.5311965,23
33,0.0461691,1.477745,0.5143992,24
33,0.1881331,1.435242,0.5203258,25
33,-0.05229598,1.587889,0.4016209,26
33,0.431295,0.8449447,0.3870733,27
33,-0.2369038,1.430692,0.4867671,28
33,-0.3618361,1.267425,0.5762696,29
33,0.3197973,1.405741,0.5309148,30
33,0.297629,0.6198196,0.4297067,31
33,0.1581602,1.557489,0.678193,32
33,-0.2277676,1.585827,0.4111536,33
33,0.4473408,1.089912,0.53833,34
33,-0.3464934,1.466601,0.4748109,35
33,0.4660434,1.202582,0.5418829,36
33,-0.466611,1.316482,0.4267639,37
33,0.4438223,0.6372915,0.4980951,38
33,-0.4563255,1.553414,0.5915856,39
33,-0.4967608,1.444587,0.4188479,40
33,-0.3451278,1.590344,0.4773571,41
33,0.3506388,1.560984,0.3955731,42
33,0.4849116,1.592799,0.5250865,43
33,0.4533786,1.38444,0.6531541,44
33,0.4554065,0.9736408,0.4412634,45
