Case,X,Y,Z,a,v,index
36,0.1503742,1.105453,0.6504192,0
36,0.2652519,0.8869836,0.4312622,1
36,0.00965488,1.110198,0.4789018,2
36,0.4148624,1.108986,0.5096839,3
36,0.2683337,1.404044,0.4930749,4
36,0.3990864,1.320777,0.4753419,5
36,-0.1407425,1.160795,0.6812068,6
36,0.125744,1.492939,0.3976499,7
36,-0.1260976,1.458038,0.446681,8
36,-0.03289402,1.001854,0.4069254,9
36,0.4333869,1.512408,0.4499207,10
36,0.04926842,1.572926,0.5542871,11
36,0.4902207,1.1929,0.3925077,12
36,0.2572667,1.514809,0.453206,13
36,-0.1939112,1.367578,0.561067,14
36,0.4098923,0.9534307,0.5996842,15
36,0.4287662,0.7709529,0.6255564,16
36,0.1534364,0.7708679,0.4093854,17
36,0.3271669,0.6391824,0.6443172,18
36,-0.2618656,1.493422,0.672605,19
36,0.1788677,0.6150171,0.4962457,20
36,-0.04033139,0.6844602,0.4474458,21
36,-0.2123614,0.8288589,0.4942885,22
36,-0.1882064,0.703989,0.473179,23
36,-0.405256,1.423318,0.4872207,24
36,-0.3478466,1.573303,0.3902214,25
36,-0.3598947,0.9974327,0.5250983,26
36,0.4951141,0.6291238,0.4308265,27
36,0.296602,0.7740636,0.49038,28
36,-0.4848161,1.247143,0.4965786,29
36,-0.3899602,1.104665,0.5595509,30
36,0.08525407,0.6781737,0.6667386,31
36,-0.3706748,0.8240129,0.4295096,32
36,-0.4931551,1.49756,0.4999704,33
36,-0.1096162,1.599438,0.4578307,34
36,-0.4510778,0.6402363,0.6118948,35
36,-0.3134905,0.6974298,0.4187036,36
36,-0.3163974,1.339981,0.3898777,37
36,-0.4786918,0.9309626,0.6240308,38
36,-0.4987665,1.082841,0.483218,39
