Case,X,Y,Z,a,v,index
30,-0.2514899,1.049975,0.5853345,0
30,-0.3765767,1.028103,0.4658609,1
30,-0.3250244,0.8787388,0.6546955,2
30,-0.157049,1.030898,0.6005194,3
30,-0.1188707,1.159069,0.5385746,4
30,-0.1783729,0.735019,0.4781587,5
30,-0.05221164,0.7472163,0.4552389,6
30,-0.2727329,0.7722988,0.4117773,7
30,-0.03257033,0.6362029,0.5629297,8
30,0.03165966,0.9217459,0.3953215,9
30,0.1362704,1.04142,0.5182696,10
30,-0.1142328,0.9452485,0.6048557,11
30,-0.3140677,0.6624167,0.4509567,12
30,0.04417622,0.7052257,0.4108741,13
30,-0.347742,1.177143,0.5078883,14
30,-0.2290961,0.6047928,0.6643705,15
30,-0.4668721,1.117046,0.4873566,16
30,-0.1186628,0.6642889,0.4177154,17
30,-0.4575211,0.9523044,0.5205719,18
30,-0.4395212,1.216139,0.4058787,19
30,-0.3731313,1.356198,0.5184721,20
30,-0.0008679628,1.059167,0.4506459,21
30,-0.4240541,0.6564543,0.3958672,22
30,-0.4945323,1.341327,0.3892938,23
30,-0.4334149,0.8223709,0.4886367,24
30,0.1885309,0.9556372,0.516634,25
30,0.2384646,1.094679,0.6783341,26
30,-0.1436331,1.287358,0.4925966,27
30,-0.2283081,1.457681,0.628768,28
30,-0.3745559,0.75365,0.4306587,29
30,-0.2862582,1.307155,0.6637757,30
30,0.2101701,0.7263932,0.5202959,31
30,-0.4962783,0.7370754,0.4441161,32
30,-0.3908693,1.468725,0.4791266,33
30,-0.4002871,1.566301,0.5056977,34
30,0.1451737,0.6356013,0.5307267,35
30,-0.02644148,1.174369,0.6819396,36
30,-0.4839745,1.515025,0.5379564,37
30,0.2772475,0.8576009,0.4796189,38
30,-0.2826103,1.538617,0.6833798,39
30,0.141388,1.22203,0.4228431,40
30,-0.05218831,1.287675,0.514266,41
30,0.2643947,0.6420445,0.549439,42
30,-0.1180031,1.551017,0.5074669,43
30,0.07734817,1.126274,0.4380145,44
30,0.3323783,1.18156,0.5675501,45
30,0.4964567,1.112132,0.5291051,46
30,0.3624989,1.282096,0.5383378,47
30,0.04661661,1.25694,0.50144,48
30,0.1316653,1.313992,0.5682793,49
30,0.2098472,1.413127,0.5103652,50
30,0.1517617,1.546405,0.6792663,51
30,0.3769392,1.445287,0.390079,52
30,0.3833847,1.101083,0.6686913,53
30,0.3806496,0.9001234,0.5085339,54
30,0.372864,0.7713265,0.5086801,55
30,0.4235351,0.6814964,0.4603968,56
30,0.02697742,1.519258,0.4570656,57
30,-0.2063714,1.598393,0.4986438,58
30,0.4374571,1.333073,0.5487978,59
30,0.4867771,0.9063942,0.466303,60
30,0.4833586,1.225502,0.424137,61
30,0.4841002,0.9981059,0.4532714,62
30,0.4587163,0.8060363,0.6775168,63
30,0.2646864,1.556109,0.4666265,64
30,0.3944745,1.006539,0.4445482,65
30,0.4396834,1.512322,0.4658521,66
30,0.3551027,1.563716,0.614119,67
30,0.4893495,1.423521,0.5202854,68
