Case,X,Y,Z,a,v,index
39,0.3399369,1.216096,0.673372,0
39,0.06045675,1.242463,0.4960967,1
39,0.09575808,1.128646,0.3891625,2
39,-0.04675952,1.160851,0.5067408,3
39,0.324496,0.9866744,0.6682986,4
39,0.1130248,0.7565259,0.4781908,5
39,0.4371348,1.323224,0.4209858,6
39,0.01219052,0.993651,0.5215912,7
39,0.4899578,1.448773,0.5245252,8
39,-0.08088779,0.7157208,0.5941374,9
39,0.2798242,1.393262,0.4300638,10
39,0.4326222,1.079491,0.5133238,11
39,0.231475,1.499813,0.4941399,12
39,0.1813222,0.66944,0.479114,13
39,0.2114862,0.8323228,0.6627251,14
39,0.347777,1.531862,0.4197291,15
39,0.04579347,0.6181342,0.671388,16
39,0.3789772,0.7554146,0.439944,17
39,0.4534262,0.9606633,0.415381,18
39,-0.1630268,0.6355991,0.5836908,19
39,0.4731272,1.594054,0.3988211,20
39,0.3481997,0.8743489,0.5218795,21
39,-0.09415591,1.049701,0.5605562,22
39,-0.3062166,0.7568684,0.3991779,23
39,0.09968913,1.580411,0.5333285,24
39,-0.01366416,1.448282,0.510051,25
39,0.4947066,0.8434402,0.5384678,26
39,0.4692273,0.666739,0.5257152,27
39,0.3015789,0.6701624,0.4862342,28
39,-0.2236644,1.392837,0.6682035,29
39,-0.3491482,0.8810123,0.4453565,30
39,-0.08311296,1.559227,0.3930082,31
39,0.4901053,1.173903,0.4369304,32
39,-0.4858206,0.7401143,0.6868848,33
39,-0.4827951,0.8773026,0.4848719,34
39,-0.3259304,1.586941,0.3992537,35
39,-0.3852929,0.6316778,0.5815502,36
39,-0.4429477,1.002318,0.4246447,37
39,-0.4158984,1.272499,0.5219667,38
39,-0.4854766,1.113615,0.5179983,39
39,-0.2744391,0.6213977,0.480294,40
39,-0.3660442,1.457761,0.5404041,41
39,-0.2118069,1.579481,0.5120471,42
39,-0.4868219,1.46849,0.6537369,43
39,-0.4970936,0.6127017,0.4621395,44
39,-0.3013878,1.302453,0.6382439,45
