Case,X,Y,Z,a,v,index
22,-0.3197303,0.6194752,0.5379526,0
22,-0.2288994,0.6118518,0.4362223,1
22,-0.2684723,0.7655965,0.4888264,2
22,-0.4418626,0.6882902,0.524601,3
22,-0.1092475,0.6071706,0.5262249,4
22,-0.2621471,0.9267849,0.6174616,5
22,-0.01208273,0.6301112,0.4036849,6
22,-0.1771002,0.7084455,0.4636649,7
22,-0.369003,0.7815415,0.4579177,8
22,-0.06178272,0.7246993,0.3954467,9
22,-0.08189976,0.8996423,0.5142722,10
22,-0.02377722,1.038978,0.4287969,11
22,-0.1374396,0.9708613,0.5170981,12
22,0.08221602,0.8925573,0.421287,13
22,-0.4692136,0.7860814,0.5301954,14
22,0.08616108,0.6794285,0.4439351,15
22,0.05292755,0.9826145,0.5927991,16
22,0.1461641,1.013827,0.496826,17
22,-0.4787015,0.9138547,0.6755362,18
22,-0.3697257,0.9025645,0.4883054,19
22,0.06514013,1.126018,0.5913692,20
22,0.1775692,1.129011,0.6792827,21
22,-0.4844067,1.062822,0.4322657,22
22,-0.3670008,1.050887,0.4503105,23
22,-0.4484123,1.150846,0.4918229,24
22,0.2574697,0.7207106,0.5670792,25
22,-0.4132518,1.270209,0.5313097,26
22,-0.177464,1.075511,0.6810147,27
22,0.2334713,1.377326,0.6833264,28
22,-0.03673741,1.128299,0.4155481,29
22,-0.2002956,1.167941,0.5462457,30
22,0.3736222,0.6859351,0.4099821,31
22,0.08654445,1.316522,0.5329787,32
22,0.1170372,1.21386,0.5386571,33
22,0.378138,0.8843296,0.6657491,34
22,-0.03932703,1.25606,0.4559948,35
22,0.1570682,0.6124464,0.468815,36
22,-0.4246038,1.398966,0.6294781,37
22,0.3984824,1.011159,0.4257537,38
22,0.2889054,0.6269898,0.4437683,39
22,0.3532325,1.320926,0.5529937,40
22,0.4518052,1.211723,0.413252,41
22,0.4798469,1.061254,0.4106471,42
22,0.08975023,1.469856,0.4529301,43
22,0.3646182,0.7896065,0.4673627,44
22,0.4955791,0.8052853,0.5421782,45
22,0.204542,1.478765,0.4139663,46
22,0.3663836,1.165688,0.4502012,47
22,-0.3017452,1.359845,0.52474,48
22,0.4593034,0.9393228,0.4061513,49
22,0.1559528,1.571309,0.5144817,50
22,0.3182267,1.590528,0.5278029,51
22,0.03726441,1.592769,0.5268026,52
22,0.4865476,0.7129642,0.4393999,53
22,0.4353801,1.377072,0.3946958,54
22,0.3141982,1.447388,0.6443194,55
22,0.446219,0.6164688,0.5004278,56
22,0.4586262,1.570512,0.4533725,57
22,0.4585413,1.477788,0.5067815,58
22,-0.07488546,1.53842,0.4285402,59
22,-0.224272,1.444457,0.6638352,60
22,-0.1784089,1.543609,0.398754,61
22,-0.4725656,1.50854,0.5981158,62
22,-0.09854433,1.436943,0.4604226,63
22,-0.4996533,1.34722,0.4291598,64
22,-0.2748905,1.584423,0.4958358,65
22,-0.127295,1.223146,0.4103472,66
22,-0.3117619,1.499223,0.4315125,67
22,-0.3768137,1.565236,0.410227,68
