Case,X,Y,Z,a,v,index
36,0.1503742,1.105453,0.5196261,0
36,0.2652519,0.8869836,0.6627209,1
36,0.00965488,1.110198,0.5116597,2
36,0.4148624,1.108986,0.5660915,3
36,0.2683337,1.404044,0.4799233,4
36,0.3990864,1.320777,0.5742161,5
36,-0.1407425,1.160795,0.4451105,6
36,0.125744,1.492939,0.4441455,7
36,-0.1260976,1.458038,0.5554649,8
36,-0.03289402,1.001854,0.4150351,9
36,0.4333869,1.512408,0.4196397,10
36,0.04926842,1.572926,0.6442506,11
36,0.4902207,1.1929,0.6257508,12
36,0.2572667,1.514809,0.4053781,13
36,-0.1939112,1.367578,0.5078369,14
36,0.4098923,0.9534307,0.4103285,15
36,0.4287662,0.7709529,0.468325,16
36,0.1534364,0.7708679,0.4342243,17
36,0.3271669,0.6391824,0.4859439,18
36,-0.2618656,1.493422,0.5054848,19
36,0.1788677,0.6150171,0.4006343,20
36,-0.04033139,0.6844602,0.6800918,21
36,-0.2123614,0.8288589,0.536058,22
36,-0.1882064,0.703989,0.4952256,23
36,-0.405256,1.423318,0.4531685,24
36,-0.3478466,1.573303,0.6175551,25
36,-0.3598947,0.9974327,0.4499786,26
36,0.4951141,0.6291238,0.5111918,27
36,0.296602,0.7740636,0.3891096,28
36,-0.4848161,1.247143,0.5415771,29
36,-0.3899602,1.104665,0.5040855,30
36,0.08525407,0.6781737,0.5030715,31
36,-0.3706748,0.8240129,0.5601972,32
36,-0.4931551,1.49756,0.6635444,33
36,-0.1096162,1.599438,0.4017666,34
36,-0.4510778,0.6402363,0.5761574,35
36,-0.3134905,0.6974298,0.4813765,36
36,-0.3163974,1.339981,0.416353,37
36,-0.4786918,0.9309626,0.4966429,38
36,-0.4987665,1.082841,0.5163422,39
