Case,X,Y,Z,a,v,index
37,-0.4512751,0.8891097,0.4457614,0
37,-0.4284178,0.9991384,0.6424446,1
37,-0.3900135,1.180639,0.5350893,2
37,-0.4094281,1.307068,0.4330429,3
37,-0.3007981,0.8908958,0.6182663,4
37,-0.3099414,1.368162,0.4633002,5
37,-0.3859128,0.7754269,0.4450464,6
37,-0.3256114,0.6419181,0.4328362,7
37,-0.05527267,1.178871,0.6818942,8
37,0.01678163,1.079205,0.6061708,9
37,-0.2511931,0.770799,0.4450616,10
37,-0.1653779,1.466244,0.683187,11
37,0.1403272,1.154643,0.4358931,12
37,-0.4862301,0.6625152,0.6204068,13
37,0.04512173,1.227386,0.5533397,14
37,-0.1144693,1.052389,0.5520814,15
37,-0.02249545,1.493781,0.5175556,16
37,-0.1191965,0.6047921,0.5253558,17
37,-0.4123527,1.51706,0.4239962,18
37,-0.1066378,0.7231603,0.4832351,19
37,0.0418278,0.6670396,0.5264252,20
37,0.1505885,1.481281,0.671854,21
37,0.3374889,1.39797,0.5545465,22
37,-0.2447497,1.557319,0.6757681,23
37,0.1266304,0.7709303,0.4377694,24
37,0.1755745,0.6673403,0.613084,25
37,0.3413255,1.568191,0.4560011,26
37,0.0342465,1.593977,0.5937932,27
37,0.2660382,0.772312,0.6528182,28
37,0.3426709,1.01746,0.4892019,29
37,0.1577493,1.59708,0.4508976,30
37,0.3897439,0.6955571,0.5248736,31
37,0.459448,0.8848189,0.5937498,32
37,0.3794029,1.256297,0.5617193,33
37,0.4912478,1.072582,0.5091871,34
37,0.303413,0.6001944,0.4179486,35
37,-0.1229964,1.578539,0.435437,36
37,0.4795337,1.564472,0.6477174,37
37,0.3569711,0.8379015,0.5126724,38
37,0.4356753,1.451411,0.4251417,39
37,0.4677022,1.344179,0.5517689,40
37,0.3855085,1.133822,0.4895107,41
