Case,X,Y,Z,a,v,index
17,-0.2780068,1.470732,0.4154151,0
17,-0.3191495,1.34453,0.4788108,1
17,-0.4779992,1.541077,0.5111685,2
17,-0.2719156,1.589713,0.5665175,3
17,-0.4088144,1.447086,0.5675637,4
17,-0.1559264,1.556402,0.4848652,5
17,-0.1529751,1.429497,0.5120687,6
17,-0.4471014,1.266195,0.6483647,7
17,-0.396771,1.159251,0.6569476,8
17,0.05855238,1.58949,0.6792885,9
17,-0.08360159,1.214856,0.4037109,10
17,-0.01573643,1.493653,0.588321,11
17,-0.4964016,1.072494,0.438074,12
17,0.1883995,1.568918,0.6140703,13
17,-0.3531768,1.054007,0.4573078,14
17,-0.4945068,1.367984,0.4173831,15
17,-0.116456,1.015527,0.4642309,16
17,0.03971308,1.153224,0.4330446,17
17,-0.01982215,0.955097,0.4430964,18
17,-0.4473267,0.9350852,0.4024936,19
17,0.1005943,1.451986,0.4725604,20
17,-0.2611245,0.8642624,0.4217384,21
17,0.1333507,1.009739,0.3927443,22
17,0.217596,1.420658,0.5508584,23
17,0.3763959,1.547666,0.5051346,24
17,0.3501114,1.230271,0.4572053,25
17,-0.1402781,0.701728,0.3996242,26
17,-0.4314097,0.7761112,0.4127447,27
17,0.02652007,0.7307147,0.6248543,28
17,0.1373619,0.7408451,0.475056,29
17,0.208514,0.642377,0.417592,30
17,0.3904971,1.434248,0.5013785,31
17,-0.2734228,0.7546922,0.5296898,32
17,0.4856389,1.162052,0.6630795,33
17,-0.01060444,0.6132415,0.6481307,34
17,0.3890041,0.7041485,0.6589164,35
17,0.4880969,0.6285436,0.4327691,36
17,0.333151,0.9140787,0.4709579,37
17,-0.397907,0.6199264,0.4476135,38
17,0.386224,1.100352,0.4239042,39
17,0.4374813,0.8487814,0.5925483,40
17,-0.2563644,0.6340743,0.3998013,41
17,0.4807322,1.024816,0.6333542,42
17,0.3039011,0.7754599,0.5221416,43
17,0.4820269,1.342244,0.5087342,44
17,0.4955317,1.585192,0.4298576,45
