Case,X,Y,Z,a,v,index
14,0.36376,0.884906,0.5645138,0
14,0.2547567,0.7643464,0.5831994,1
14,0.4222893,1.003182,0.4720158,2
14,0.4514893,0.9144663,0.3918963,3
14,0.2525639,0.6183404,0.6228381,4
14,0.3836802,0.7791331,0.494242,5
14,0.1872445,0.6876346,0.5237331,6
14,0.3503054,0.6256751,0.4764521,7
14,0.2154516,1.1593,0.5699289,8
14,0.07340455,1.259845,0.5347215,9
14,0.4311529,0.6667741,0.4087248,10
14,0.476893,0.7474097,0.5391125,11
14,0.3761159,1.114136,0.3985091,12
14,0.2041817,1.009449,0.5945468,13
14,0.07158756,0.9755515,0.6663861,14
14,0.09789193,0.6464261,0.4518927,15
14,0.005172789,0.636745,0.4899607,16
14,-0.07884657,1.318407,0.5412385,17
14,0.4918929,1.109912,0.4642923,18
14,0.1168615,1.097202,0.4840968,19
14,-0.09982759,0.7519195,0.5345876,20
14,-0.1191539,0.6519552,0.4072571,21
14,0.06323808,0.8725579,0.6009231,22
14,-0.01771775,0.9554681,0.4107888,23
14,-0.03555012,1.095745,0.4126696,24
14,0.08496118,1.53033,0.4550477,25
14,-0.2734917,0.7407265,0.6841526,26
14,-0.1855856,0.7807703,0.4491484,27
14,0.3616025,1.21112,0.5097131,28
14,0.3610181,1.365815,0.6752995,29
14,-0.1307618,0.9712421,0.6354055,30
14,0.2137938,1.497242,0.4873425,31
14,0.4625494,1.197266,0.4573988,32
14,0.2819962,1.429074,0.4108668,33
14,0.486479,1.444968,0.4282771,34
14,0.3433447,1.545276,0.4560385,35
14,-0.09746766,1.228242,0.4072185,36
14,-0.2756942,0.8877759,0.4509944,37
14,0.1823518,1.586779,0.4200116,38
14,0.4378088,1.586583,0.6249223,39
14,0.4690611,1.287445,0.4865957,40
14,-0.0699521,1.480081,0.4104038,41
14,-0.3975077,1.263235,0.5034041,42
14,-0.3921771,0.7227765,0.5275869,43
14,-0.1192146,1.56355,0.4867643,44
14,-0.4540289,1.012446,0.5089002,45
14,-0.2135239,0.6419716,0.393457,46
14,-0.2468116,1.395077,0.5105233,47
14,-0.1319958,1.069153,0.6614507,48
14,0.04472727,1.162,0.4504408,49
14,-0.4909958,0.8741828,0.4290808,50
14,-0.00127694,1.598322,0.4462657,51
14,-0.4383569,0.8005948,0.5312625,52
14,-0.3983076,0.9266863,0.4150519,53
14,-0.4958167,1.310544,0.4443856,54
14,-0.3423207,0.9986584,0.6451721,55
14,-0.447132,1.38687,0.4227815,56
14,-0.4474133,1.120173,0.5516441,57
14,-0.3403243,0.8205705,0.5150952,58
14,-0.34852,1.465042,0.6184574,59
14,-0.4601558,1.49126,0.4988126,60
14,-0.4122945,0.632934,0.4480348,61
14,-0.3107,0.6458412,0.5055416,62
14,-0.3242923,1.346652,0.4378303,63
14,-0.4871224,0.7175024,0.5234034,64
14,-0.2424302,1.505803,0.5435095,65
14,-0.4560703,1.595855,0.4594569,66
14,-0.271665,1.596741,0.3881195,67
14,-0.3640755,1.560142,0.5691902,68
