Case,X,Y,Z,a,v,index
5,-0.4236917,1.379919,0.522157,0
5,-0.3510343,1.262049,0.6095008,1
5,-0.3361703,1.401426,0.6153424,2
5,-0.2401728,1.387114,0.6187442,3
5,-0.2411543,1.5293,0.5115048,4
5,-0.3230801,1.584775,0.6683646,5
5,-0.3627274,1.492598,0.5154511,6
5,-0.4580184,1.515637,0.4396788,7
5,-0.1536907,1.287405,0.4401765,8
5,-0.05333394,1.303264,0.4543017,9
5,-0.05583203,1.143731,0.6264144,10
5,-0.07240149,1.501744,0.5775033,11
5,-0.1364601,1.570014,0.535096,12
5,-0.471402,1.3013,0.5042037,13
5,0.02413112,1.492545,0.5331782,14
5,-0.1672006,1.120064,0.4949959,15
5,0.1189915,1.497894,0.4666616,16
5,0.2345369,1.550643,0.3940289,17
5,0.3629864,1.469936,0.4240146,18
5,0.1232017,1.228761,0.426316,19
5,0.2808809,1.369057,0.5129468,20
5,0.08693916,1.057127,0.5408087,21
5,-0.4637375,1.189993,0.4955522,22
5,-0.1352412,0.9581932,0.6614743,23
5,0.3867007,1.30795,0.6795486,24
5,-0.009540647,1.581754,0.4481981,25
5,0.3399487,1.200396,0.434367,26
5,0.2704908,1.461383,0.5429818,27
5,0.4069086,1.589145,0.3896022,28
5,-0.04334083,0.9708633,0.4138142,29
5,0.2017173,1.167466,0.4240291,30
5,-0.007267088,0.871531,0.5972234,31
5,-0.2159352,0.9983559,0.6607982,32
5,0.09386945,1.591269,0.5196651,33
5,0.02137649,1.193545,0.5336957,34
5,-0.4985571,1.030431,0.5329952,35
5,-0.4144136,0.9731382,0.6108285,36
5,0.0853501,0.9439493,0.643675,37
5,0.4943095,1.555588,0.5235536,38
5,0.4562805,1.378667,0.4212562,39
5,-0.270602,0.8584629,0.500157,40
5,0.2002844,0.9856838,0.558654,41
5,0.4247269,1.155584,0.4119916,42
5,-0.1098399,0.7017295,0.5567741,43
5,-0.3872759,1.125813,0.4654481,44
5,-0.3302666,0.927451,0.5089753,45
5,-0.2691538,0.6720788,0.442216,46
5,-0.3409866,1.028156,0.4781201,47
5,0.006391108,0.7155195,0.398107,48
5,0.008321166,0.6248311,0.4094993,49
5,0.4186081,1.051881,0.5627934,50
5,0.1393548,0.6704996,0.6638197,51
5,0.288992,0.7344834,0.5254875,52
5,-0.09754995,1.06045,0.4321537,53
5,0.3994049,0.9462279,0.54694,54
5,0.3050218,0.9214715,0.4586708,55
5,-0.3435917,0.8035582,0.6527979,56
5,0.3695582,0.8021809,0.453508,57
5,-0.3611657,0.6928428,0.6022314,58
5,-0.4740769,0.823333,0.6526057,59
5,-0.491163,0.6561128,0.5418531,60
5,-0.1638312,0.6028852,0.4799585,61
5,0.207973,0.606837,0.4881757,62
5,0.3568868,0.6285788,0.6666753,63
5,0.4701678,0.8865024,0.588069,64
5,0.4807681,0.7374817,0.6069424,65
5,0.4945419,0.629858,0.450618,66
5,0.1833881,0.7634553,0.4266113,67
