Case,X,Y,Z,a,v,index
29,-0.1152269,1.459708,0.4072339,0
29,0.08639407,1.14352,0.3910455,1
29,-0.2957572,1.355853,0.5544746,2
29,-0.1006594,1.210386,0.3973326,3
29,0.1747785,1.422019,0.4675899,4
29,0.0797019,1.585255,0.5309662,5
29,0.3974426,1.175603,0.5686682,6
29,0.1339665,1.035326,0.4077952,7
29,0.2134618,1.578127,0.4794286,8
29,0.2675947,1.354327,0.5253017,9
29,0.3676519,0.9931097,0.5107281,10
29,-0.1867914,1.375142,0.6528296,11
29,-0.4080095,1.388047,0.6370165,12
29,0.3123724,1.482345,0.4893375,13
29,0.003992617,1.487729,0.427029,14
29,-0.2670633,1.576562,0.4267181,15
29,0.4307281,1.530177,0.4124382,16
29,-0.2237729,0.7959017,0.4569453,17
29,-0.418207,1.518465,0.6006346,18
29,0.422358,1.407844,0.4114803,19
29,-0.3420761,0.8170471,0.4541361,20
29,-0.3194771,1.469309,0.4096249,21
29,-0.005096912,1.042447,0.5745991,22
29,-0.1188856,1.575455,0.38796,23
29,0.4711949,0.8552654,0.6503859,24
29,-0.3687426,1.267335,0.5285429,25
29,-0.3698151,1.004688,0.6453395,26
29,-0.09956709,0.7048731,0.4662734,27
29,0.01950109,1.240084,0.4259951,28
29,-0.3650328,0.6819937,0.5937732,29
29,-0.4998064,0.8295761,0.3914987,30
29,-0.4837612,0.945189,0.6111553,31
29,0.1039754,0.7678976,0.4832188,32
29,-0.4697825,1.084587,0.5166938,33
29,0.08473557,0.6127239,0.4492091,34
29,-0.2064633,0.6379846,0.4764452,35
29,0.4887085,1.049595,0.6321789,36
29,0.2644665,0.6705368,0.6562313,37
29,0.3045452,0.7759336,0.6262598,38
29,-0.4996241,1.242079,0.6528305,39
29,0.3852997,1.299301,0.4926133,40
29,-0.4974052,0.6693391,0.5075035,41
29,0.4931325,1.24607,0.5219443,42
29,0.4408292,0.627739,0.4345421,43
29,0.4145756,0.7570799,0.6371106,44
29,0.3012792,0.8860451,0.4361907,45
29,-0.02699968,0.600678,0.4583929,46
