Case,X,Y,Z,a,v,index
23,-0.04318434,0.9942126,0.429282,0
23,0.04893875,1.192551,0.649488,1
23,0.2411786,0.8545536,0.4756265,2
23,0.4051219,1.14031,0.5169589,3
23,0.4555419,0.8775098,0.4741751,4
23,0.1360509,0.6688324,0.6066757,5
23,0.4383813,0.7071878,0.6088692,6
23,0.08793592,1.059492,0.6165304,7
23,0.4181769,1.012355,0.5366096,8
23,0.3297402,1.295802,0.4702983,9
23,0.3275615,0.6316664,0.3987331,10
23,-0.05099338,0.6060132,0.4221239,11
23,0.4374301,1.477364,0.470706,12
23,0.4594262,1.241617,0.5546703,13
23,-0.068198,1.123165,0.3938264,14
23,0.3293029,0.7627922,0.5407869,15
23,-0.2238823,0.7993555,0.3949305,16
23,0.00819242,1.523032,0.6005863,17
23,0.1183952,1.455125,0.5595617,18
23,-0.1839626,0.646596,0.6407923,19
23,0.02181423,0.7384076,0.4290903,20
23,0.4209535,1.367256,0.580951,21
23,-0.09192592,0.7459952,0.4680057,22
23,0.2480849,1.508151,0.4487573,23
23,0.3852829,1.592826,0.5361797,24
23,-0.1817388,1.461983,0.4630742,25
23,0.2471834,1.396004,0.3948649,26
23,0.1156887,1.596273,0.4413208,27
23,-0.2922724,0.9253495,0.5705344,28
23,-0.4464157,1.068104,0.4325413,29
23,-0.306554,0.6809703,0.485384,30
23,-0.4362023,1.350935,0.50324,31
23,-0.3374475,1.411091,0.5490156,32
23,-0.4397666,1.213608,0.4964289,33
23,-0.4461411,0.9074546,0.491162,34
23,-0.4158199,1.535453,0.5467863,35
23,-0.3893818,0.7747118,0.4128348,36
23,-0.2187116,1.595814,0.5332602,37
23,-0.4364499,0.6165788,0.3963962,38
23,-0.4969251,0.7137784,0.4367564,39
23,-0.09372175,1.57646,0.4156873,40
