Case,X,Y,Z,a,v,index
9,0.3488177,0.778896,0.44704,0
9,0.3008358,0.697028,0.4747982,1
9,0.4347376,0.6616335,0.6639329,2
9,0.4536091,0.8791662,0.4848711,3
9,0.469316,0.7732154,0.5338714,4
9,0.303499,0.6022884,0.406726,5
9,0.4362853,1.009791,0.6121132,6
9,0.4921825,1.09003,0.4789856,7
9,0.2136672,1.06798,0.6154929,8
9,0.4540554,1.203233,0.5915432,9
9,0.3462772,0.8885531,0.4295663,10
9,0.1992872,0.742202,0.4046273,11
9,0.1511558,0.6208963,0.6495305,12
9,0.09459203,0.7237913,0.6392777,13
9,0.3664721,1.22648,0.4578345,14
9,0.01683468,0.6572207,0.5848241,15
9,0.09791124,1.003045,0.6017736,16
9,0.2694829,1.346195,0.4414673,17
9,-0.04950175,0.7397292,0.4085694,18
9,0.4477885,1.34988,0.5006486,19
9,0.05844051,1.102358,0.4901444,20
9,-0.1490551,0.6450445,0.5799289,21
9,-0.05454108,0.9386307,0.6141598,22
9,0.2576457,0.8286129,0.6172804,23
9,-0.1833769,0.7980596,0.6536002,24
9,0.1739385,1.182791,0.4721822,25
9,0.06532264,1.192267,0.4903317,26
9,0.3663334,1.414148,0.4020396,27
9,-0.05846703,1.178781,0.488055,28
9,0.1211624,1.277744,0.6262984,29
9,-0.2739692,0.6033288,0.5464575,30
9,-0.360884,0.802093,0.5433937,31
9,-0.3686657,0.9135329,0.4821307,32
9,-0.271823,0.7781336,0.4616792,33
9,0.3106644,1.544148,0.414854,34
9,-0.07319194,1.089597,0.5280793,35
9,-0.461977,0.9921564,0.4108639,36
9,-0.4426965,0.7587916,0.6630254,37
9,-0.4118688,1.141658,0.480917,38
9,0.4530125,1.510748,0.4797271,39
9,-0.3675558,0.6743289,0.5169169,40
9,-0.4503772,0.6142411,0.4176568,41
9,0.4054822,1.590431,0.4956086,42
9,0.4940095,1.42846,0.3952415,43
9,-0.4615832,0.8611921,0.4596246,44
9,-0.1720218,1.029858,0.5069758,45
9,-0.1882941,1.121469,0.4315165,46
9,-0.005484343,1.017635,0.462501,47
9,-0.4927758,1.080562,0.5908209,48
9,-0.129785,1.282464,0.5086613,49
9,0.1338615,1.55652,0.5045684,50
9,0.05117142,1.337271,0.4361755,51
9,0.2737904,1.451555,0.5837803,52
9,0.2217969,1.588822,0.510016,53
9,-0.0623205,1.34612,0.4905307,54
9,-0.3465214,1.333844,0.4634542,55
9,-0.3321229,1.441937,0.4457361,56
9,-0.03568828,1.524695,0.5290546,57
9,-0.3659637,1.221476,0.4032651,58
9,-0.4825236,1.350485,0.5038999,59
9,-0.2203856,1.46721,0.6240067,60
9,-0.4825652,1.23419,0.4940561,61
9,-0.1104492,1.58437,0.4737408,62
9,-0.2681144,1.55238,0.5283527,63
9,0.02951533,1.593865,0.4668546,64
9,-0.4725565,1.452929,0.5845554,65
9,-0.4162961,1.582988,0.4662515,66
9,-0.1087166,1.461608,0.6609727,67
