Case,X,Y,Z,a,v,index
24,0.3399369,1.216096,0.4547189,0
24,0.06045675,1.242463,0.5752813,1
24,0.09575808,1.128646,0.4418034,2
24,-0.04675952,1.160851,0.5310907,3
24,0.324496,0.9866744,0.4049169,4
24,0.1130248,0.7565259,0.4394217,5
24,0.4371348,1.323224,0.6042547,6
24,0.01219052,0.993651,0.4888419,7
24,0.4899578,1.448773,0.4631648,8
24,-0.08088779,0.7157208,0.423597,9
24,0.2798242,1.393262,0.5701542,10
24,0.4326222,1.079491,0.5255928,11
24,0.231475,1.499813,0.619314,12
24,0.1813222,0.66944,0.5663548,13
24,0.2114862,0.8323228,0.3905287,14
24,0.347777,1.531862,0.4875309,15
24,0.04579347,0.6181342,0.518345,16
24,0.3789772,0.7554146,0.5242299,17
24,0.4534262,0.9606633,0.669629,18
24,-0.1630268,0.6355991,0.4474111,19
24,0.4731272,1.594054,0.5219173,20
24,0.3481997,0.8743489,0.6737996,21
24,-0.09415591,1.049701,0.413545,22
24,-0.3062166,0.7568684,0.5783821,23
24,0.09968913,1.580411,0.4445129,24
24,-0.01366416,1.448282,0.4896879,25
24,0.4947066,0.8434402,0.4088763,26
24,0.4692273,0.666739,0.6132425,27
24,0.3015789,0.6701624,0.6718892,28
24,-0.2236644,1.392837,0.493298,29
24,-0.3491482,0.8810123,0.4513721,30
24,-0.08311296,1.559227,0.4833757,31
24,0.4901053,1.173903,0.6823125,32
24,-0.4858206,0.7401143,0.6059693,33
24,-0.4827951,0.8773026,0.6645098,34
24,-0.3259304,1.586941,0.4256834,35
24,-0.3852929,0.6316778,0.5764343,36
24,-0.4429477,1.002318,0.6154591,37
24,-0.4158984,1.272499,0.4929003,38
24,-0.4854766,1.113615,0.5807346,39
24,-0.2744391,0.6213977,0.6523337,40
24,-0.3660442,1.457761,0.4562889,41
24,-0.2118069,1.579481,0.3923732,42
24,-0.4868219,1.46849,0.4184723,43
24,-0.4970936,0.6127017,0.4493729,44
24,-0.3013878,1.302453,0.4190355,45
