Case,X,Y,Z,a,v,index
15,-0.2514899,1.049975,0.4682541,0
15,-0.3765767,1.028103,0.5844604,1
15,-0.3250244,0.8787388,0.6629845,2
15,-0.157049,1.030898,0.5370519,3
15,-0.1188707,1.159069,0.6702036,4
15,-0.1783729,0.735019,0.4724889,5
15,-0.05221164,0.7472163,0.4374717,6
15,-0.2727329,0.7722988,0.5969385,7
15,-0.03257033,0.6362029,0.6211227,8
15,0.03165966,0.9217459,0.6529471,9
15,0.1362704,1.04142,0.5733888,10
15,-0.1142328,0.9452485,0.5083911,11
15,-0.3140677,0.6624167,0.5332396,12
15,0.04417622,0.7052257,0.4266394,13
15,-0.347742,1.177143,0.4903593,14
15,-0.2290961,0.6047928,0.3972159,15
15,-0.4668721,1.117046,0.3931775,16
15,-0.1186628,0.6642889,0.5343068,17
15,-0.4575211,0.9523044,0.5837708,18
15,-0.4395212,1.216139,0.4338148,19
15,-0.3731313,1.356198,0.5166165,20
15,-0.0008679628,1.059167,0.5183476,21
15,-0.4240541,0.6564543,0.4482504,22
15,-0.4945323,1.341327,0.4835003,23
15,-0.4334149,0.8223709,0.4434022,24
15,0.1885309,0.9556372,0.4043718,25
15,0.2384646,1.094679,0.5873817,26
15,-0.1436331,1.287358,0.4588775,27
15,-0.2283081,1.457681,0.4488618,28
15,-0.3745559,0.75365,0.5994914,29
15,-0.2862582,1.307155,0.4111717,30
15,0.2101701,0.7263932,0.4379818,31
15,-0.4962783,0.7370754,0.4002081,32
15,-0.3908693,1.468725,0.3976395,33
15,-0.4002871,1.566301,0.5618101,34
15,0.1451737,0.6356013,0.4399476,35
15,-0.02644148,1.174369,0.4888263,36
15,-0.4839745,1.515025,0.4028431,37
15,0.2772475,0.8576009,0.4473331,38
15,-0.2826103,1.538617,0.5379778,39
15,0.141388,1.22203,0.4643593,40
15,-0.05218831,1.287675,0.6266252,41
15,0.2643947,0.6420445,0.482286,42
15,-0.1180031,1.551017,0.5247073,43
15,0.07734817,1.126274,0.5333416,44
15,0.3323783,1.18156,0.3957768,45
15,0.4964567,1.112132,0.5171803,46
15,0.3624989,1.282096,0.4174834,47
15,0.04661661,1.25694,0.4508434,48
15,0.1316653,1.313992,0.598846,49
15,0.2098472,1.413127,0.42999,50
15,0.1517617,1.546405,0.4670355,51
15,0.3769392,1.445287,0.4826341,52
15,0.3833847,1.101083,0.4263219,53
15,0.3806496,0.9001234,0.5219088,54
15,0.372864,0.7713265,0.5720785,55
15,0.4235351,0.6814964,0.4414763,56
15,0.02697742,1.519258,0.5362148,57
15,-0.2063714,1.598393,0.484583,58
15,0.4374571,1.333073,0.4732416,59
15,0.4867771,0.9063942,0.4851328,60
15,0.4833586,1.225502,0.477682,61
15,0.4841002,0.9981059,0.5807956,62
15,0.4587163,0.8060363,0.6212541,63
15,0.2646864,1.556109,0.4501448,64
15,0.3944745,1.006539,0.5042195,65
15,0.4396834,1.512322,0.681312,66
15,0.3551027,1.563716,0.4324283,67
15,0.4893495,1.423521,0.3950366,68
