Case,X,Y,Z,a,v,index
8,-0.3458372,1.34005,0.6524066,0
8,-0.4034975,1.438043,0.5368245,1
8,-0.2210229,1.252571,0.6403708,2
8,-0.2234449,1.139754,0.4068206,3
8,-0.3629966,1.547799,0.4137118,4
8,-0.3263729,1.170487,0.5713692,5
8,-0.3106747,1.453125,0.5967839,6
8,-0.1876021,1.374695,0.5121204,7
8,-0.434588,1.253718,0.527433,8
8,-0.481371,1.346345,0.5611219,9
8,-0.1214565,1.143061,0.6684672,10
8,-0.3765599,1.061554,0.4238258,11
8,-0.4696719,1.162914,0.4323411,12
8,-0.1314842,1.051242,0.6300473,13
8,0.01798838,1.112967,0.6011009,14
8,-0.1990624,0.9465977,0.5119077,15
8,-0.46455,1.549123,0.4719839,16
8,-0.3628358,0.8663869,0.5365645,17
8,0.1327474,1.145534,0.6669366,18
8,-0.03909609,1.015933,0.5840683,19
8,-0.0005242527,1.517046,0.4297234,20
8,0.07508183,1.251856,0.4134611,21
8,-0.4600436,0.9263271,0.497415,22
8,0.06344026,0.9957095,0.4454465,23
8,-0.4929889,1.456939,0.5841994,24
8,-0.06884298,1.276343,0.5362915,25
8,-0.4636094,0.749092,0.4153857,26
8,-0.161178,1.53544,0.5269524,27
8,-0.3400123,0.652235,0.6192212,28
8,-0.3642945,0.7491822,0.6650362,29
8,0.2070844,1.030413,0.5374787,30
8,0.09054881,1.475584,0.4484289,31
8,0.2889305,0.9156278,0.5050346,32
8,-0.2217135,0.6874443,0.4558898,33
8,0.2499607,1.152338,0.3968842,34
8,-0.271061,1.569584,0.4824143,35
8,-0.01350144,1.204941,0.4235702,36
8,-0.1223787,0.8903338,0.4554883,37
8,-0.4927061,1.075637,0.5427524,38
8,-0.4341244,0.6346959,0.495721,39
8,0.07739168,1.577726,0.4937907,40
8,-0.1257834,1.440262,0.5044631,41
8,0.3622563,1.071604,0.4939639,42
8,0.2348415,0.8025746,0.4505988,43
8,0.4662862,0.9684478,0.6631176,44
8,0.4490998,0.8749988,0.4458729,45
8,-0.2705262,0.8253342,0.4812322,46
8,0.1950276,1.453938,0.5250171,47
8,0.4645781,1.127269,0.5025182,48
8,0.2048156,0.7148217,0.4155518,49
8,0.1868493,1.568223,0.5187533,50
8,0.1889755,1.221253,0.4763592,51
8,0.3776906,0.7358972,0.4517958,52
8,-0.07403904,0.7198348,0.4436626,53
8,0.2808518,1.293569,0.4527541,54
8,0.3331667,0.8164567,0.5661002,55
8,-0.07380074,0.6130551,0.5109094,56
8,0.3597055,1.420712,0.6593258,57
8,0.352183,0.6455948,0.4325327,58
8,0.4926065,1.278237,0.4922746,59
8,0.4458382,1.550118,0.5093179,60
8,0.342128,1.559139,0.4972724,61
8,-0.07970515,1.597633,0.4231408,62
8,0.04744184,0.654357,0.6356699,63
8,0.2439999,0.6294937,0.5077373,64
8,0.4939827,0.7944577,0.5220456,65
8,0.4795541,0.6492746,0.4864099,66
8,0.4879236,1.444523,0.4600242,67
8,0.4114022,1.33564,0.4371882,68
8,0.3683658,0.9649266,0.4550571,69
8,0.1412664,0.6238554,0.4056348,70
