Case,X,Y,Z,a,v,index
24,0.3399369,1.216096,0.4157457,0
24,0.06045675,1.242463,0.6467317,1
24,0.09575808,1.128646,0.5805556,2
24,-0.04675952,1.160851,0.4125999,3
24,0.324496,0.9866744,0.680383,4
24,0.1130248,0.7565259,0.6009896,5
24,0.4371348,1.323224,0.6494075,6
24,0.01219052,0.993651,0.5971448,7
24,0.4899578,1.448773,0.5035081,8
24,-0.08088779,0.7157208,0.4833116,9
24,0.2798242,1.393262,0.4876362,10
24,0.4326222,1.079491,0.5345591,11
24,0.231475,1.499813,0.418228,12
24,0.1813222,0.66944,0.4916679,13
24,0.2114862,0.8323228,0.4082858,14
24,0.347777,1.531862,0.4351487,15
24,0.04579347,0.6181342,0.5868465,16
24,0.3789772,0.7554146,0.3995571,17
24,0.4534262,0.9606633,0.4150316,18
24,-0.1630268,0.6355991,0.6630356,19
24,0.4731272,1.594054,0.6845105,20
24,0.3481997,0.8743489,0.4261146,21
24,-0.09415591,1.049701,0.3890387,22
24,-0.3062166,0.7568684,0.4855489,23
24,0.09968913,1.580411,0.6373309,24
24,-0.01366416,1.448282,0.4764576,25
24,0.4947066,0.8434402,0.6366825,26
24,0.4692273,0.666739,0.5152839,27
24,0.3015789,0.6701624,0.6637665,28
24,-0.2236644,1.392837,0.4387543,29
24,-0.3491482,0.8810123,0.5517157,30
24,-0.08311296,1.559227,0.6784796,31
24,0.4901053,1.173903,0.6677221,32
24,-0.4858206,0.7401143,0.5868001,33
24,-0.4827951,0.8773026,0.5088893,34
24,-0.3259304,1.586941,0.4759227,35
24,-0.3852929,0.6316778,0.6602917,36
24,-0.4429477,1.002318,0.446645,37
24,-0.4158984,1.272499,0.4873219,38
24,-0.4854766,1.113615,0.6091338,39
24,-0.2744391,0.6213977,0.5939958,40
24,-0.3660442,1.457761,0.4044447,41
24,-0.2118069,1.579481,0.4760517,42
24,-0.4868219,1.46849,0.5322781,43
24,-0.4970936,0.6127017,0.5022736,44
24,-0.3013878,1.302453,0.4030478,45
