Case,X,Y,Z,a,v,index
25,-0.2139462,1.558106,0.5354594,0
25,-0.312893,1.363231,0.6590062,1
25,-0.1634072,1.425771,0.5173118,2
25,-0.3818776,1.513147,0.4905289,3
25,-0.4139592,1.297595,0.632603,4
25,-0.4787642,1.571647,0.5160259,5
25,-0.4879319,1.119081,0.4445783,6
25,-0.02884799,1.574603,0.6825036,7
25,-0.3709755,1.188385,0.4958321,8
25,-0.1203653,1.13903,0.6209824,9
25,0.07355362,1.051338,0.4621473,10
25,-0.347259,1.022236,0.4125438,11
25,-0.4823675,1.454529,0.6462458,12
25,0.008552849,1.213364,0.474783,13
25,-0.04575506,0.9980557,0.4563029,14
25,0.1665425,1.538146,0.5579685,15
25,3.385544E-05,1.447765,0.5334092,16
25,-0.3680019,0.8980531,0.5188296,17
25,-0.4881732,0.9372178,0.5113757,18
25,-0.3772328,0.7559019,0.5266796,19
25,-0.2645843,0.8185373,0.6179433,20
25,-0.2186997,0.6059503,0.4374133,21
25,0.2025394,0.7262005,0.6431974,22
25,0.411364,0.7432996,0.4103112,23
25,0.03496486,0.646644,0.5835587,24
25,-0.1395552,0.7348905,0.5274817,25
25,0.1429704,0.6020206,0.552014,26
25,-0.3421207,0.6203352,0.4354071,27
25,0.2671021,1.491992,0.4539214,28
25,0.3027369,0.8099682,0.4594411,29
25,0.4015216,0.8833902,0.4132946,30
25,0.3538025,1.033955,0.4003561,31
25,0.3916457,1.46385,0.4429305,32
25,0.4734548,1.088447,0.5277951,33
25,0.3053972,0.640545,0.4374984,34
25,0.324824,1.224478,0.4580057,35
25,0.4673586,1.296658,0.4254422,36
25,0.3530414,1.359789,0.4684319,37
25,-0.4988022,0.6248736,0.6176396,38
25,0.4886268,0.6160533,0.4857044,39
25,0.3725733,1.594157,0.5505534,40
25,-0.478303,0.81604,0.4527357,41
25,0.4835764,1.567441,0.5687468,42
