Case,X,Y,Z,a,v,index
2,0.05079788,1.308148,0.4656661,0
2,0.1459917,1.241543,0.4430414,1
2,0.1693931,1.078866,0.5541134,2
2,-0.0791142,1.223945,0.5344827,3
2,0.07027918,0.9611352,0.5262172,4
2,-0.09468779,1.316744,0.3897344,5
2,-0.07863191,1.090083,0.40063,6
2,0.3448468,1.323277,0.6369791,7
2,0.1690649,0.9452651,0.646994,8
2,0.04739827,1.205556,0.5178137,9
2,0.06696564,1.10451,0.6314821,10
2,0.1252836,1.543598,0.5797275,11
2,-0.1906662,1.095382,0.4868334,12
2,0.3551239,1.467647,0.4979639,13
2,0.2571737,1.436243,0.5294612,14
2,0.22158,1.537907,0.502225,15
2,-0.1890076,0.9789701,0.6108801,16
2,0.3145724,0.8551703,0.4807785,17
2,0.4381212,1.105805,0.5136206,18
2,0.03310418,1.59417,0.3899428,19
2,0.4954886,1.367148,0.4262904,20
2,0.3629673,0.9336675,0.6330617,21
2,-0.07003108,0.9964809,0.4385789,22
2,0.4765726,1.520358,0.5088105,23
2,0.3246013,1.554535,0.4774827,24
2,0.4103707,1.017673,0.6830181,25
2,0.4157097,1.208416,0.6449336,26
2,-0.05328238,1.432814,0.5600613,27
2,0.1747215,0.6907867,0.4776471,28
2,-0.2765987,1.434675,0.5530427,29
2,0.2005388,1.16468,0.4978224,30
2,-0.4699368,1.039769,0.4210328,31
2,0.3933087,0.8013205,0.4263382,32
2,-0.1685671,1.468921,0.5563778,33
2,-0.347912,1.167507,0.6461095,34
2,0.2746617,0.7620283,0.6326458,35
2,-0.3304916,1.520158,0.4327813,36
2,-0.1214219,0.8968913,0.4959497,37
2,-0.3169752,1.280689,0.4148095,38
2,-0.08816075,1.55222,0.4664509,39
2,-0.3481826,0.9532686,0.5773166,40
2,0.03939092,1.449044,0.6642187,41
2,0.08432215,0.7112563,0.4242059,42
2,-0.4401827,1.58776,0.5927048,43
2,0.4561779,0.9181718,0.4880221,44
2,0.4785457,0.7720386,0.6402678,45
2,-0.2407038,1.541528,0.3935638,46
2,-0.4053341,1.378944,0.4267336,47
2,0.4135481,0.6522281,0.3965699,48
2,-0.4351551,1.492505,0.468782,49
2,-0.2902859,0.8763486,0.4686976,50
2,0.3218424,0.6032621,0.4417228,51
2,-0.3832163,0.7834972,0.4028251,52
2,-0.4756298,1.290986,0.5686008,53
2,-0.1776757,1.235185,0.4975242,54
2,-0.484624,1.169293,0.510665,55
2,-0.07033187,0.6573662,0.6454127,56
2,-0.4707502,0.9165218,0.4713964,57
2,-0.4929003,0.7798056,0.5650845,58
2,0.01394135,0.6228281,0.6259867,59
2,-0.2207002,0.7783105,0.4319485,60
2,-0.2913744,0.7142367,0.4290867,61
2,-0.1404151,0.7312087,0.4371891,62
2,-0.1889148,0.6383536,0.6260417,63
2,-0.4394311,0.6377807,0.4525451,64
2,-0.2761074,0.6109136,0.4564285,65
2,-0.0189079,0.910104,0.3893924,66
