Case,X,Y,Z,a,v,index
4,0.3928602,0.9319798,0.4374401,0
4,0.3870795,1.095788,0.4235446,1
4,0.4171665,0.8068701,0.436114,2
4,0.4844628,1.198757,0.4610002,3
4,0.3665894,1.248484,0.5238795,4
4,0.4995946,1.094292,0.5411419,5
4,0.3406392,1.370426,0.4462063,6
4,0.3533887,1.460254,0.467671,7
4,0.2779704,1.287637,0.3971061,8
4,0.4577059,1.284877,0.4569945,9
4,0.4731413,0.9768555,0.5233388,10
4,0.1951841,1.091925,0.3876399,11
4,0.1532867,1.190755,0.4021582,12
4,0.222015,1.447513,0.4929113,13
4,0.1834417,0.955593,0.4854488,14
4,0.4814941,1.373415,0.4495281,15
4,0.08935606,1.486865,0.454721,16
4,0.2759793,1.562228,0.4753107,17
4,0.05329329,1.271901,0.549536,18
4,0.06112123,1.04604,0.4925849,19
4,0.4321125,1.512334,0.6158013,20
4,0.04607958,0.8756838,0.542581,21
4,0.1697345,1.593564,0.483274,22
4,-0.006830394,1.173457,0.3929434,23
4,0.364178,1.586135,0.4283566,24
4,-0.09587669,1.270222,0.4768247,25
4,0.2156248,0.8118621,0.4960439,26
4,0.1674726,0.6480886,0.5472811,27
4,0.09865314,0.7440937,0.419098,28
4,-0.126202,1.161137,0.3881774,29
4,0.07942116,0.6221603,0.4569867,30
4,0.477481,0.6392059,0.6335744,31
4,0.4214007,0.7166036,0.4621034,32
4,0.3175611,0.8377501,0.3905099,33
4,0.01867467,1.553024,0.412447,34
4,0.35583,0.6402331,0.6842189,35
4,-0.07558656,1.028015,0.5001791,36
4,-0.05707234,1.491649,0.4127473,37
4,0.2728764,0.7059397,0.671619,38
4,-0.1807685,1.017952,0.4505325,39
4,-0.008920401,0.7009346,0.4840617,40
4,-0.3394679,1.238357,0.3971886,41
4,-0.1998626,1.526071,0.4982308,42
4,-0.3262774,1.333005,0.4850865,43
4,-0.1624483,0.7004294,0.511631,44
4,-0.003245026,0.9687978,0.4805286,45
4,-0.05698285,0.6232783,0.4237615,46
4,-0.3911032,0.8021678,0.4262059,47
4,-0.3685863,1.058924,0.4134867,48
4,-0.2979271,0.61435,0.5811125,49
4,-0.06178674,0.7834869,0.4749479,50
4,-0.3805791,0.9324174,0.6405054,51
4,-0.1330408,1.594822,0.4723429,52
4,-0.4479376,1.013614,0.4440552,53
4,-0.2860168,1.552818,0.5369325,54
4,-0.3984408,1.159038,0.6636158,55
4,-0.2963307,1.440388,0.5227752,56
4,-0.4727394,0.9153337,0.3945467,57
4,-0.4393538,1.595273,0.5011357,58
4,-0.3647738,0.7074432,0.480808,59
4,-0.2845776,0.7512997,0.5368276,60
4,-0.4689756,1.27928,0.6081422,61
4,-0.4934732,0.6705472,0.456662,62
4,-0.4886606,0.805245,0.4943121,63
4,-0.4916692,1.094366,0.6684146,64
4,-0.4416841,1.431305,0.4342032,65
4,-0.4026059,0.6243059,0.6639349,66
4,-0.1953973,0.6158762,0.4917545,67
4,-0.179695,1.429937,0.4969689,68
4,0.2566507,0.6067536,0.5119367,69
