Case,X,Y,Z,a,v,index
8,-0.3458372,1.34005,0.5123795,0
8,-0.4034975,1.438043,0.6158261,1
8,-0.2210229,1.252571,0.4823096,2
8,-0.2234449,1.139754,0.5511947,3
8,-0.3629966,1.547799,0.5666724,4
8,-0.3263729,1.170487,0.4758054,5
8,-0.3106747,1.453125,0.5856591,6
8,-0.1876021,1.374695,0.4152004,7
8,-0.434588,1.253718,0.4679545,8
8,-0.481371,1.346345,0.4189252,9
8,-0.1214565,1.143061,0.4846137,10
8,-0.3765599,1.061554,0.4141675,11
8,-0.4696719,1.162914,0.4530095,12
8,-0.1314842,1.051242,0.4236285,13
8,0.01798838,1.112967,0.4422808,14
8,-0.1990624,0.9465977,0.4920502,15
8,-0.46455,1.549123,0.6192121,16
8,-0.3628358,0.8663869,0.5120687,17
8,0.1327474,1.145534,0.5233576,18
8,-0.03909609,1.015933,0.6690217,19
8,-0.0005242527,1.517046,0.5284955,20
8,0.07508183,1.251856,0.6474638,21
8,-0.4600436,0.9263271,0.625658,22
8,0.06344026,0.9957095,0.4087985,23
8,-0.4929889,1.456939,0.4179441,24
8,-0.06884298,1.276343,0.4194325,25
8,-0.4636094,0.749092,0.4977401,26
8,-0.161178,1.53544,0.6597142,27
8,-0.3400123,0.652235,0.4376625,28
8,-0.3642945,0.7491822,0.5221056,29
8,0.2070844,1.030413,0.6379018,30
8,0.09054881,1.475584,0.6064764,31
8,0.2889305,0.9156278,0.533433,32
8,-0.2217135,0.6874443,0.3908408,33
8,0.2499607,1.152338,0.4474611,34
8,-0.271061,1.569584,0.3968316,35
8,-0.01350144,1.204941,0.584223,36
8,-0.1223787,0.8903338,0.4306116,37
8,-0.4927061,1.075637,0.4792872,38
8,-0.4341244,0.6346959,0.4476245,39
8,0.07739168,1.577726,0.4177793,40
8,-0.1257834,1.440262,0.5697899,41
8,0.3622563,1.071604,0.4797981,42
8,0.2348415,0.8025746,0.6310748,43
8,0.4662862,0.9684478,0.5204495,44
8,0.4490998,0.8749988,0.4443811,45
8,-0.2705262,0.8253342,0.636254,46
8,0.1950276,1.453938,0.6099091,47
8,0.4645781,1.127269,0.6558309,48
8,0.2048156,0.7148217,0.4088792,49
8,0.1868493,1.568223,0.4768603,50
8,0.1889755,1.221253,0.4095357,51
8,0.3776906,0.7358972,0.546118,52
8,-0.07403904,0.7198348,0.5797642,53
8,0.2808518,1.293569,0.6269472,54
8,0.3331667,0.8164567,0.6090093,55
8,-0.07380074,0.6130551,0.6557292,56
8,0.3597055,1.420712,0.6432763,57
8,0.352183,0.6455948,0.5368416,58
8,0.4926065,1.278237,0.4258381,59
8,0.4458382,1.550118,0.4643666,60
8,0.342128,1.559139,0.5230508,61
8,-0.07970515,1.597633,0.5364156,62
8,0.04744184,0.654357,0.4575757,63
8,0.2439999,0.6294937,0.4591351,64
8,0.4939827,0.7944577,0.5937031,65
8,0.4795541,0.6492746,0.5677387,66
8,0.4879236,1.444523,0.4759298,67
8,0.4114022,1.33564,0.552815,68
8,0.3683658,0.9649266,0.4291783,69
8,0.1412664,0.6238554,0.6408398,70
