Case,X,Y,Z,a,v,index
17,-0.2780068,1.470732,0.5012687,0
17,-0.3191495,1.34453,0.4506474,1
17,-0.4779992,1.541077,0.6050596,2
17,-0.2719156,1.589713,0.5062188,3
17,-0.4088144,1.447086,0.4882369,4
17,-0.1559264,1.556402,0.5146151,5
17,-0.1529751,1.429497,0.4893897,6
17,-0.4471014,1.266195,0.4721485,7
17,-0.396771,1.159251,0.6257353,8
17,0.05855238,1.58949,0.3926402,9
17,-0.08360159,1.214856,0.3957452,10
17,-0.01573643,1.493653,0.6462497,11
17,-0.4964016,1.072494,0.446022,12
17,0.1883995,1.568918,0.3978305,13
17,-0.3531768,1.054007,0.5087434,14
17,-0.4945068,1.367984,0.417823,15
17,-0.116456,1.015527,0.4498636,16
17,0.03971308,1.153224,0.4568057,17
17,-0.01982215,0.955097,0.5243351,18
17,-0.4473267,0.9350852,0.409484,19
17,0.1005943,1.451986,0.4950311,20
17,-0.2611245,0.8642624,0.4077678,21
17,0.1333507,1.009739,0.4883957,22
17,0.217596,1.420658,0.5014437,23
17,0.3763959,1.547666,0.4896548,24
17,0.3501114,1.230271,0.6691893,25
17,-0.1402781,0.701728,0.4798598,26
17,-0.4314097,0.7761112,0.6674937,27
17,0.02652007,0.7307147,0.406159,28
17,0.1373619,0.7408451,0.6177938,29
17,0.208514,0.642377,0.5017664,30
17,0.3904971,1.434248,0.4150083,31
17,-0.2734228,0.7546922,0.4534807,32
17,0.4856389,1.162052,0.526589,33
17,-0.01060444,0.6132415,0.4801416,34
17,0.3890041,0.7041485,0.5280426,35
17,0.4880969,0.6285436,0.4771889,36
17,0.333151,0.9140787,0.3955879,37
17,-0.397907,0.6199264,0.5159391,38
17,0.386224,1.100352,0.4296786,39
17,0.4374813,0.8487814,0.583286,40
17,-0.2563644,0.6340743,0.648921,41
17,0.4807322,1.024816,0.4010763,42
17,0.3039011,0.7754599,0.55451,43
17,0.4820269,1.342244,0.4230023,44
17,0.4955317,1.585192,0.5126116,45
