Case,X,Y,Z,a,v,index
22,-0.4512751,0.8891097,0.4622681,0
22,-0.4284178,0.9991384,0.5765556,1
22,-0.3900135,1.180639,0.625809,2
22,-0.4094281,1.307068,0.6130011,3
22,-0.3007981,0.8908958,0.4688677,4
22,-0.3099414,1.368162,0.5314661,5
22,-0.3859128,0.7754269,0.5050503,6
22,-0.3256114,0.6419181,0.4623555,7
22,-0.05527267,1.178871,0.6733409,8
22,0.01678163,1.079205,0.5180012,9
22,-0.2511931,0.770799,0.5176741,10
22,-0.1653779,1.466244,0.5718077,11
22,0.1403272,1.154643,0.614839,12
22,-0.4862301,0.6625152,0.5460609,13
22,0.04512173,1.227386,0.4038512,14
22,-0.1144693,1.052389,0.6382557,15
22,-0.02249545,1.493781,0.5198451,16
22,-0.1191965,0.6047921,0.444565,17
22,-0.4123527,1.51706,0.4763381,18
22,-0.1066378,0.7231603,0.4301045,19
22,0.0418278,0.6670396,0.4930434,20
22,0.1505885,1.481281,0.4799151,21
22,0.3374889,1.39797,0.4954372,22
22,-0.2447497,1.557319,0.4748639,23
22,0.1266304,0.7709303,0.5905225,24
22,0.1755745,0.6673403,0.5006614,25
22,0.3413255,1.568191,0.604697,26
22,0.0342465,1.593977,0.4864392,27
22,0.2660382,0.772312,0.3908779,28
22,0.3426709,1.01746,0.3985511,29
22,0.1577493,1.59708,0.527769,30
22,0.3897439,0.6955571,0.5084953,31
22,0.459448,0.8848189,0.5829734,32
22,0.3794029,1.256297,0.5811267,33
22,0.4912478,1.072582,0.4884058,34
22,0.303413,0.6001944,0.6723574,35
22,-0.1229964,1.578539,0.5167432,36
22,0.4795337,1.564472,0.625196,37
22,0.3569711,0.8379015,0.5323151,38
22,0.4356753,1.451411,0.6592784,39
22,0.4677022,1.344179,0.5095579,40
22,0.3855085,1.133822,0.3881845,41
