Case,X,Y,Z,modeSelected
36,0.1936175,0.9749859,0.4754806,longPress
