Case,X,Y,Z,a,v,index
33,-0.3197303,0.6194752,0.4952512,0
33,-0.2087148,0.6101577,0.503258,1
33,-0.2570816,0.7980679,0.3946884,2
33,-0.4690032,0.7035824,0.3916723,3
33,-0.0624736,0.6044362,0.402576,4
33,0.05628341,0.6324747,0.4409527,5
33,-0.1454047,0.7282166,0.5500707,6
33,-0.3799525,0.8175563,0.4064779,7
33,-0.00446102,0.7480824,0.4245456,8
33,-0.02904853,0.9619017,0.5559927,9
33,0.04199016,1.132201,0.5205153,10
33,-0.09693056,1.048947,0.6006516,11
33,-0.4669473,0.888384,0.623323,12
33,0.1763592,0.6927515,0.5547144,13
33,0.1357405,1.063312,0.4818361,14
33,0.2421894,0.8051753,0.485828,15
33,0.3385248,1.003764,0.622721,16
33,-0.3852154,0.9737144,0.5131478,17
33,-0.4813076,1.145322,0.6247045,18
33,-0.4830022,1.026774,0.5205119,19
33,-0.05220798,1.223658,0.4095835,20
33,0.3857364,0.7432073,0.52453,21
33,-0.06575927,1.471786,0.5346611,22
33,0.2772986,0.9111686,0.3902611,23
33,0.0461691,1.477745,0.3910527,24
33,0.1881331,1.435242,0.657836,25
33,-0.05229598,1.587889,0.4440093,26
33,0.431295,0.8449447,0.4642621,27
33,-0.2369038,1.430692,0.4627017,28
33,-0.3618361,1.267425,0.4641308,29
33,0.3197973,1.405741,0.3983279,30
33,0.297629,0.6198196,0.4691548,31
33,0.1581602,1.557489,0.4754785,32
33,-0.2277676,1.585827,0.4343822,33
33,0.4473408,1.089912,0.4825255,34
33,-0.3464934,1.466601,0.4674304,35
33,0.4660434,1.202582,0.5820736,36
33,-0.466611,1.316482,0.4790282,37
33,0.4438223,0.6372915,0.3970753,38
33,-0.4563255,1.553414,0.5491204,39
33,-0.4967608,1.444587,0.4489317,40
33,-0.3451278,1.590344,0.4240756,41
33,0.3506388,1.560984,0.4706351,42
33,0.4849116,1.592799,0.4868488,43
33,0.4533786,1.38444,0.4484566,44
33,0.4554065,0.9736408,0.4213077,45
