Case,X,Y,Z,a,v,index
24,0.3488177,0.778896,0.5703747,0
24,0.3008358,0.697028,0.4194718,1
24,0.4347376,0.6616335,0.5226051,2
24,0.4536091,0.8791662,0.4707127,3
24,0.469316,0.7732154,0.5255483,4
24,0.303499,0.6022884,0.5911104,5
24,0.4362853,1.009791,0.4940417,6
24,0.4921825,1.09003,0.5083018,7
24,0.2136672,1.06798,0.4328623,8
24,0.4540554,1.203233,0.4850935,9
24,0.3462772,0.8885531,0.5061803,10
24,0.1992872,0.742202,0.5340798,11
24,0.1511558,0.6208963,0.5494756,12
24,0.09459203,0.7237913,0.5090605,13
24,0.3664721,1.22648,0.539996,14
24,0.01683468,0.6572207,0.3968011,15
24,0.09791124,1.003045,0.5295069,16
24,0.2694829,1.346195,0.3949935,17
24,-0.04950175,0.7397292,0.4001532,18
24,0.4477885,1.34988,0.4627613,19
24,0.05844051,1.102358,0.634608,20
24,-0.1490551,0.6450445,0.4713554,21
24,-0.05454108,0.9386307,0.5304674,22
24,0.2576457,0.8286129,0.4475663,23
24,-0.1833769,0.7980596,0.4479777,24
24,0.1739385,1.182791,0.4987466,25
24,0.06532264,1.192267,0.4806992,26
24,0.3663334,1.414148,0.6826463,27
24,-0.05846703,1.178781,0.6014313,28
24,0.1211624,1.277744,0.4852209,29
24,-0.2739692,0.6033288,0.5685914,30
24,-0.360884,0.802093,0.5291854,31
24,-0.3686657,0.9135329,0.6430953,32
24,-0.271823,0.7781336,0.4989882,33
24,0.3106644,1.544148,0.529309,34
24,-0.07319194,1.089597,0.5637718,35
24,-0.461977,0.9921564,0.6698499,36
24,-0.4426965,0.7587916,0.4327047,37
24,-0.4118688,1.141658,0.479284,38
24,0.4530125,1.510748,0.3936086,39
24,-0.3675558,0.6743289,0.4459178,40
24,-0.4503772,0.6142411,0.5608482,41
24,0.4054822,1.590431,0.6085462,42
24,0.4940095,1.42846,0.4594937,43
24,-0.4615832,0.8611921,0.4275708,44
24,-0.1720218,1.029858,0.6077372,45
24,-0.1882941,1.121469,0.4468874,46
24,-0.005484343,1.017635,0.4349324,47
24,-0.4927758,1.080562,0.5756039,48
24,-0.129785,1.282464,0.5761726,49
24,0.1338615,1.55652,0.6231133,50
24,0.05117142,1.337271,0.5265201,51
24,0.2737904,1.451555,0.6057578,52
24,0.2217969,1.588822,0.5026158,53
24,-0.0623205,1.34612,0.5153136,54
24,-0.3465214,1.333844,0.4918861,55
24,-0.3321229,1.441937,0.6425804,56
24,-0.03568828,1.524695,0.4185063,57
24,-0.3659637,1.221476,0.4753211,58
24,-0.4825236,1.350485,0.5069224,59
24,-0.2203856,1.46721,0.5327718,60
24,-0.4825652,1.23419,0.6325434,61
24,-0.1104492,1.58437,0.4439348,62
24,-0.2681144,1.55238,0.5005662,63
24,0.02951533,1.593865,0.6639839,64
24,-0.4725565,1.452929,0.407912,65
24,-0.4162961,1.582988,0.4380574,66
24,-0.1087166,1.461608,0.490964,67
