Case,X,Y,Z,a,v,index
17,0.05079788,1.308148,0.5041255,0
17,0.1459917,1.241543,0.5295129,1
17,0.1693931,1.078866,0.4180661,2
17,-0.0791142,1.223945,0.6529475,3
17,0.07027918,0.9611352,0.4163755,4
17,-0.09468779,1.316744,0.5021706,5
17,-0.07863191,1.090083,0.4583098,6
17,0.3448468,1.323277,0.4478589,7
17,0.1690649,0.9452651,0.3963045,8
17,0.04739827,1.205556,0.4781086,9
17,0.06696564,1.10451,0.4160325,10
17,0.1252836,1.543598,0.4555627,11
17,-0.1906662,1.095382,0.4184478,12
17,0.3551239,1.467647,0.4686701,13
17,0.2571737,1.436243,0.444288,14
17,0.22158,1.537907,0.5750763,15
17,-0.1890076,0.9789701,0.4331385,16
17,0.3145724,0.8551703,0.3899594,17
17,0.4381212,1.105805,0.5726079,18
17,0.03310418,1.59417,0.4896861,19
17,0.4954886,1.367148,0.4271914,20
17,0.3629673,0.9336675,0.4877611,21
17,-0.07003108,0.9964809,0.4941654,22
17,0.4765726,1.520358,0.4083172,23
17,0.3246013,1.554535,0.6631311,24
17,0.4103707,1.017673,0.6531355,25
17,0.4157097,1.208416,0.4207515,26
17,-0.05328238,1.432814,0.4986708,27
17,0.1747215,0.6907867,0.3975479,28
17,-0.2765987,1.434675,0.5263339,29
17,0.2005388,1.16468,0.4866892,30
17,-0.4699368,1.039769,0.4118141,31
17,0.3933087,0.8013205,0.5379652,32
17,-0.1685671,1.468921,0.6277822,33
17,-0.347912,1.167507,0.5308129,34
17,0.2746617,0.7620283,0.5086147,35
17,-0.3304916,1.520158,0.6593834,36
17,-0.1214219,0.8968913,0.4518188,37
17,-0.3169752,1.280689,0.4757463,38
17,-0.08816075,1.55222,0.3943774,39
17,-0.3481826,0.9532686,0.6863141,40
17,0.03939092,1.449044,0.5589124,41
17,0.08432215,0.7112563,0.4239346,42
17,-0.4401827,1.58776,0.6406979,43
17,0.4561779,0.9181718,0.5914119,44
17,0.4785457,0.7720386,0.4664175,45
17,-0.2407038,1.541528,0.5985725,46
17,-0.4053341,1.378944,0.5869021,47
17,0.4135481,0.6522281,0.5977677,48
17,-0.4351551,1.492505,0.5943295,49
17,-0.2902859,0.8763486,0.4603264,50
17,0.3218424,0.6032621,0.4805403,51
17,-0.3832163,0.7834972,0.4286096,52
17,-0.4756298,1.290986,0.4941061,53
17,-0.1776757,1.235185,0.4849927,54
17,-0.484624,1.169293,0.4353688,55
17,-0.07033187,0.6573662,0.5209889,56
17,-0.4707502,0.9165218,0.5815561,57
17,-0.4929003,0.7798056,0.5054832,58
17,0.01394135,0.6228281,0.4749764,59
17,-0.2207002,0.7783105,0.4686054,60
17,-0.2913744,0.7142367,0.5147664,61
17,-0.1404151,0.7312087,0.500554,62
17,-0.1889148,0.6383536,0.5254201,63
17,-0.4394311,0.6377807,0.6395596,64
17,-0.2761074,0.6109136,0.5729288,65
17,-0.0189079,0.910104,0.4046062,66
