Case,X,Y,Z,a,v,index
32,-0.2780068,1.470732,0.5367449,0
32,-0.3191495,1.34453,0.6341001,1
32,-0.4779992,1.541077,0.588356,2
32,-0.2719156,1.589713,0.4555122,3
32,-0.4088144,1.447086,0.5649183,4
32,-0.1559264,1.556402,0.5175999,5
32,-0.1529751,1.429497,0.4829721,6
32,-0.4471014,1.266195,0.6374642,7
32,-0.396771,1.159251,0.6512834,8
32,0.05855238,1.58949,0.5348238,9
32,-0.08360159,1.214856,0.516185,10
32,-0.01573643,1.493653,0.4551924,11
32,-0.4964016,1.072494,0.6568634,12
32,0.1883995,1.568918,0.6044209,13
32,-0.3531768,1.054007,0.4193164,14
32,-0.4945068,1.367984,0.3939221,15
32,-0.116456,1.015527,0.6779258,16
32,0.03971308,1.153224,0.4896113,17
32,-0.01982215,0.955097,0.4804165,18
32,-0.4473267,0.9350852,0.4197844,19
32,0.1005943,1.451986,0.5045113,20
32,-0.2611245,0.8642624,0.5225856,21
32,0.1333507,1.009739,0.6118912,22
32,0.217596,1.420658,0.6540012,23
32,0.3763959,1.547666,0.6202942,24
32,0.3501114,1.230271,0.6528419,25
32,-0.1402781,0.701728,0.4686795,26
32,-0.4314097,0.7761112,0.49015,27
32,0.02652007,0.7307147,0.4035508,28
32,0.1373619,0.7408451,0.4687931,29
32,0.208514,0.642377,0.42068,30
32,0.3904971,1.434248,0.6298928,31
32,-0.2734228,0.7546922,0.4629812,32
32,0.4856389,1.162052,0.5770126,33
32,-0.01060444,0.6132415,0.4143911,34
32,0.3890041,0.7041485,0.5308048,35
32,0.4880969,0.6285436,0.5302839,36
32,0.333151,0.9140787,0.5458742,37
32,-0.397907,0.6199264,0.4986301,38
32,0.386224,1.100352,0.5521328,39
32,0.4374813,0.8487814,0.4316418,40
32,-0.2563644,0.6340743,0.6549668,41
32,0.4807322,1.024816,0.5304554,42
32,0.3039011,0.7754599,0.5698736,43
32,0.4820269,1.342244,0.4024675,44
32,0.4955317,1.585192,0.494765,45
