Case,X,Y,Z,a,v,index
43,0.2374204,1.416169,0.5829676,0
43,0.01707071,1.174902,0.6586062,1
43,0.1169671,1.083888,0.4485461,2
43,0.3886437,1.383337,0.5695994,3
43,-0.1501259,1.511472,0.6617964,4
43,0.1741068,1.528488,0.4157971,5
43,0.3574032,1.55749,0.4495994,6
43,0.3633232,1.190615,0.4025273,7
43,-0.2736042,1.473994,0.5164063,8
43,0.4045701,1.014522,0.4224752,9
43,0.08776224,1.433252,0.4561854,10
43,0.05818027,1.544065,0.6472783,11
43,0.1841953,0.783972,0.6275367,12
43,-0.04592878,1.585732,0.437592,13
43,0.01133364,0.9981082,0.5403126,14
43,-0.1376089,1.133049,0.6109438,15
43,0.4812289,1.55835,0.5240076,16
43,0.3913856,0.8451251,0.5717502,17
43,-0.3587896,1.569553,0.6327912,18
43,-0.4691948,1.564839,0.4839671,19
43,-0.402465,1.395509,0.4654132,20
43,0.4987053,1.432522,0.5061226,21
43,0.2859144,0.8824232,0.4007135,22
43,-0.2344298,1.596866,0.4105311,23
43,-0.269043,1.351736,0.6430591,24
43,-0.03835362,0.7215165,0.4249249,25
43,-0.4881066,1.197614,0.5345216,26
43,-0.4869292,1.310638,0.4160859,27
43,-0.4715477,1.08322,0.5231037,28
43,0.4624163,0.7373957,0.6096919,29
43,-0.2286435,0.7129505,0.4259344,30
43,-0.4012097,0.9936879,0.5003563,31
43,0.3526391,0.6969854,0.6486106,32
43,-0.3666611,1.127537,0.4149981,33
43,0.1518359,0.6408662,0.3976354,34
43,0.4897081,1.300762,0.3906012,35
43,-0.2991646,0.8779497,0.4683981,36
43,0.43754,0.6008942,0.541105,37
43,-0.4450197,0.783393,0.3998273,38
43,0.3079759,1.291732,0.6051663,39
43,-0.344888,0.6615737,0.4059225,40
43,-0.4813432,0.6105803,0.542491,41
43,0.2669009,0.6119646,0.625418,42
43,0.4741753,1.166401,0.4371661,43
43,-0.1079799,0.6355541,0.6388227,44
43,-0.4980966,0.9363323,0.4212875,45
43,0.03700984,0.6349926,0.438776,46
