Case,X,Y,Z,a,v,index
35,0.009501994,1.167466,0.4054651,0
35,0.1867266,1.462806,0.4897725,1
35,-0.09964421,1.560996,0.5827854,2
35,0.4607139,1.235311,0.4377206,3
35,-0.09557852,1.443615,0.462965,4
35,0.4994676,1.111667,0.3954883,5
35,0.4908717,1.357578,0.5789957,6
35,-0.2088888,1.513801,0.3997935,7
35,0.3572323,1.485583,0.5106875,8
35,0.4905676,1.503937,0.4950259,9
35,0.4629035,0.955566,0.4308096,10
35,0.3882641,1.591805,0.4755911,11
35,0.2695013,1.572758,0.4816895,12
35,0.3607178,1.316786,0.5069781,13
35,-0.2690013,1.350988,0.541122,14
35,0.2826281,1.394963,0.5722717,15
35,0.0120346,1.052443,0.4662435,16
35,0.07632858,1.554364,0.391985,17
35,-0.02103782,0.6345962,0.4881081,18
35,-0.1466841,1.075139,0.4910573,19
35,0.2457824,0.8231745,0.4275846,20
35,-0.1689799,0.7627676,0.5298213,21
35,-0.06207523,0.9589568,0.6173066,22
35,-0.2844818,0.9043791,0.4888959,23
35,-0.3922611,1.213108,0.4408353,24
35,0.1517232,0.6683275,0.6208012,25
35,-0.4645724,1.385281,0.6743928,26
35,-0.4812332,1.020087,0.4790691,27
35,-0.4058843,0.850158,0.490061,28
35,0.4134564,0.7548617,0.4121139,29
35,-0.494221,1.142682,0.529421,30
35,0.2820135,0.6767685,0.4793983,31
35,-0.4986836,1.598936,0.5708919,32
35,-0.3259166,1.523617,0.4481465,33
35,-0.2594055,0.6900633,0.4994338,34
35,0.04998565,0.7735882,0.4717548,35
35,0.3518623,0.8958032,0.6371368,36
35,-0.1714083,0.6104065,0.5448204,37
35,0.4850643,0.6582474,0.5226387,38
35,-0.3655504,0.6531602,0.5107681,39
35,0.3784437,0.6016917,0.415927,40
35,0.4927448,0.8483266,0.6042761,41
35,-0.3169044,0.7844891,0.4920358,42
35,-0.4892783,0.7243062,0.6282518,43
