Case,X,Y,Z,a,v,index
36,0.1503742,1.105453,0.5018063,0
36,0.2652519,0.8869836,0.4242542,1
36,0.00965488,1.110198,0.5339676,2
36,0.4148624,1.108986,0.4585873,3
36,0.2683337,1.404044,0.4495349,4
36,0.3990864,1.320777,0.5046054,5
36,-0.1407425,1.160795,0.4491616,6
36,0.125744,1.492939,0.6377146,7
36,-0.1260976,1.458038,0.3881513,8
36,-0.03289402,1.001854,0.6058017,9
36,0.4333869,1.512408,0.4962445,10
36,0.04926842,1.572926,0.4006048,11
36,0.4902207,1.1929,0.5183449,12
36,0.2572667,1.514809,0.5946016,13
36,-0.1939112,1.367578,0.6593547,14
36,0.4098923,0.9534307,0.552651,15
36,0.4287662,0.7709529,0.4321305,16
36,0.1534364,0.7708679,0.5238841,17
36,0.3271669,0.6391824,0.4645917,18
36,-0.2618656,1.493422,0.4979955,19
36,0.1788677,0.6150171,0.48256,20
36,-0.04033139,0.6844602,0.4595976,21
36,-0.2123614,0.8288589,0.6472036,22
36,-0.1882064,0.703989,0.5181431,23
36,-0.405256,1.423318,0.5714738,24
36,-0.3478466,1.573303,0.6472985,25
36,-0.3598947,0.9974327,0.6262615,26
36,0.4951141,0.6291238,0.5202422,27
36,0.296602,0.7740636,0.5303766,28
36,-0.4848161,1.247143,0.4850321,29
36,-0.3899602,1.104665,0.5252233,30
36,0.08525407,0.6781737,0.4675143,31
36,-0.3706748,0.8240129,0.5045307,32
36,-0.4931551,1.49756,0.4179639,33
36,-0.1096162,1.599438,0.6750011,34
36,-0.4510778,0.6402363,0.4334493,35
36,-0.3134905,0.6974298,0.5663154,36
36,-0.3163974,1.339981,0.3935615,37
36,-0.4786918,0.9309626,0.5161963,38
36,-0.4987665,1.082841,0.583928,39
