Case,X,Y,Z,a,v,index
34,0.2777024,0.8375412,0.4937746,0
34,0.1664311,0.670546,0.5012901,1
34,0.3422856,0.9741812,0.4806023,2
34,0.4003472,1.154662,0.6661645,3
34,0.2638447,0.6128839,0.6851937,4
34,0.3059537,1.315766,0.6626493,5
34,0.3984371,0.8395079,0.6694806,6
34,0.4277458,0.6271738,0.457063,7
34,0.3543562,0.7339152,0.5388967,8
34,0.1216477,1.088341,0.6253344,9
34,-0.05402845,1.171433,0.4504194,10
34,0.4768794,0.7517662,0.5141333,11
34,-0.002332449,1.034669,0.4253181,12
34,-0.1427993,0.747343,0.4427837,13
34,0.4593524,1.056525,0.6601139,14
34,-0.3285619,0.6832511,0.6715295,15
34,-0.1551669,1.116339,0.4992354,16
34,-0.007177621,0.6364384,0.4911853,17
34,0.1095927,1.450091,0.466309,18
34,0.1670853,0.8043686,0.6109439,19
34,-0.490806,0.6745516,0.5514015,20
34,-0.08754757,1.45082,0.4097829,21
34,-0.3920419,0.968031,0.4272732,22
34,0.48711,0.9058129,0.5765268,23
34,-0.3514071,1.211447,0.4730914,24
34,-0.1823549,0.6145123,0.4518906,25
34,-0.3712955,0.8320369,0.5968423,26
34,-0.2263582,0.822596,0.4996245,27
34,-0.4560768,1.059562,0.6596217,28
34,0.00383532,1.516025,0.4768372,29
34,0.4984918,1.36676,0.3895903,30
34,0.2285853,1.484399,0.5558788,31
34,-0.339658,1.075689,0.4030053,32
34,-0.2927218,1.314997,0.470147,33
34,0.4307065,1.261246,0.5322596,34
34,-0.2014821,1.431201,0.466211,35
34,-0.1183228,1.561711,0.4067233,36
34,-0.4787096,0.8862045,0.5464064,37
34,0.1500928,1.562711,0.6008969,38
34,0.2666546,1.588521,0.6468527,39
34,-0.4767739,1.220574,0.4185609,40
34,-0.3059981,1.480107,0.4857929,41
34,-0.4364218,1.32708,0.3957597,42
34,0.3323421,1.425084,0.4893716,43
34,0.4363207,1.468471,0.6387061,44
34,-0.4561355,1.516689,0.534022,45
34,0.4200652,1.582513,0.4475359,46
34,-0.263252,1.599532,0.6235917,47
