Case,X,Y,Z,a,v,index
41,0.3588893,0.9727112,0.5356226,0
41,0.4445763,1.120768,0.5011275,1
41,0.2727348,0.8244041,0.5832685,2
41,0.4860983,0.8360485,0.6209633,3
41,0.4961923,0.9492582,0.5060875,4
41,0.4133341,0.742942,0.5405377,5
41,0.4821128,1.29802,0.3928933,6
41,0.3383225,1.201219,0.403093,7
41,0.3596972,1.317145,0.5967597,8
41,0.4996827,0.6452807,0.4740928,9
41,0.2199641,0.6849734,0.6120918,10
41,0.02091908,0.7438676,0.4574583,11
41,0.05184555,1.171961,0.4949424,12
41,0.3126619,1.516245,0.433471,13
41,0.3536053,0.6493203,0.6253353,14
41,0.4322906,1.512083,0.5701894,15
41,-0.1710542,0.6498024,0.4502346,16
41,0.1229318,1.431629,0.5178823,17
41,-0.04110673,1.458125,0.4533932,18
41,0.1335372,1.562632,0.391899,19
41,-0.05982941,0.6241964,0.4822122,20
41,-0.0555242,1.218474,0.541541,21
41,0.08615303,1.017264,0.4039244,22
41,-0.1865948,1.451104,0.5132518,23
41,-0.2728754,0.7747773,0.4485584,24
41,0.1039367,0.6485724,0.4021367,25
41,-0.3836118,0.6569952,0.4855542,26
41,-0.2414638,1.547078,0.4743786,27
41,0.1605784,0.7914662,0.4189546,28
41,-0.03829563,1.106578,0.5481579,29
41,-0.3153285,1.427367,0.5003642,30
41,-0.4083531,1.522311,0.5194148,31
41,-0.3947192,0.8408597,0.4506609,32
41,-0.4979753,0.784469,0.4221549,33
41,-0.04310149,1.592506,0.5122153,34
41,-0.3734608,1.235112,0.4243231,35
41,-0.2770919,0.6054934,0.5620596,36
41,-0.4675074,1.299301,0.6784633,37
41,-0.3660882,1.106293,0.625755,38
41,-0.4800426,1.4105,0.613475,39
41,-0.3925228,0.9967386,0.3924186,40
41,-0.4781294,0.9149764,0.4521535,41
41,-0.4680358,1.162902,0.4415641,42
41,-0.09689578,0.7324659,0.5248333,43
