Case,X,Y,Z,a,v,index
24,0.3488177,0.778896,0.4838502,0
24,0.3008358,0.697028,0.492855,1
24,0.4347376,0.6616335,0.3887573,2
24,0.4536091,0.8791662,0.4557229,3
24,0.469316,0.7732154,0.4083781,4
24,0.303499,0.6022884,0.6614798,5
24,0.4362853,1.009791,0.4318062,6
24,0.4921825,1.09003,0.5218924,7
24,0.2136672,1.06798,0.3995357,8
24,0.4540554,1.203233,0.4155133,9
24,0.3462772,0.8885531,0.4342478,10
24,0.1992872,0.742202,0.3939015,11
24,0.1511558,0.6208963,0.470304,12
24,0.09459203,0.7237913,0.6648937,13
24,0.3664721,1.22648,0.410844,14
24,0.01683468,0.6572207,0.5850686,15
24,0.09791124,1.003045,0.4024057,16
24,0.2694829,1.346195,0.3907757,17
24,-0.04950175,0.7397292,0.5262979,18
24,0.4477885,1.34988,0.6311547,19
24,0.05844051,1.102358,0.662882,20
24,-0.1490551,0.6450445,0.4204746,21
24,-0.05454108,0.9386307,0.4927239,22
24,0.2576457,0.8286129,0.6864729,23
24,-0.1833769,0.7980596,0.4340556,24
24,0.1739385,1.182791,0.6767509,25
24,0.06532264,1.192267,0.4116889,26
24,0.3663334,1.414148,0.5673269,27
24,-0.05846703,1.178781,0.524105,28
24,0.1211624,1.277744,0.4059184,29
24,-0.2739692,0.6033288,0.5143808,30
24,-0.360884,0.802093,0.4268858,31
24,-0.3686657,0.9135329,0.3943996,32
24,-0.271823,0.7781336,0.6171681,33
24,0.3106644,1.544148,0.4594422,34
24,-0.07319194,1.089597,0.5426676,35
24,-0.461977,0.9921564,0.3999624,36
24,-0.4426965,0.7587916,0.4468346,37
24,-0.4118688,1.141658,0.5746952,38
24,0.4530125,1.510748,0.4232973,39
24,-0.3675558,0.6743289,0.4047227,40
24,-0.4503772,0.6142411,0.4447789,41
24,0.4054822,1.590431,0.4101203,42
24,0.4940095,1.42846,0.6231359,43
24,-0.4615832,0.8611921,0.5822928,44
24,-0.1720218,1.029858,0.4268687,45
24,-0.1882941,1.121469,0.543564,46
24,-0.005484343,1.017635,0.4277778,47
24,-0.4927758,1.080562,0.5007265,48
24,-0.129785,1.282464,0.5986536,49
24,0.1338615,1.55652,0.4332106,50
24,0.05117142,1.337271,0.5228332,51
24,0.2737904,1.451555,0.5023834,52
24,0.2217969,1.588822,0.5619981,53
24,-0.0623205,1.34612,0.4479675,54
24,-0.3465214,1.333844,0.4701474,55
24,-0.3321229,1.441937,0.5762854,56
24,-0.03568828,1.524695,0.5422431,57
24,-0.3659637,1.221476,0.6665611,58
24,-0.4825236,1.350485,0.5264416,59
24,-0.2203856,1.46721,0.4553984,60
24,-0.4825652,1.23419,0.5411062,61
24,-0.1104492,1.58437,0.6572976,62
24,-0.2681144,1.55238,0.4537363,63
24,0.02951533,1.593865,0.4416952,64
24,-0.4725565,1.452929,0.4222489,65
24,-0.4162961,1.582988,0.4952022,66
24,-0.1087166,1.461608,0.4030582,67
