Case,X,Y,Z,a,v,index
37,-0.4512751,0.8891097,0.3891745,0
37,-0.4284178,0.9991384,0.3994803,1
37,-0.3900135,1.180639,0.4654074,2
37,-0.4094281,1.307068,0.5568698,3
37,-0.3007981,0.8908958,0.4492989,4
37,-0.3099414,1.368162,0.5440614,5
37,-0.3859128,0.7754269,0.3872976,6
37,-0.3256114,0.6419181,0.5055165,7
37,-0.05527267,1.178871,0.5535094,8
37,0.01678163,1.079205,0.5104217,9
37,-0.2511931,0.770799,0.4558948,10
37,-0.1653779,1.466244,0.4058261,11
37,0.1403272,1.154643,0.4376985,12
37,-0.4862301,0.6625152,0.6227753,13
37,0.04512173,1.227386,0.4087114,14
37,-0.1144693,1.052389,0.3955951,15
37,-0.02249545,1.493781,0.4209256,16
37,-0.1191965,0.6047921,0.6143752,17
37,-0.4123527,1.51706,0.6101039,18
37,-0.1066378,0.7231603,0.4685985,19
37,0.0418278,0.6670396,0.5081559,20
37,0.1505885,1.481281,0.5172716,21
37,0.3374889,1.39797,0.4158358,22
37,-0.2447497,1.557319,0.5025229,23
37,0.1266304,0.7709303,0.6681292,24
37,0.1755745,0.6673403,0.5368994,25
37,0.3413255,1.568191,0.5280636,26
37,0.0342465,1.593977,0.4586599,27
37,0.2660382,0.772312,0.6491997,28
37,0.3426709,1.01746,0.5941858,29
37,0.1577493,1.59708,0.4597664,30
37,0.3897439,0.6955571,0.6319314,31
37,0.459448,0.8848189,0.4441295,32
37,0.3794029,1.256297,0.4192874,33
37,0.4912478,1.072582,0.4793454,34
37,0.303413,0.6001944,0.4755277,35
37,-0.1229964,1.578539,0.6285567,36
37,0.4795337,1.564472,0.4058098,37
37,0.3569711,0.8379015,0.6312607,38
37,0.4356753,1.451411,0.4097297,39
37,0.4677022,1.344179,0.459179,40
37,0.3855085,1.133822,0.4015242,41
