Case,X,Y,Z,a,v,index
34,0.2777024,0.8375412,0.6524794,0
34,0.1664311,0.670546,0.4636379,1
34,0.3422856,0.9741812,0.5246468,2
34,0.4003472,1.154662,0.399741,3
34,0.2638447,0.6128839,0.6756095,4
34,0.3059537,1.315766,0.4373355,5
34,0.3984371,0.8395079,0.3993303,6
34,0.4277458,0.6271738,0.5448808,7
34,0.3543562,0.7339152,0.5308593,8
34,0.1216477,1.088341,0.5747442,9
34,-0.05402845,1.171433,0.6180687,10
34,0.4768794,0.7517662,0.6239175,11
34,-0.002332449,1.034669,0.4021886,12
34,-0.1427993,0.747343,0.4754679,13
34,0.4593524,1.056525,0.583694,14
34,-0.3285619,0.6832511,0.5084138,15
34,-0.1551669,1.116339,0.6016526,16
34,-0.007177621,0.6364384,0.4867662,17
34,0.1095927,1.450091,0.6031175,18
34,0.1670853,0.8043686,0.5025814,19
34,-0.490806,0.6745516,0.4955989,20
34,-0.08754757,1.45082,0.5247021,21
34,-0.3920419,0.968031,0.4972303,22
34,0.48711,0.9058129,0.5150355,23
34,-0.3514071,1.211447,0.4058915,24
34,-0.1823549,0.6145123,0.4019886,25
34,-0.3712955,0.8320369,0.4299303,26
34,-0.2263582,0.822596,0.4774797,27
34,-0.4560768,1.059562,0.3953807,28
34,0.00383532,1.516025,0.4830246,29
34,0.4984918,1.36676,0.6327009,30
34,0.2285853,1.484399,0.4789412,31
34,-0.339658,1.075689,0.4548984,32
34,-0.2927218,1.314997,0.6468931,33
34,0.4307065,1.261246,0.4818739,34
34,-0.2014821,1.431201,0.5132216,35
34,-0.1183228,1.561711,0.6140329,36
34,-0.4787096,0.8862045,0.6622587,37
34,0.1500928,1.562711,0.4783767,38
34,0.2666546,1.588521,0.411204,39
34,-0.4767739,1.220574,0.4234686,40
34,-0.3059981,1.480107,0.4450828,41
34,-0.4364218,1.32708,0.5237591,42
34,0.3323421,1.425084,0.4846593,43
34,0.4363207,1.468471,0.4836169,44
34,-0.4561355,1.516689,0.3898397,45
34,0.4200652,1.582513,0.4569868,46
34,-0.263252,1.599532,0.6180213,47
