Case,X,Y,Z,a,v,index
44,-0.1152269,1.459708,0.5927479,0
44,0.08639407,1.14352,0.4447066,1
44,-0.2957572,1.355853,0.5991254,2
44,-0.1006594,1.210386,0.4748824,3
44,0.1747785,1.422019,0.4359342,4
44,0.0797019,1.585255,0.5119965,5
44,0.3974426,1.175603,0.6389957,6
44,0.1339665,1.035326,0.6593719,7
44,0.2134618,1.578127,0.645147,8
44,0.2675947,1.354327,0.4974376,9
44,0.3676519,0.9931097,0.4225402,10
44,-0.1867914,1.375142,0.402914,11
44,-0.4080095,1.388047,0.4051856,12
44,0.3123724,1.482345,0.5852541,13
44,0.003992617,1.487729,0.4114601,14
44,-0.2670633,1.576562,0.4067576,15
44,0.4307281,1.530177,0.4440778,16
44,-0.2237729,0.7959017,0.4471186,17
44,-0.418207,1.518465,0.6025524,18
44,0.422358,1.407844,0.4139647,19
44,-0.3420761,0.8170471,0.4828663,20
44,-0.3194771,1.469309,0.4712552,21
44,-0.005096912,1.042447,0.6768332,22
44,-0.1188856,1.575455,0.4309891,23
44,0.4711949,0.8552654,0.6235385,24
44,-0.3687426,1.267335,0.40053,25
44,-0.3698151,1.004688,0.6163601,26
44,-0.09956709,0.7048731,0.3985335,27
44,0.01950109,1.240084,0.5148343,28
44,-0.3650328,0.6819937,0.5322578,29
44,-0.4998064,0.8295761,0.4809015,30
44,-0.4837612,0.945189,0.4355128,31
44,0.1039754,0.7678976,0.6728662,32
44,-0.4697825,1.084587,0.6026812,33
44,0.08473557,0.6127239,0.5058918,34
44,-0.2064633,0.6379846,0.630874,35
44,0.4887085,1.049595,0.5442784,36
44,0.2644665,0.6705368,0.4618255,37
44,0.3045452,0.7759336,0.6455164,38
44,-0.4996241,1.242079,0.5164666,39
44,0.3852997,1.299301,0.6532222,40
44,-0.4974052,0.6693391,0.4308106,41
44,0.4931325,1.24607,0.496834,42
44,0.4408292,0.627739,0.4402767,43
44,0.4145756,0.7570799,0.4814384,44
44,0.3012792,0.8860451,0.535869,45
44,-0.02699968,0.600678,0.4316772,46
