Case,X,Y,Z,a,v,index
22,-0.3197303,0.6194752,0.4184791,0
22,-0.2288994,0.6118518,0.6646963,1
22,-0.2684723,0.7655965,0.456744,2
22,-0.4418626,0.6882902,0.524834,3
22,-0.1092475,0.6071706,0.4556032,4
22,-0.2621471,0.9267849,0.5962479,5
22,-0.01208273,0.6301112,0.4807139,6
22,-0.1771002,0.7084455,0.6430846,7
22,-0.369003,0.7815415,0.5062612,8
22,-0.06178272,0.7246993,0.4949409,9
22,-0.08189976,0.8996423,0.4024405,10
22,-0.02377722,1.038978,0.5090524,11
22,-0.1374396,0.9708613,0.4136898,12
22,0.08221602,0.8925573,0.5260223,13
22,-0.4692136,0.7860814,0.5945753,14
22,0.08616108,0.6794285,0.6864884,15
22,0.05292755,0.9826145,0.400854,16
22,0.1461641,1.013827,0.6761984,17
22,-0.4787015,0.9138547,0.4998708,18
22,-0.3697257,0.9025645,0.3960307,19
22,0.06514013,1.126018,0.5193837,20
22,0.1775692,1.129011,0.3993372,21
22,-0.4844067,1.062822,0.637113,22
22,-0.3670008,1.050887,0.489208,23
22,-0.4484123,1.150846,0.6398593,24
22,0.2574697,0.7207106,0.6728126,25
22,-0.4132518,1.270209,0.607058,26
22,-0.177464,1.075511,0.5175857,27
22,0.2334713,1.377326,0.4380759,28
22,-0.03673741,1.128299,0.4258302,29
22,-0.2002956,1.167941,0.423458,30
22,0.3736222,0.6859351,0.4613073,31
22,0.08654445,1.316522,0.4625884,32
22,0.1170372,1.21386,0.5924619,33
22,0.378138,0.8843296,0.4689831,34
22,-0.03932703,1.25606,0.4105882,35
22,0.1570682,0.6124464,0.5809818,36
22,-0.4246038,1.398966,0.5987216,37
22,0.3984824,1.011159,0.4544401,38
22,0.2889054,0.6269898,0.4511062,39
22,0.3532325,1.320926,0.4534791,40
22,0.4518052,1.211723,0.4372144,41
22,0.4798469,1.061254,0.5304375,42
22,0.08975023,1.469856,0.5923405,43
22,0.3646182,0.7896065,0.5040711,44
22,0.4955791,0.8052853,0.6536138,45
22,0.204542,1.478765,0.5668455,46
22,0.3663836,1.165688,0.6559229,47
22,-0.3017452,1.359845,0.4119184,48
22,0.4593034,0.9393228,0.4619571,49
22,0.1559528,1.571309,0.5648102,50
22,0.3182267,1.590528,0.4421872,51
22,0.03726441,1.592769,0.6852828,52
22,0.4865476,0.7129642,0.6181403,53
22,0.4353801,1.377072,0.4227457,54
22,0.3141982,1.447388,0.4330398,55
22,0.446219,0.6164688,0.4160658,56
22,0.4586262,1.570512,0.4951617,57
22,0.4585413,1.477788,0.4676716,58
22,-0.07488546,1.53842,0.4397806,59
22,-0.224272,1.444457,0.4876454,60
22,-0.1784089,1.543609,0.5623719,61
22,-0.4725656,1.50854,0.5918856,62
22,-0.09854433,1.436943,0.5034237,63
22,-0.4996533,1.34722,0.5238988,64
22,-0.2748905,1.584423,0.5286965,65
22,-0.127295,1.223146,0.609561,66
22,-0.3117619,1.499223,0.4074918,67
22,-0.3768137,1.565236,0.395828,68
