Case,X,Y,Z,a,v,index
43,0.2374204,1.416169,0.4767019,0
43,0.01707071,1.174902,0.419599,1
43,0.1169671,1.083888,0.4870322,2
43,0.3886437,1.383337,0.6520246,3
43,-0.1501259,1.511472,0.4405752,4
43,0.1741068,1.528488,0.4538486,5
43,0.3574032,1.55749,0.4855514,6
43,0.3633232,1.190615,0.6162295,7
43,-0.2736042,1.473994,0.5951365,8
43,0.4045701,1.014522,0.4077135,9
43,0.08776224,1.433252,0.4166246,10
43,0.05818027,1.544065,0.4862659,11
43,0.1841953,0.783972,0.4751268,12
43,-0.04592878,1.585732,0.4368231,13
43,0.01133364,0.9981082,0.6787597,14
43,-0.1376089,1.133049,0.5566773,15
43,0.4812289,1.55835,0.4781391,16
43,0.3913856,0.8451251,0.4342461,17
43,-0.3587896,1.569553,0.6269721,18
43,-0.4691948,1.564839,0.4504929,19
43,-0.402465,1.395509,0.4133986,20
43,0.4987053,1.432522,0.3978303,21
43,0.2859144,0.8824232,0.5286273,22
43,-0.2344298,1.596866,0.5867704,23
43,-0.269043,1.351736,0.5268306,24
43,-0.03835362,0.7215165,0.5297584,25
43,-0.4881066,1.197614,0.4558657,26
43,-0.4869292,1.310638,0.5152438,27
43,-0.4715477,1.08322,0.5001393,28
43,0.4624163,0.7373957,0.5005054,29
43,-0.2286435,0.7129505,0.5818148,30
43,-0.4012097,0.9936879,0.5635458,31
43,0.3526391,0.6969854,0.6461968,32
43,-0.3666611,1.127537,0.4399959,33
43,0.1518359,0.6408662,0.4048909,34
43,0.4897081,1.300762,0.5773152,35
43,-0.2991646,0.8779497,0.6532182,36
43,0.43754,0.6008942,0.686222,37
43,-0.4450197,0.783393,0.4980831,38
43,0.3079759,1.291732,0.4725678,39
43,-0.344888,0.6615737,0.4137247,40
43,-0.4813432,0.6105803,0.6640692,41
43,0.2669009,0.6119646,0.5583856,42
43,0.4741753,1.166401,0.448753,43
43,-0.1079799,0.6355541,0.4962049,44
43,-0.4980966,0.9363323,0.4966349,45
43,0.03700984,0.6349926,0.4250782,46
