Case,X,Y,Z,a,v,index
24,0.3488177,0.778896,0.5008187,0
24,0.3008358,0.697028,0.4282945,1
24,0.4347376,0.6616335,0.651315,2
24,0.4536091,0.8791662,0.4780608,3
24,0.469316,0.7732154,0.4519911,4
24,0.303499,0.6022884,0.4001354,5
24,0.4362853,1.009791,0.5139453,6
24,0.4921825,1.09003,0.4495762,7
24,0.2136672,1.06798,0.4157535,8
24,0.4540554,1.203233,0.602858,9
24,0.3462772,0.8885531,0.5196414,10
24,0.1992872,0.742202,0.6806346,11
24,0.1511558,0.6208963,0.5685478,12
24,0.09459203,0.7237913,0.5897319,13
24,0.3664721,1.22648,0.4923478,14
24,0.01683468,0.6572207,0.5195357,15
24,0.09791124,1.003045,0.5401187,16
24,0.2694829,1.346195,0.6093082,17
24,-0.04950175,0.7397292,0.5153371,18
24,0.4477885,1.34988,0.4646338,19
24,0.05844051,1.102358,0.6180876,20
24,-0.1490551,0.6450445,0.4901651,21
24,-0.05454108,0.9386307,0.4017363,22
24,0.2576457,0.8286129,0.4212545,23
24,-0.1833769,0.7980596,0.4762787,24
24,0.1739385,1.182791,0.6173941,25
24,0.06532264,1.192267,0.5353749,26
24,0.3663334,1.414148,0.4543309,27
24,-0.05846703,1.178781,0.3877237,28
24,0.1211624,1.277744,0.5478155,29
24,-0.2739692,0.6033288,0.4175085,30
24,-0.360884,0.802093,0.60954,31
24,-0.3686657,0.9135329,0.6025596,32
24,-0.271823,0.7781336,0.4752662,33
24,0.3106644,1.544148,0.5944972,34
24,-0.07319194,1.089597,0.5249037,35
24,-0.461977,0.9921564,0.3994196,36
24,-0.4426965,0.7587916,0.4882245,37
24,-0.4118688,1.141658,0.4810267,38
24,0.4530125,1.510748,0.4474653,39
24,-0.3675558,0.6743289,0.6284682,40
24,-0.4503772,0.6142411,0.4747945,41
24,0.4054822,1.590431,0.5353338,42
24,0.4940095,1.42846,0.5302985,43
24,-0.4615832,0.8611921,0.4050035,44
24,-0.1720218,1.029858,0.4764296,45
24,-0.1882941,1.121469,0.4018791,46
24,-0.005484343,1.017635,0.579078,47
24,-0.4927758,1.080562,0.5443239,48
24,-0.129785,1.282464,0.5208561,49
24,0.1338615,1.55652,0.4397992,50
24,0.05117142,1.337271,0.5873117,51
24,0.2737904,1.451555,0.4111371,52
24,0.2217969,1.588822,0.4180378,53
24,-0.0623205,1.34612,0.4275669,54
24,-0.3465214,1.333844,0.4485447,55
24,-0.3321229,1.441937,0.6513509,56
24,-0.03568828,1.524695,0.4532077,57
24,-0.3659637,1.221476,0.4955275,58
24,-0.4825236,1.350485,0.4121231,59
24,-0.2203856,1.46721,0.5827805,60
24,-0.4825652,1.23419,0.4437066,61
24,-0.1104492,1.58437,0.3980591,62
24,-0.2681144,1.55238,0.4461847,63
24,0.02951533,1.593865,0.4717839,64
24,-0.4725565,1.452929,0.5594618,65
24,-0.4162961,1.582988,0.4975668,66
24,-0.1087166,1.461608,0.4341439,67
