Case,X,Y,Z,a,v,index
22,-0.3197303,0.6194752,0.4466423,0
22,-0.2288994,0.6118518,0.4504314,1
22,-0.2684723,0.7655965,0.4936988,2
22,-0.4418626,0.6882902,0.4946015,3
22,-0.1092475,0.6071706,0.4784494,4
22,-0.2621471,0.9267849,0.619635,5
22,-0.01208273,0.6301112,0.4309669,6
22,-0.1771002,0.7084455,0.4053484,7
22,-0.369003,0.7815415,0.6512651,8
22,-0.06178272,0.7246993,0.5251867,9
22,-0.08189976,0.8996423,0.4677615,10
22,-0.02377722,1.038978,0.4017239,11
22,-0.1374396,0.9708613,0.6219412,12
22,0.08221602,0.8925573,0.4898781,13
22,-0.4692136,0.7860814,0.4135381,14
22,0.08616108,0.6794285,0.4468763,15
22,0.05292755,0.9826145,0.4716426,16
22,0.1461641,1.013827,0.526801,17
22,-0.4787015,0.9138547,0.5195377,18
22,-0.3697257,0.9025645,0.4385806,19
22,0.06514013,1.126018,0.5938737,20
22,0.1775692,1.129011,0.6607735,21
22,-0.4844067,1.062822,0.5212108,22
22,-0.3670008,1.050887,0.4444571,23
22,-0.4484123,1.150846,0.4723626,24
22,0.2574697,0.7207106,0.5419701,25
22,-0.4132518,1.270209,0.4301459,26
22,-0.177464,1.075511,0.5056942,27
22,0.2334713,1.377326,0.4943708,28
22,-0.03673741,1.128299,0.5318577,29
22,-0.2002956,1.167941,0.5184913,30
22,0.3736222,0.6859351,0.6607865,31
22,0.08654445,1.316522,0.4564949,32
22,0.1170372,1.21386,0.5194915,33
22,0.378138,0.8843296,0.4313959,34
22,-0.03932703,1.25606,0.4383745,35
22,0.1570682,0.6124464,0.5831348,36
22,-0.4246038,1.398966,0.4787294,37
22,0.3984824,1.011159,0.668191,38
22,0.2889054,0.6269898,0.400545,39
22,0.3532325,1.320926,0.4980613,40
22,0.4518052,1.211723,0.4830162,41
22,0.4798469,1.061254,0.5879521,42
22,0.08975023,1.469856,0.3949269,43
22,0.3646182,0.7896065,0.4310107,44
22,0.4955791,0.8052853,0.4873965,45
22,0.204542,1.478765,0.5470104,46
22,0.3663836,1.165688,0.391274,47
22,-0.3017452,1.359845,0.4319885,48
22,0.4593034,0.9393228,0.4531808,49
22,0.1559528,1.571309,0.4536877,50
22,0.3182267,1.590528,0.4564764,51
22,0.03726441,1.592769,0.4248055,52
22,0.4865476,0.7129642,0.5088353,53
22,0.4353801,1.377072,0.5041308,54
22,0.3141982,1.447388,0.640627,55
22,0.446219,0.6164688,0.4001505,56
22,0.4586262,1.570512,0.4836467,57
22,0.4585413,1.477788,0.6792196,58
22,-0.07488546,1.53842,0.5838981,59
22,-0.224272,1.444457,0.5143305,60
22,-0.1784089,1.543609,0.4030743,61
22,-0.4725656,1.50854,0.486091,62
22,-0.09854433,1.436943,0.554485,63
22,-0.4996533,1.34722,0.5990759,64
22,-0.2748905,1.584423,0.5757261,65
22,-0.127295,1.223146,0.4374224,66
22,-0.3117619,1.499223,0.453321,67
22,-0.3768137,1.565236,0.4713734,68
