Case,X,Y,Z,a,v,index
17,0.05079788,1.308148,0.4683441,0
17,0.1459917,1.241543,0.456433,1
17,0.1693931,1.078866,0.5161104,2
17,-0.0791142,1.223945,0.5272434,3
17,0.07027918,0.9611352,0.480469,4
17,-0.09468779,1.316744,0.6867612,5
17,-0.07863191,1.090083,0.4467916,6
17,0.3448468,1.323277,0.6486452,7
17,0.1690649,0.9452651,0.5111355,8
17,0.04739827,1.205556,0.469983,9
17,0.06696564,1.10451,0.5039868,10
17,0.1252836,1.543598,0.5183802,11
17,-0.1906662,1.095382,0.6842602,12
17,0.3551239,1.467647,0.407218,13
17,0.2571737,1.436243,0.6372058,14
17,0.22158,1.537907,0.6485513,15
17,-0.1890076,0.9789701,0.4889699,16
17,0.3145724,0.8551703,0.5249709,17
17,0.4381212,1.105805,0.4316376,18
17,0.03310418,1.59417,0.444801,19
17,0.4954886,1.367148,0.6610006,20
17,0.3629673,0.9336675,0.4821236,21
17,-0.07003108,0.9964809,0.6819865,22
17,0.4765726,1.520358,0.4739357,23
17,0.3246013,1.554535,0.4296369,24
17,0.4103707,1.017673,0.5258532,25
17,0.4157097,1.208416,0.6344664,26
17,-0.05328238,1.432814,0.6827537,27
17,0.1747215,0.6907867,0.533972,28
17,-0.2765987,1.434675,0.532079,29
17,0.2005388,1.16468,0.6622108,30
17,-0.4699368,1.039769,0.6728292,31
17,0.3933087,0.8013205,0.5348157,32
17,-0.1685671,1.468921,0.5495832,33
17,-0.347912,1.167507,0.4574325,34
17,0.2746617,0.7620283,0.4794543,35
17,-0.3304916,1.520158,0.4244653,36
17,-0.1214219,0.8968913,0.4730392,37
17,-0.3169752,1.280689,0.4116286,38
17,-0.08816075,1.55222,0.5557582,39
17,-0.3481826,0.9532686,0.5229679,40
17,0.03939092,1.449044,0.4793927,41
17,0.08432215,0.7112563,0.4839818,42
17,-0.4401827,1.58776,0.4110603,43
17,0.4561779,0.9181718,0.6055629,44
17,0.4785457,0.7720386,0.5339401,45
17,-0.2407038,1.541528,0.5106296,46
17,-0.4053341,1.378944,0.5323434,47
17,0.4135481,0.6522281,0.4727301,48
17,-0.4351551,1.492505,0.6068481,49
17,-0.2902859,0.8763486,0.4543973,50
17,0.3218424,0.6032621,0.5234683,51
17,-0.3832163,0.7834972,0.4618755,52
17,-0.4756298,1.290986,0.4024785,53
17,-0.1776757,1.235185,0.5278474,54
17,-0.484624,1.169293,0.5203871,55
17,-0.07033187,0.6573662,0.4546698,56
17,-0.4707502,0.9165218,0.6027647,57
17,-0.4929003,0.7798056,0.4621312,58
17,0.01394135,0.6228281,0.5057657,59
17,-0.2207002,0.7783105,0.4943532,60
17,-0.2913744,0.7142367,0.673366,61
17,-0.1404151,0.7312087,0.4323362,62
17,-0.1889148,0.6383536,0.4640803,63
17,-0.4394311,0.6377807,0.5778416,64
17,-0.2761074,0.6109136,0.5553282,65
17,-0.0189079,0.910104,0.5136557,66
