Case,X,Y,Z,a,v,index
42,-0.4043737,1.023242,0.5320497,0
42,-0.3413654,0.8406861,0.6661241,1
42,-0.2237309,0.8179217,0.4286071,2
42,-0.1360621,1.026659,0.4758669,3
42,-0.08939978,1.183312,0.6681956,4
42,-0.1621246,0.6650287,0.500531,5
42,-0.007927567,0.6799365,0.4194547,6
42,-0.2774536,0.7105929,0.4489908,7
42,0.1072642,0.6965817,0.397593,8
42,-0.3681386,0.6182284,0.5135844,9
42,-0.4252845,0.7333893,0.6569761,10
42,-0.446298,0.8808436,0.5223992,11
42,0.02956063,1.010132,0.6786789,12
42,0.3716919,1.02324,0.5286612,13
42,0.1819428,0.8249121,0.6565365,14
42,-0.4915114,0.6105524,0.4739113,15
42,0.1060021,1.090734,0.4587216,16
42,0.301729,0.9285388,0.5118987,17
42,0.2398115,0.6712039,0.406637,18
42,0.1034955,1.207892,0.3872243,19
42,0.3399343,0.817396,0.4540443,20
42,-0.3602212,1.349825,0.6472208,21
42,-0.4596093,1.15985,0.4815567,22
42,-0.1136853,1.445098,0.4008311,23
42,0.01870543,1.564901,0.5093012,24
42,-0.2197961,1.376015,0.3946584,25
42,0.4458845,1.273794,0.5296347,26
42,0.4837519,1.101624,0.5709176,27
42,0.3263878,1.443631,0.6174387,28
42,0.4580548,0.6942778,0.4082057,29
42,-0.4667735,1.294455,0.5265175,30
42,0.328733,1.309008,0.4592899,31
42,0.179319,1.519936,0.3889858,32
42,-0.4892363,1.402777,0.574563,33
42,0.4886425,0.8995744,0.3870601,34
42,-0.2597047,1.510701,0.6849914,35
42,0.3473152,1.553221,0.461123,36
42,0.4812436,1.541495,0.4316266,37
42,0.4376163,1.436062,0.6238722,38
42,-0.4740822,1.532675,0.5729095,39
42,-0.09351149,1.599919,0.6093671,40
42,-0.3740522,1.472814,0.3885705,41
42,0.3563902,0.6021509,0.5202916,42
