Case,X,Y,Z,a,v,index
30,-0.2514899,1.049975,0.5087972,0
30,-0.3765767,1.028103,0.4645786,1
30,-0.3250244,0.8787388,0.5201707,2
30,-0.157049,1.030898,0.4286623,3
30,-0.1188707,1.159069,0.6538578,4
30,-0.1783729,0.735019,0.6751175,5
30,-0.05221164,0.7472163,0.4230474,6
30,-0.2727329,0.7722988,0.3921306,7
30,-0.03257033,0.6362029,0.4138696,8
30,0.03165966,0.9217459,0.5222375,9
30,0.1362704,1.04142,0.4190924,10
30,-0.1142328,0.9452485,0.6785492,11
30,-0.3140677,0.6624167,0.5900788,12
30,0.04417622,0.7052257,0.6681089,13
30,-0.347742,1.177143,0.4832969,14
30,-0.2290961,0.6047928,0.522719,15
30,-0.4668721,1.117046,0.6587762,16
30,-0.1186628,0.6642889,0.408857,17
30,-0.4575211,0.9523044,0.6651871,18
30,-0.4395212,1.216139,0.4315914,19
30,-0.3731313,1.356198,0.4236949,20
30,-0.0008679628,1.059167,0.4861006,21
30,-0.4240541,0.6564543,0.491873,22
30,-0.4945323,1.341327,0.5630212,23
30,-0.4334149,0.8223709,0.465724,24
30,0.1885309,0.9556372,0.6504529,25
30,0.2384646,1.094679,0.6633313,26
30,-0.1436331,1.287358,0.6717125,27
30,-0.2283081,1.457681,0.6455433,28
30,-0.3745559,0.75365,0.4859712,29
30,-0.2862582,1.307155,0.53299,30
30,0.2101701,0.7263932,0.4518604,31
30,-0.4962783,0.7370754,0.4652304,32
30,-0.3908693,1.468725,0.4675121,33
30,-0.4002871,1.566301,0.5456197,34
30,0.1451737,0.6356013,0.4821137,35
30,-0.02644148,1.174369,0.5141426,36
30,-0.4839745,1.515025,0.4413735,37
30,0.2772475,0.8576009,0.4066955,38
30,-0.2826103,1.538617,0.4313441,39
30,0.141388,1.22203,0.6656512,40
30,-0.05218831,1.287675,0.5321755,41
30,0.2643947,0.6420445,0.4888381,42
30,-0.1180031,1.551017,0.4860562,43
30,0.07734817,1.126274,0.4609244,44
30,0.3323783,1.18156,0.6090646,45
30,0.4964567,1.112132,0.5222545,46
30,0.3624989,1.282096,0.461472,47
30,0.04661661,1.25694,0.4135567,48
30,0.1316653,1.313992,0.4635149,49
30,0.2098472,1.413127,0.4360818,50
30,0.1517617,1.546405,0.5020182,51
30,0.3769392,1.445287,0.52685,52
30,0.3833847,1.101083,0.5103222,53
30,0.3806496,0.9001234,0.4361322,54
30,0.372864,0.7713265,0.428537,55
30,0.4235351,0.6814964,0.411087,56
30,0.02697742,1.519258,0.5342135,57
30,-0.2063714,1.598393,0.4785409,58
30,0.4374571,1.333073,0.432566,59
30,0.4867771,0.9063942,0.6513214,60
30,0.4833586,1.225502,0.5046994,61
30,0.4841002,0.9981059,0.6580657,62
30,0.4587163,0.8060363,0.4397796,63
30,0.2646864,1.556109,0.5828559,64
30,0.3944745,1.006539,0.5945846,65
30,0.4396834,1.512322,0.48364,66
30,0.3551027,1.563716,0.4595055,67
30,0.4893495,1.423521,0.4303105,68
