Case,X,Y,Z,a,v,index
34,0.2777024,0.8375412,0.4022795,0
34,0.1664311,0.670546,0.6062819,1
34,0.3422856,0.9741812,0.4161012,2
34,0.4003472,1.154662,0.6719176,3
34,0.2638447,0.6128839,0.5183104,4
34,0.3059537,1.315766,0.4598246,5
34,0.3984371,0.8395079,0.5307342,6
34,0.4277458,0.6271738,0.4259061,7
34,0.3543562,0.7339152,0.5031806,8
34,0.1216477,1.088341,0.4360715,9
34,-0.05402845,1.171433,0.6427206,10
34,0.4768794,0.7517662,0.398584,11
34,-0.002332449,1.034669,0.5172204,12
34,-0.1427993,0.747343,0.5550485,13
34,0.4593524,1.056525,0.3960804,14
34,-0.3285619,0.6832511,0.4518507,15
34,-0.1551669,1.116339,0.5448364,16
34,-0.007177621,0.6364384,0.4699198,17
34,0.1095927,1.450091,0.5482606,18
34,0.1670853,0.8043686,0.5413493,19
34,-0.490806,0.6745516,0.3993539,20
34,-0.08754757,1.45082,0.3965342,21
34,-0.3920419,0.968031,0.5390996,22
34,0.48711,0.9058129,0.630227,23
34,-0.3514071,1.211447,0.3981264,24
34,-0.1823549,0.6145123,0.3892549,25
34,-0.3712955,0.8320369,0.5367516,26
34,-0.2263582,0.822596,0.4222205,27
34,-0.4560768,1.059562,0.5214545,28
34,0.00383532,1.516025,0.6053838,29
34,0.4984918,1.36676,0.5493857,30
34,0.2285853,1.484399,0.6117949,31
34,-0.339658,1.075689,0.5253296,32
34,-0.2927218,1.314997,0.6139948,33
34,0.4307065,1.261246,0.5465047,34
34,-0.2014821,1.431201,0.607666,35
34,-0.1183228,1.561711,0.3991817,36
34,-0.4787096,0.8862045,0.488308,37
34,0.1500928,1.562711,0.6461856,38
34,0.2666546,1.588521,0.5258006,39
34,-0.4767739,1.220574,0.395669,40
34,-0.3059981,1.480107,0.4965659,41
34,-0.4364218,1.32708,0.5091266,42
34,0.3323421,1.425084,0.5500045,43
34,0.4363207,1.468471,0.6372352,44
34,-0.4561355,1.516689,0.4295231,45
34,0.4200652,1.582513,0.4354554,46
34,-0.263252,1.599532,0.4371553,47
