Case,X,Y,Z,a,v,index
29,0.36376,0.884906,0.5124648,0
29,0.2547567,0.7643464,0.6670109,1
29,0.4222893,1.003182,0.4467877,2
29,0.4514893,0.9144663,0.6833039,3
29,0.2525639,0.6183404,0.5137233,4
29,0.3836802,0.7791331,0.5349279,5
29,0.1872445,0.6876346,0.5262067,6
29,0.3503054,0.6256751,0.4713679,7
29,0.2154516,1.1593,0.4792641,8
29,0.07340455,1.259845,0.6241639,9
29,0.4311529,0.6667741,0.4140344,10
29,0.476893,0.7474097,0.4263026,11
29,0.3761159,1.114136,0.4892899,12
29,0.2041817,1.009449,0.3983262,13
29,0.07158756,0.9755515,0.5351934,14
29,0.09789193,0.6464261,0.4797359,15
29,0.005172789,0.636745,0.4795334,16
29,-0.07884657,1.318407,0.3901863,17
29,0.4918929,1.109912,0.4380174,18
29,0.1168615,1.097202,0.6509629,19
29,-0.09982759,0.7519195,0.4187023,20
29,-0.1191539,0.6519552,0.65881,21
29,0.06323808,0.8725579,0.4692131,22
29,-0.01771775,0.9554681,0.610594,23
29,-0.03555012,1.095745,0.4086992,24
29,0.08496118,1.53033,0.4029077,25
29,-0.2734917,0.7407265,0.4739848,26
29,-0.1855856,0.7807703,0.4012076,27
29,0.3616025,1.21112,0.4319408,28
29,0.3610181,1.365815,0.4506416,29
29,-0.1307618,0.9712421,0.4361468,30
29,0.2137938,1.497242,0.4062805,31
29,0.4625494,1.197266,0.3996765,32
29,0.2819962,1.429074,0.4502729,33
29,0.486479,1.444968,0.5795473,34
29,0.3433447,1.545276,0.5136699,35
29,-0.09746766,1.228242,0.6547301,36
29,-0.2756942,0.8877759,0.5288795,37
29,0.1823518,1.586779,0.682562,38
29,0.4378088,1.586583,0.486344,39
29,0.4690611,1.287445,0.4169983,40
29,-0.0699521,1.480081,0.3986047,41
29,-0.3975077,1.263235,0.5114662,42
29,-0.3921771,0.7227765,0.4939888,43
29,-0.1192146,1.56355,0.4516307,44
29,-0.4540289,1.012446,0.4070386,45
29,-0.2135239,0.6419716,0.636631,46
29,-0.2468116,1.395077,0.5137945,47
29,-0.1319958,1.069153,0.523015,48
29,0.04472727,1.162,0.3988194,49
29,-0.4909958,0.8741828,0.6100222,50
29,-0.00127694,1.598322,0.3934187,51
29,-0.4383569,0.8005948,0.5091705,52
29,-0.3983076,0.9266863,0.5110694,53
29,-0.4958167,1.310544,0.4110835,54
29,-0.3423207,0.9986584,0.677351,55
29,-0.447132,1.38687,0.6599424,56
29,-0.4474133,1.120173,0.6307347,57
29,-0.3403243,0.8205705,0.3898427,58
29,-0.34852,1.465042,0.4164573,59
29,-0.4601558,1.49126,0.6812832,60
29,-0.4122945,0.632934,0.4375988,61
29,-0.3107,0.6458412,0.4604075,62
29,-0.3242923,1.346652,0.4114676,63
29,-0.4871224,0.7175024,0.422107,64
29,-0.2424302,1.505803,0.6589512,65
29,-0.4560703,1.595855,0.5155688,66
29,-0.271665,1.596741,0.6600084,67
29,-0.3640755,1.560142,0.5189756,68
