Case,X,Y,Z,a,v,index
33,-0.3197303,0.6194752,0.4844902,0
33,-0.2087148,0.6101577,0.4926954,1
33,-0.2570816,0.7980679,0.4674923,2
33,-0.4690032,0.7035824,0.5091587,3
33,-0.0624736,0.6044362,0.4198798,4
33,0.05628341,0.6324747,0.5399787,5
33,-0.1454047,0.7282166,0.6789429,6
33,-0.3799525,0.8175563,0.4016734,7
33,-0.00446102,0.7480824,0.3894623,8
33,-0.02904853,0.9619017,0.4809777,9
33,0.04199016,1.132201,0.5154124,10
33,-0.09693056,1.048947,0.4995368,11
33,-0.4669473,0.888384,0.4479405,12
33,0.1763592,0.6927515,0.4269996,13
33,0.1357405,1.063312,0.5201803,14
33,0.2421894,0.8051753,0.4964789,15
33,0.3385248,1.003764,0.4891956,16
33,-0.3852154,0.9737144,0.5216423,17
33,-0.4813076,1.145322,0.5866452,18
33,-0.4830022,1.026774,0.4231193,19
33,-0.05220798,1.223658,0.6814576,20
33,0.3857364,0.7432073,0.4076551,21
33,-0.06575927,1.471786,0.4791018,22
33,0.2772986,0.9111686,0.4778171,23
33,0.0461691,1.477745,0.5354478,24
33,0.1881331,1.435242,0.4303353,25
33,-0.05229598,1.587889,0.4669561,26
33,0.431295,0.8449447,0.4669799,27
33,-0.2369038,1.430692,0.6823118,28
33,-0.3618361,1.267425,0.4454464,29
33,0.3197973,1.405741,0.4682104,30
33,0.297629,0.6198196,0.5161544,31
33,0.1581602,1.557489,0.4484273,32
33,-0.2277676,1.585827,0.5145574,33
33,0.4473408,1.089912,0.4275179,34
33,-0.3464934,1.466601,0.3979373,35
33,0.4660434,1.202582,0.5253589,36
33,-0.466611,1.316482,0.4972831,37
33,0.4438223,0.6372915,0.4324937,38
33,-0.4563255,1.553414,0.5007627,39
33,-0.4967608,1.444587,0.5104879,40
33,-0.3451278,1.590344,0.550283,41
33,0.3506388,1.560984,0.6031321,42
33,0.4849116,1.592799,0.40018,43
33,0.4533786,1.38444,0.604969,44
33,0.4554065,0.9736408,0.6843419,45
