Case,X,Y,Z,a,v,index
45,-0.2514899,1.049975,0.5085293,0
45,-0.3765767,1.028103,0.6343951,1
45,-0.3250244,0.8787388,0.4680759,2
45,-0.157049,1.030898,0.4927412,3
45,-0.1188707,1.159069,0.5444899,4
45,-0.1783729,0.735019,0.5905209,5
45,-0.05221164,0.7472163,0.4353513,6
45,-0.2727329,0.7722988,0.6805992,7
45,-0.03257033,0.6362029,0.4066132,8
45,0.03165966,0.9217459,0.5079435,9
45,0.1362704,1.04142,0.3893771,10
45,-0.1142328,0.9452485,0.5263914,11
45,-0.3140677,0.6624167,0.4861069,12
45,0.04417622,0.7052257,0.5181729,13
45,-0.347742,1.177143,0.4081417,14
45,-0.2290961,0.6047928,0.5925488,15
45,-0.4668721,1.117046,0.4632123,16
45,-0.1186628,0.6642889,0.5851356,17
45,-0.4575211,0.9523044,0.6655115,18
45,-0.4395212,1.216139,0.5249934,19
45,-0.3731313,1.356198,0.421795,20
45,-0.0008679628,1.059167,0.5383666,21
45,-0.4240541,0.6564543,0.4526096,22
45,-0.4945323,1.341327,0.6039269,23
45,-0.4334149,0.8223709,0.5980021,24
45,0.1885309,0.9556372,0.6336717,25
45,0.2384646,1.094679,0.5731262,26
45,-0.1436331,1.287358,0.4903986,27
45,-0.2283081,1.457681,0.4111615,28
45,-0.3745559,0.75365,0.4954783,29
45,-0.2862582,1.307155,0.430291,30
45,0.2101701,0.7263932,0.4789205,31
45,-0.4962783,0.7370754,0.6552937,32
45,-0.3908693,1.468725,0.4806942,33
45,-0.4002871,1.566301,0.6186947,34
45,0.1451737,0.6356013,0.4573877,35
45,-0.02644148,1.174369,0.4894018,36
45,-0.4839745,1.515025,0.596723,37
45,0.2772475,0.8576009,0.5899898,38
45,-0.2826103,1.538617,0.4533112,39
45,0.141388,1.22203,0.5339913,40
45,-0.05218831,1.287675,0.4902654,41
45,0.2643947,0.6420445,0.5010343,42
45,-0.1180031,1.551017,0.3875341,43
45,0.07734817,1.126274,0.5831352,44
45,0.3323783,1.18156,0.6611101,45
45,0.4964567,1.112132,0.5960547,46
45,0.3624989,1.282096,0.4139279,47
45,0.04661661,1.25694,0.4130214,48
45,0.1316653,1.313992,0.5020127,49
45,0.2098472,1.413127,0.4071329,50
45,0.1517617,1.546405,0.6124801,51
45,0.3769392,1.445287,0.4488596,52
45,0.3833847,1.101083,0.3971671,53
45,0.3806496,0.9001234,0.4130231,54
45,0.372864,0.7713265,0.4477115,55
45,0.4235351,0.6814964,0.4686205,56
45,0.02697742,1.519258,0.6543773,57
45,-0.2063714,1.598393,0.5174906,58
45,0.4374571,1.333073,0.4110952,59
45,0.4867771,0.9063942,0.6719451,60
45,0.4833586,1.225502,0.637323,61
45,0.4841002,0.9981059,0.5575418,62
45,0.4587163,0.8060363,0.6349819,63
45,0.2646864,1.556109,0.5950342,64
45,0.3944745,1.006539,0.4150466,65
45,0.4396834,1.512322,0.4353953,66
45,0.3551027,1.563716,0.490869,67
45,0.4893495,1.423521,0.620942,68
