Case,X,Y,Z,a,v,index
2,-0.2780068,1.470732,0.4855213,0
2,-0.3191495,1.34453,0.5575877,1
2,-0.4779992,1.541077,0.4236247,2
2,-0.2719156,1.589713,0.4213442,3
2,-0.4088144,1.447086,0.5197986,4
2,-0.1559264,1.556402,0.4995244,5
2,-0.1529751,1.429497,0.5089324,6
2,-0.4471014,1.266195,0.5171458,7
2,-0.396771,1.159251,0.4826188,8
2,0.05855238,1.58949,0.408548,9
2,-0.08360159,1.214856,0.4829095,10
2,-0.01573643,1.493653,0.3897085,11
2,-0.4964016,1.072494,0.5476447,12
2,0.1883995,1.568918,0.4755692,13
2,-0.3531768,1.054007,0.4484935,14
2,-0.4945068,1.367984,0.5816003,15
2,-0.116456,1.015527,0.5356944,16
2,0.03971308,1.153224,0.4882748,17
2,-0.01982215,0.955097,0.4916928,18
2,-0.4473267,0.9350852,0.4406324,19
2,0.1005943,1.451986,0.4998111,20
2,-0.2611245,0.8642624,0.6673957,21
2,0.1333507,1.009739,0.5236311,22
2,0.217596,1.420658,0.3960291,23
2,0.3763959,1.547666,0.5080494,24
2,0.3501114,1.230271,0.4438811,25
2,-0.1402781,0.701728,0.669034,26
2,-0.4314097,0.7761112,0.4851237,27
2,0.02652007,0.7307147,0.5221484,28
2,0.1373619,0.7408451,0.433257,29
2,0.208514,0.642377,0.6668653,30
2,0.3904971,1.434248,0.4767745,31
2,-0.2734228,0.7546922,0.452601,32
2,0.4856389,1.162052,0.5132287,33
2,-0.01060444,0.6132415,0.5131297,34
2,0.3890041,0.7041485,0.4409387,35
2,0.4880969,0.6285436,0.4085462,36
2,0.333151,0.9140787,0.6152635,37
2,-0.397907,0.6199264,0.44046,38
2,0.386224,1.100352,0.6844771,39
2,0.4374813,0.8487814,0.4188524,40
2,-0.2563644,0.6340743,0.4395894,41
2,0.4807322,1.024816,0.4180517,42
2,0.3039011,0.7754599,0.6590835,43
2,0.4820269,1.342244,0.5279094,44
2,0.4955317,1.585192,0.5610285,45
