Case,X,Y,Z,a,v,index
35,-0.4236917,1.379919,0.6406975,0
35,-0.3510343,1.262049,0.5338858,1
35,-0.3361703,1.401426,0.3903542,2
35,-0.2401728,1.387114,0.4840894,3
35,-0.2411543,1.5293,0.4569536,4
35,-0.3230801,1.584775,0.5148023,5
35,-0.3627274,1.492598,0.4262914,6
35,-0.4580184,1.515637,0.3874336,7
35,-0.1536907,1.287405,0.3901244,8
35,-0.05333394,1.303264,0.3881904,9
35,-0.05583203,1.143731,0.6103448,10
35,-0.07240149,1.501744,0.4497155,11
35,-0.1364601,1.570014,0.4696835,12
35,-0.471402,1.3013,0.4833083,13
35,0.02413112,1.492545,0.4653625,14
35,-0.1672006,1.120064,0.5404663,15
35,0.1189915,1.497894,0.4241702,16
35,0.2345369,1.550643,0.4157148,17
35,0.3629864,1.469936,0.3886204,18
35,0.1232017,1.228761,0.5082647,19
35,0.2808809,1.369057,0.4638292,20
35,0.08693916,1.057127,0.4850758,21
35,-0.4637375,1.189993,0.4391113,22
35,-0.1352412,0.9581932,0.4709066,23
35,0.3867007,1.30795,0.4850248,24
35,-0.009540647,1.581754,0.3922082,25
35,0.3399487,1.200396,0.5337551,26
35,0.2704908,1.461383,0.6636549,27
35,0.4069086,1.589145,0.5176357,28
35,-0.04334083,0.9708633,0.6563387,29
35,0.2017173,1.167466,0.4916296,30
35,-0.007267088,0.871531,0.4988546,31
35,-0.2159352,0.9983559,0.4342075,32
35,0.09386945,1.591269,0.4417371,33
35,0.02137649,1.193545,0.4274628,34
35,-0.4985571,1.030431,0.6020074,35
35,-0.4144136,0.9731382,0.4542055,36
35,0.0853501,0.9439493,0.5580293,37
35,0.4943095,1.555588,0.623974,38
35,0.4562805,1.378667,0.5219722,39
35,-0.270602,0.8584629,0.4237449,40
35,0.2002844,0.9856838,0.5196943,41
35,0.4247269,1.155584,0.6106021,42
35,-0.1098399,0.7017295,0.5293384,43
35,-0.3872759,1.125813,0.5313401,44
35,-0.3302666,0.927451,0.4250214,45
35,-0.2691538,0.6720788,0.4124396,46
35,-0.3409866,1.028156,0.6714877,47
35,0.006391108,0.7155195,0.5082605,48
35,0.008321166,0.6248311,0.5200418,49
35,0.4186081,1.051881,0.4430748,50
35,0.1393548,0.6704996,0.5079812,51
35,0.288992,0.7344834,0.6069118,52
35,-0.09754995,1.06045,0.6224785,53
35,0.3994049,0.9462279,0.438377,54
35,0.3050218,0.9214715,0.51804,55
35,-0.3435917,0.8035582,0.5489781,56
35,0.3695582,0.8021809,0.6014568,57
35,-0.3611657,0.6928428,0.4872136,58
35,-0.4740769,0.823333,0.4188086,59
35,-0.491163,0.6561128,0.5035102,60
35,-0.1638312,0.6028852,0.5128322,61
35,0.207973,0.606837,0.6266773,62
35,0.3568868,0.6285788,0.4860986,63
35,0.4701678,0.8865024,0.4248734,64
35,0.4807681,0.7374817,0.5775338,65
35,0.4945419,0.629858,0.6017359,66
35,0.1833881,0.7634553,0.450316,67
