Case,X,Y,Z,a,v,index
37,-0.3197303,0.6194752,0.6646287,0
37,-0.2288994,0.6118518,0.4263727,1
37,-0.2684723,0.7655965,0.4842714,2
37,-0.4418626,0.6882902,0.6153196,3
37,-0.1092475,0.6071706,0.4231924,4
37,-0.2621471,0.9267849,0.5075502,5
37,-0.01208273,0.6301112,0.6116533,6
37,-0.1771002,0.7084455,0.407279,7
37,-0.369003,0.7815415,0.533821,8
37,-0.06178272,0.7246993,0.4375695,9
37,-0.08189976,0.8996423,0.6155693,10
37,-0.02377722,1.038978,0.5060925,11
37,-0.1374396,0.9708613,0.4926199,12
37,0.08221602,0.8925573,0.5291138,13
37,-0.4692136,0.7860814,0.4932028,14
37,0.08616108,0.6794285,0.6263958,15
37,0.05292755,0.9826145,0.4664614,16
37,0.1461641,1.013827,0.5006009,17
37,-0.4787015,0.9138547,0.5069199,18
37,-0.3697257,0.9025645,0.5302277,19
37,0.06514013,1.126018,0.436988,20
37,0.1775692,1.129011,0.4872803,21
37,-0.4844067,1.062822,0.4721389,22
37,-0.3670008,1.050887,0.56473,23
37,-0.4484123,1.150846,0.6002593,24
37,0.2574697,0.7207106,0.4159132,25
37,-0.4132518,1.270209,0.4729909,26
37,-0.177464,1.075511,0.397577,27
37,0.2334713,1.377326,0.4471303,28
37,-0.03673741,1.128299,0.4324242,29
37,-0.2002956,1.167941,0.6643316,30
37,0.3736222,0.6859351,0.4190975,31
37,0.08654445,1.316522,0.4634125,32
37,0.1170372,1.21386,0.58473,33
37,0.378138,0.8843296,0.44688,34
37,-0.03932703,1.25606,0.5917541,35
37,0.1570682,0.6124464,0.486559,36
37,-0.4246038,1.398966,0.4136992,37
37,0.3984824,1.011159,0.6357437,38
37,0.2889054,0.6269898,0.674384,39
37,0.3532325,1.320926,0.477777,40
37,0.4518052,1.211723,0.4336936,41
37,0.4798469,1.061254,0.5025902,42
37,0.08975023,1.469856,0.4039402,43
37,0.3646182,0.7896065,0.6538734,44
37,0.4955791,0.8052853,0.4504129,45
37,0.204542,1.478765,0.4116463,46
37,0.3663836,1.165688,0.6181034,47
37,-0.3017452,1.359845,0.5302634,48
37,0.4593034,0.9393228,0.4916154,49
37,0.1559528,1.571309,0.5696434,50
37,0.3182267,1.590528,0.4485343,51
37,0.03726441,1.592769,0.3926672,52
37,0.4865476,0.7129642,0.4078105,53
37,0.4353801,1.377072,0.4618164,54
37,0.3141982,1.447388,0.4579971,55
37,0.446219,0.6164688,0.3964914,56
37,0.4586262,1.570512,0.4666868,57
37,0.4585413,1.477788,0.5026695,58
37,-0.07488546,1.53842,0.5948433,59
37,-0.224272,1.444457,0.4792989,60
37,-0.1784089,1.543609,0.5029523,61
37,-0.4725656,1.50854,0.6860405,62
37,-0.09854433,1.436943,0.643321,63
37,-0.4996533,1.34722,0.4750172,64
37,-0.2748905,1.584423,0.506645,65
37,-0.127295,1.223146,0.4192351,66
37,-0.3117619,1.499223,0.4049256,67
37,-0.3768137,1.565236,0.4936397,68
