Case,X,Y,Z,a,v,index
13,0.2374204,1.416169,0.5797333,0
13,0.01707071,1.174902,0.4423564,1
13,0.1169671,1.083888,0.5048212,2
13,0.3886437,1.383337,0.5156823,3
13,-0.1501259,1.511472,0.4697582,4
13,0.1741068,1.528488,0.6866524,5
13,0.3574032,1.55749,0.4202161,6
13,0.3633232,1.190615,0.5932738,7
13,-0.2736042,1.473994,0.5995322,8
13,0.4045701,1.014522,0.5482811,9
13,0.08776224,1.433252,0.6362929,10
13,0.05818027,1.544065,0.5360652,11
13,0.1841953,0.783972,0.4294071,12
13,-0.04592878,1.585732,0.3995041,13
13,0.01133364,0.9981082,0.457724,14
13,-0.1376089,1.133049,0.6469868,15
13,0.4812289,1.55835,0.6862317,16
13,0.3913856,0.8451251,0.4873108,17
13,-0.3587896,1.569553,0.4214293,18
13,-0.4691948,1.564839,0.4300711,19
13,-0.402465,1.395509,0.451923,20
13,0.4987053,1.432522,0.5322117,21
13,0.2859144,0.8824232,0.6280706,22
13,-0.2344298,1.596866,0.4494086,23
13,-0.269043,1.351736,0.4108807,24
13,-0.03835362,0.7215165,0.4296066,25
13,-0.4881066,1.197614,0.4526797,26
13,-0.4869292,1.310638,0.4026863,27
13,-0.4715477,1.08322,0.5510452,28
13,0.4624163,0.7373957,0.4451089,29
13,-0.2286435,0.7129505,0.4971732,30
13,-0.4012097,0.9936879,0.5316197,31
13,0.3526391,0.6969854,0.5655276,32
13,-0.3666611,1.127537,0.5851678,33
13,0.1518359,0.6408662,0.6529796,34
13,0.4897081,1.300762,0.419815,35
13,-0.2991646,0.8779497,0.480567,36
13,0.43754,0.6008942,0.6174963,37
13,-0.4450197,0.783393,0.6217682,38
13,0.3079759,1.291732,0.432285,39
13,-0.344888,0.6615737,0.635904,40
13,-0.4813432,0.6105803,0.5316979,41
13,0.2669009,0.6119646,0.4746797,42
13,0.4741753,1.166401,0.6551058,43
13,-0.1079799,0.6355541,0.5054346,44
13,-0.4980966,0.9363323,0.4432881,45
13,0.03700984,0.6349926,0.542908,46
