Case,X,Y,Z,a,v,index
5,0.009501994,1.167466,0.5014404,0
5,0.1867266,1.462806,0.5208826,1
5,-0.09964421,1.560996,0.4054537,2
5,0.4607139,1.235311,0.5195088,3
5,-0.09557852,1.443615,0.469385,4
5,0.4994676,1.111667,0.6357717,5
5,0.4908717,1.357578,0.4028788,6
5,-0.2088888,1.513801,0.6204503,7
5,0.3572323,1.485583,0.464632,8
5,0.4905676,1.503937,0.5291508,9
5,0.4629035,0.955566,0.4146754,10
5,0.3882641,1.591805,0.5364479,11
5,0.2695013,1.572758,0.4442814,12
5,0.3607178,1.316786,0.4452467,13
5,-0.2690013,1.350988,0.4579362,14
5,0.2826281,1.394963,0.6566466,15
5,0.0120346,1.052443,0.6666207,16
5,0.07632858,1.554364,0.5342677,17
5,-0.02103782,0.6345962,0.6050889,18
5,-0.1466841,1.075139,0.5669631,19
5,0.2457824,0.8231745,0.434476,20
5,-0.1689799,0.7627676,0.5271193,21
5,-0.06207523,0.9589568,0.3920539,22
5,-0.2844818,0.9043791,0.4172729,23
5,-0.3922611,1.213108,0.4228099,24
5,0.1517232,0.6683275,0.4511508,25
5,-0.4645724,1.385281,0.5570686,26
5,-0.4812332,1.020087,0.4939693,27
5,-0.4058843,0.850158,0.5712187,28
5,0.4134564,0.7548617,0.5162472,29
5,-0.494221,1.142682,0.4949419,30
5,0.2820135,0.6767685,0.430825,31
5,-0.4986836,1.598936,0.4469054,32
5,-0.3259166,1.523617,0.4499988,33
5,-0.2594055,0.6900633,0.438309,34
5,0.04998565,0.7735882,0.4787306,35
5,0.3518623,0.8958032,0.4120474,36
5,-0.1714083,0.6104065,0.4761748,37
5,0.4850643,0.6582474,0.522571,38
5,-0.3655504,0.6531602,0.4263346,39
5,0.3784437,0.6016917,0.4618531,40
5,0.4927448,0.8483266,0.415365,41
5,-0.3169044,0.7844891,0.490521,42
5,-0.4892783,0.7243062,0.4378798,43
