Case,X,Y,Z,a,v,index
44,0.36376,0.884906,0.5211465,0
44,0.2547567,0.7643464,0.4288804,1
44,0.4222893,1.003182,0.4501796,2
44,0.4514893,0.9144663,0.4720088,3
44,0.2525639,0.6183404,0.5113695,4
44,0.3836802,0.7791331,0.531216,5
44,0.1872445,0.6876346,0.3952071,6
44,0.3503054,0.6256751,0.4172295,7
44,0.2154516,1.1593,0.610291,8
44,0.07340455,1.259845,0.476682,9
44,0.4311529,0.6667741,0.6598934,10
44,0.476893,0.7474097,0.3972388,11
44,0.3761159,1.114136,0.570161,12
44,0.2041817,1.009449,0.5614769,13
44,0.07158756,0.9755515,0.4955122,14
44,0.09789193,0.6464261,0.4684899,15
44,0.005172789,0.636745,0.6673726,16
44,-0.07884657,1.318407,0.5367508,17
44,0.4918929,1.109912,0.55168,18
44,0.1168615,1.097202,0.6043019,19
44,-0.09982759,0.7519195,0.4410721,20
44,-0.1191539,0.6519552,0.6291751,21
44,0.06323808,0.8725579,0.4512073,22
44,-0.01771775,0.9554681,0.4479569,23
44,-0.03555012,1.095745,0.4106695,24
44,0.08496118,1.53033,0.4619133,25
44,-0.2734917,0.7407265,0.6810282,26
44,-0.1855856,0.7807703,0.5261253,27
44,0.3616025,1.21112,0.6404463,28
44,0.3610181,1.365815,0.4172156,29
44,-0.1307618,0.9712421,0.4811274,30
44,0.2137938,1.497242,0.453782,31
44,0.4625494,1.197266,0.6787394,32
44,0.2819962,1.429074,0.5054661,33
44,0.486479,1.444968,0.4615795,34
44,0.3433447,1.545276,0.6537322,35
44,-0.09746766,1.228242,0.5569704,36
44,-0.2756942,0.8877759,0.6045116,37
44,0.1823518,1.586779,0.5708067,38
44,0.4378088,1.586583,0.5757015,39
44,0.4690611,1.287445,0.4819024,40
44,-0.0699521,1.480081,0.5287088,41
44,-0.3975077,1.263235,0.4302536,42
44,-0.3921771,0.7227765,0.5441509,43
44,-0.1192146,1.56355,0.6138412,44
44,-0.4540289,1.012446,0.4962441,45
44,-0.2135239,0.6419716,0.4425718,46
44,-0.2468116,1.395077,0.6814204,47
44,-0.1319958,1.069153,0.5094937,48
44,0.04472727,1.162,0.4172256,49
44,-0.4909958,0.8741828,0.6781437,50
44,-0.00127694,1.598322,0.5153877,51
44,-0.4383569,0.8005948,0.6054358,52
44,-0.3983076,0.9266863,0.5028018,53
44,-0.4958167,1.310544,0.5645944,54
44,-0.3423207,0.9986584,0.4217319,55
44,-0.447132,1.38687,0.5212566,56
44,-0.4474133,1.120173,0.4352154,57
44,-0.3403243,0.8205705,0.4785155,58
44,-0.34852,1.465042,0.4726138,59
44,-0.4601558,1.49126,0.3986905,60
44,-0.4122945,0.632934,0.6668755,61
44,-0.3107,0.6458412,0.5902216,62
44,-0.3242923,1.346652,0.4784587,63
44,-0.4871224,0.7175024,0.4874007,64
44,-0.2424302,1.505803,0.4072249,65
44,-0.4560703,1.595855,0.5961316,66
44,-0.271665,1.596741,0.4651424,67
44,-0.3640755,1.560142,0.5196451,68
