Case,X,Y,Z,a,v,index
8,-0.04318434,0.9942126,0.4148183,0
8,0.04893875,1.192551,0.4111924,1
8,0.2411786,0.8545536,0.4379364,2
8,0.4051219,1.14031,0.6105328,3
8,0.4555419,0.8775098,0.3907118,4
8,0.1360509,0.6688324,0.4629145,5
8,0.4383813,0.7071878,0.6733868,6
8,0.08793592,1.059492,0.5353447,7
8,0.4181769,1.012355,0.4823566,8
8,0.3297402,1.295802,0.4417842,9
8,0.3275615,0.6316664,0.4001639,10
8,-0.05099338,0.6060132,0.6364129,11
8,0.4374301,1.477364,0.3900109,12
8,0.4594262,1.241617,0.4327594,13
8,-0.068198,1.123165,0.4451508,14
8,0.3293029,0.7627922,0.6394285,15
8,-0.2238823,0.7993555,0.4891446,16
8,0.00819242,1.523032,0.4438983,17
8,0.1183952,1.455125,0.5975881,18
8,-0.1839626,0.646596,0.5516019,19
8,0.02181423,0.7384076,0.6164334,20
8,0.4209535,1.367256,0.5180817,21
8,-0.09192592,0.7459952,0.5316269,22
8,0.2480849,1.508151,0.6216251,23
8,0.3852829,1.592826,0.5165557,24
8,-0.1817388,1.461983,0.4314431,25
8,0.2471834,1.396004,0.5146566,26
8,0.1156887,1.596273,0.3986775,27
8,-0.2922724,0.9253495,0.4508143,28
8,-0.4464157,1.068104,0.6703726,29
8,-0.306554,0.6809703,0.4931755,30
8,-0.4362023,1.350935,0.4470956,31
8,-0.3374475,1.411091,0.6603196,32
8,-0.4397666,1.213608,0.5444459,33
8,-0.4461411,0.9074546,0.5092355,34
8,-0.4158199,1.535453,0.4891673,35
8,-0.3893818,0.7747118,0.4219689,36
8,-0.2187116,1.595814,0.5643244,37
8,-0.4364499,0.6165788,0.6420424,38
8,-0.4969251,0.7137784,0.6109737,39
8,-0.09372175,1.57646,0.4315488,40
