Case,X,Y,Z,a,v,index
39,0.3488177,0.778896,0.5147736,0
39,0.3008358,0.697028,0.5337669,1
39,0.4347376,0.6616335,0.472069,2
39,0.4536091,0.8791662,0.5514407,3
39,0.469316,0.7732154,0.5557696,4
39,0.303499,0.6022884,0.6288822,5
39,0.4362853,1.009791,0.664827,6
39,0.4921825,1.09003,0.4591016,7
39,0.2136672,1.06798,0.4836969,8
39,0.4540554,1.203233,0.5820594,9
39,0.3462772,0.8885531,0.5824888,10
39,0.1992872,0.742202,0.6298097,11
39,0.1511558,0.6208963,0.4441186,12
39,0.09459203,0.7237913,0.3895711,13
39,0.3664721,1.22648,0.6845689,14
39,0.01683468,0.6572207,0.4149299,15
39,0.09791124,1.003045,0.4556709,16
39,0.2694829,1.346195,0.413949,17
39,-0.04950175,0.7397292,0.5071253,18
39,0.4477885,1.34988,0.3953703,19
39,0.05844051,1.102358,0.4678558,20
39,-0.1490551,0.6450445,0.4961164,21
39,-0.05454108,0.9386307,0.5155212,22
39,0.2576457,0.8286129,0.601254,23
39,-0.1833769,0.7980596,0.6102635,24
39,0.1739385,1.182791,0.5862526,25
39,0.06532264,1.192267,0.5976565,26
39,0.3663334,1.414148,0.5262718,27
39,-0.05846703,1.178781,0.5209528,28
39,0.1211624,1.277744,0.4915804,29
39,-0.2739692,0.6033288,0.6591643,30
39,-0.360884,0.802093,0.4384733,31
39,-0.3686657,0.9135329,0.5364145,32
39,-0.271823,0.7781336,0.4762937,33
39,0.3106644,1.544148,0.4723704,34
39,-0.07319194,1.089597,0.5500712,35
39,-0.461977,0.9921564,0.4857388,36
39,-0.4426965,0.7587916,0.668644,37
39,-0.4118688,1.141658,0.4884564,38
39,0.4530125,1.510748,0.6330675,39
39,-0.3675558,0.6743289,0.474996,40
39,-0.4503772,0.6142411,0.665169,41
39,0.4054822,1.590431,0.4920106,42
39,0.4940095,1.42846,0.6324103,43
39,-0.4615832,0.8611921,0.4423658,44
39,-0.1720218,1.029858,0.5922863,45
39,-0.1882941,1.121469,0.3964518,46
39,-0.005484343,1.017635,0.5549703,47
39,-0.4927758,1.080562,0.4760672,48
39,-0.129785,1.282464,0.397267,49
39,0.1338615,1.55652,0.6838456,50
39,0.05117142,1.337271,0.479165,51
39,0.2737904,1.451555,0.6841121,52
39,0.2217969,1.588822,0.4006073,53
39,-0.0623205,1.34612,0.4022388,54
39,-0.3465214,1.333844,0.4665793,55
39,-0.3321229,1.441937,0.5621566,56
39,-0.03568828,1.524695,0.446114,57
39,-0.3659637,1.221476,0.5072688,58
39,-0.4825236,1.350485,0.3872401,59
39,-0.2203856,1.46721,0.5764401,60
39,-0.4825652,1.23419,0.58619,61
39,-0.1104492,1.58437,0.5288543,62
39,-0.2681144,1.55238,0.5010412,63
39,0.02951533,1.593865,0.409675,64
39,-0.4725565,1.452929,0.4340572,65
39,-0.4162961,1.582988,0.4659426,66
39,-0.1087166,1.461608,0.4842997,67
