Case,X,Y,Z,a,v,index
7,-0.4512751,0.8891097,0.4951751,0
7,-0.4284178,0.9991384,0.6482441,1
7,-0.3900135,1.180639,0.677399,2
7,-0.4094281,1.307068,0.4595432,3
7,-0.3007981,0.8908958,0.4277919,4
7,-0.3099414,1.368162,0.5554428,5
7,-0.3859128,0.7754269,0.6534683,6
7,-0.3256114,0.6419181,0.6379632,7
7,-0.05527267,1.178871,0.5738691,8
7,0.01678163,1.079205,0.5172309,9
7,-0.2511931,0.770799,0.4498342,10
7,-0.1653779,1.466244,0.392385,11
7,0.1403272,1.154643,0.5947559,12
7,-0.4862301,0.6625152,0.6066526,13
7,0.04512173,1.227386,0.4714502,14
7,-0.1144693,1.052389,0.5709922,15
7,-0.02249545,1.493781,0.497244,16
7,-0.1191965,0.6047921,0.4049383,17
7,-0.4123527,1.51706,0.4996555,18
7,-0.1066378,0.7231603,0.5818318,19
7,0.0418278,0.6670396,0.5920351,20
7,0.1505885,1.481281,0.4258729,21
7,0.3374889,1.39797,0.4001545,22
7,-0.2447497,1.557319,0.4269618,23
7,0.1266304,0.7709303,0.3930029,24
7,0.1755745,0.6673403,0.4962847,25
7,0.3413255,1.568191,0.4991794,26
7,0.0342465,1.593977,0.5343031,27
7,0.2660382,0.772312,0.6661276,28
7,0.3426709,1.01746,0.4755199,29
7,0.1577493,1.59708,0.4745203,30
7,0.3897439,0.6955571,0.536064,31
7,0.459448,0.8848189,0.465869,32
7,0.3794029,1.256297,0.4458977,33
7,0.4912478,1.072582,0.5497702,34
7,0.303413,0.6001944,0.51314,35
7,-0.1229964,1.578539,0.4006194,36
7,0.4795337,1.564472,0.3931637,37
7,0.3569711,0.8379015,0.5000643,38
7,0.4356753,1.451411,0.5550603,39
7,0.4677022,1.344179,0.3932377,40
7,0.3855085,1.133822,0.4782948,41
