Case,X,Y,Z,a,v,index
4,0.2777024,0.8375412,0.6645179,0
4,0.1664311,0.670546,0.4656677,1
4,0.3422856,0.9741812,0.5891149,2
4,0.4003472,1.154662,0.5100961,3
4,0.2638447,0.6128839,0.5042398,4
4,0.3059537,1.315766,0.5307962,5
4,0.3984371,0.8395079,0.4961917,6
4,0.4277458,0.6271738,0.461861,7
4,0.3543562,0.7339152,0.4792276,8
4,0.1216477,1.088341,0.5018025,9
4,-0.05402845,1.171433,0.4574762,10
4,0.4768794,0.7517662,0.3961823,11
4,-0.002332449,1.034669,0.6116192,12
4,-0.1427993,0.747343,0.5634235,13
4,0.4593524,1.056525,0.5049976,14
4,-0.3285619,0.6832511,0.5280805,15
4,-0.1551669,1.116339,0.4212328,16
4,-0.007177621,0.6364384,0.5836164,17
4,0.1095927,1.450091,0.5493092,18
4,0.1670853,0.8043686,0.6802077,19
4,-0.490806,0.6745516,0.4963793,20
4,-0.08754757,1.45082,0.5535573,21
4,-0.3920419,0.968031,0.4055429,22
4,0.48711,0.9058129,0.3976961,23
4,-0.3514071,1.211447,0.3914411,24
4,-0.1823549,0.6145123,0.5049208,25
4,-0.3712955,0.8320369,0.4683756,26
4,-0.2263582,0.822596,0.5245416,27
4,-0.4560768,1.059562,0.5258731,28
4,0.00383532,1.516025,0.4997361,29
4,0.4984918,1.36676,0.423109,30
4,0.2285853,1.484399,0.4692799,31
4,-0.339658,1.075689,0.6672179,32
4,-0.2927218,1.314997,0.6443583,33
4,0.4307065,1.261246,0.5841402,34
4,-0.2014821,1.431201,0.4202593,35
4,-0.1183228,1.561711,0.4707767,36
4,-0.4787096,0.8862045,0.5196,37
4,0.1500928,1.562711,0.4930803,38
4,0.2666546,1.588521,0.6144925,39
4,-0.4767739,1.220574,0.487415,40
4,-0.3059981,1.480107,0.5678717,41
4,-0.4364218,1.32708,0.5526825,42
4,0.3323421,1.425084,0.5562878,43
4,0.4363207,1.468471,0.4968353,44
4,-0.4561355,1.516689,0.6422262,45
4,0.4200652,1.582513,0.4477549,46
4,-0.263252,1.599532,0.5831431,47
