Case,X,Y,Z,a,v,index
12,0.3701242,1.182277,0.5952386,0
12,0.4444676,0.9063593,0.4817075,1
12,0.4464175,0.7760707,0.5584245,2
12,0.4508157,1.055449,0.4385495,3
12,0.3671234,0.7092783,0.4885989,4
12,0.4833163,0.6515536,0.4028481,5
12,0.2784894,0.7650559,0.4730415,6
12,0.3980064,0.6140435,0.5301857,7
12,0.3440878,0.8480085,0.6556129,8
12,0.282422,0.647531,0.4255391,9
12,0.1961098,0.7117429,0.4660909,10
12,0.4660882,1.20957,0.5406356,11
12,0.08959901,0.9824455,0.4364144,12
12,0.3844547,0.9908252,0.4720804,13
12,0.1337953,0.6122114,0.5861475,14
12,0.009563386,0.6574029,0.3882387,15
12,0.1806495,1.140012,0.5131823,16
12,0.03207695,0.881165,0.5074545,17
12,0.2033603,1.012025,0.498936,18
12,0.03188789,1.153444,0.3957136,19
12,0.37257,1.357161,0.4264184,20
12,-0.12775,0.9879413,0.4707483,21
12,-0.09095055,0.6862608,0.452222,22
12,-0.1839049,0.7346189,0.533493,23
12,-0.09615824,1.255751,0.521292,24
12,0.308668,1.443402,0.5543357,25
12,-0.0161126,1.042437,0.6512071,26
12,0.1031228,1.266988,0.4026541,27
12,-0.002684087,1.330394,0.4205124,28
12,0.2113459,1.442386,0.480592,29
12,-0.1159263,1.124254,0.6785451,30
12,-0.1477376,0.6067415,0.4910682,31
12,-0.3200582,0.815388,0.5552782,32
12,-0.3080754,0.7189139,0.4011964,33
12,-0.2495917,0.634572,0.4490834,34
12,0.09215504,0.7038483,0.4608077,35
12,-0.1917458,1.211375,0.5251429,36
12,0.4096038,1.463017,0.652535,37
12,0.4819146,1.322052,0.4674565,38
12,0.3888232,1.588351,0.4022412,39
12,0.203669,1.573551,0.4090284,40
12,-0.4039194,0.6580697,0.568186,41
12,0.09507221,1.469456,0.4597963,42
12,-0.02443889,1.455598,0.5981901,43
12,-0.4470902,0.8394509,0.5129561,44
12,-0.3998196,0.7513408,0.445265,45
12,-0.1451267,1.480111,0.5375072,46
12,-0.380179,1.127614,0.4325064,47
12,-0.4805922,0.9823921,0.3907911,48
12,-0.4944677,0.7246354,0.4719807,49
12,-0.28488,1.349129,0.5334992,50
12,-0.4280325,1.26663,0.6659005,51
12,-0.2887229,1.445024,0.4542159,52
12,-0.4770563,1.109232,0.4185425,53
12,-0.3801252,1.49747,0.5568328,54
12,0.3036092,1.553356,0.4582865,55
12,-0.3947157,1.015061,0.5785227,56
12,-0.3955244,1.37256,0.4779469,57
12,-0.2868976,1.575961,0.6563655,58
12,0.08557433,1.573303,0.4202236,59
12,0.4675968,1.544808,0.3948028,60
12,-0.4768232,1.415926,0.3870907,61
12,-0.4756763,1.589185,0.5120519,62
12,-0.491528,0.6267601,0.4899186,63
12,-0.1375423,1.598808,0.4141746,64
12,-0.006308049,1.573166,0.4738239,65
