Case,X,Y,Z,a,v,index
7,-0.3197303,0.6194752,0.4300681,0
7,-0.2288994,0.6118518,0.4204636,1
7,-0.2684723,0.7655965,0.6100261,2
7,-0.4418626,0.6882902,0.4679607,3
7,-0.1092475,0.6071706,0.4101756,4
7,-0.2621471,0.9267849,0.542172,5
7,-0.01208273,0.6301112,0.5300768,6
7,-0.1771002,0.7084455,0.644202,7
7,-0.369003,0.7815415,0.5696151,8
7,-0.06178272,0.7246993,0.6744778,9
7,-0.08189976,0.8996423,0.6220584,10
7,-0.02377722,1.038978,0.4910008,11
7,-0.1374396,0.9708613,0.4739251,12
7,0.08221602,0.8925573,0.4455022,13
7,-0.4692136,0.7860814,0.4383943,14
7,0.08616108,0.6794285,0.4622061,15
7,0.05292755,0.9826145,0.4237714,16
7,0.1461641,1.013827,0.4599469,17
7,-0.4787015,0.9138547,0.6237115,18
7,-0.3697257,0.9025645,0.4359826,19
7,0.06514013,1.126018,0.5388947,20
7,0.1775692,1.129011,0.4476471,21
7,-0.4844067,1.062822,0.4127711,22
7,-0.3670008,1.050887,0.4565309,23
7,-0.4484123,1.150846,0.4520187,24
7,0.2574697,0.7207106,0.5267118,25
7,-0.4132518,1.270209,0.430356,26
7,-0.177464,1.075511,0.52653,27
7,0.2334713,1.377326,0.4798703,28
7,-0.03673741,1.128299,0.4487506,29
7,-0.2002956,1.167941,0.5463178,30
7,0.3736222,0.6859351,0.5796694,31
7,0.08654445,1.316522,0.456982,32
7,0.1170372,1.21386,0.599223,33
7,0.378138,0.8843296,0.6441554,34
7,-0.03932703,1.25606,0.3898219,35
7,0.1570682,0.6124464,0.5097579,36
7,-0.4246038,1.398966,0.4896774,37
7,0.3984824,1.011159,0.4580099,38
7,0.2889054,0.6269898,0.6143699,39
7,0.3532325,1.320926,0.5925657,40
7,0.4518052,1.211723,0.518481,41
7,0.4798469,1.061254,0.5576779,42
7,0.08975023,1.469856,0.4095969,43
7,0.3646182,0.7896065,0.3973919,44
7,0.4955791,0.8052853,0.5060302,45
7,0.204542,1.478765,0.5930906,46
7,0.3663836,1.165688,0.5782447,47
7,-0.3017452,1.359845,0.6582237,48
7,0.4593034,0.9393228,0.4068982,49
7,0.1559528,1.571309,0.6519401,50
7,0.3182267,1.590528,0.412873,51
7,0.03726441,1.592769,0.5902562,52
7,0.4865476,0.7129642,0.511763,53
7,0.4353801,1.377072,0.6009899,54
7,0.3141982,1.447388,0.3984937,55
7,0.446219,0.6164688,0.6272479,56
7,0.4586262,1.570512,0.3918321,57
7,0.4585413,1.477788,0.4235334,58
7,-0.07488546,1.53842,0.5321017,59
7,-0.224272,1.444457,0.5386289,60
7,-0.1784089,1.543609,0.5045371,61
7,-0.4725656,1.50854,0.6776721,62
7,-0.09854433,1.436943,0.6564376,63
7,-0.4996533,1.34722,0.6712425,64
7,-0.2748905,1.584423,0.5864989,65
7,-0.127295,1.223146,0.6166686,66
7,-0.3117619,1.499223,0.5455322,67
7,-0.3768137,1.565236,0.402608,68
