Case,X,Y,Z,a,v,index
14,0.36376,0.884906,0.5169371,0
14,0.2547567,0.7643464,0.4646142,1
14,0.4222893,1.003182,0.5234591,2
14,0.4514893,0.9144663,0.5356867,3
14,0.2525639,0.6183404,0.3886282,4
14,0.3836802,0.7791331,0.4453657,5
14,0.1872445,0.6876346,0.5865546,6
14,0.3503054,0.6256751,0.462082,7
14,0.2154516,1.1593,0.5699605,8
14,0.07340455,1.259845,0.4440796,9
14,0.4311529,0.6667741,0.5342672,10
14,0.476893,0.7474097,0.4240859,11
14,0.3761159,1.114136,0.4860288,12
14,0.2041817,1.009449,0.5520841,13
14,0.07158756,0.9755515,0.6070869,14
14,0.09789193,0.6464261,0.6462494,15
14,0.005172789,0.636745,0.3913161,16
14,-0.07884657,1.318407,0.4732825,17
14,0.4918929,1.109912,0.5770037,18
14,0.1168615,1.097202,0.4730847,19
14,-0.09982759,0.7519195,0.4599828,20
14,-0.1191539,0.6519552,0.6177301,21
14,0.06323808,0.8725579,0.4968359,22
14,-0.01771775,0.9554681,0.4147388,23
14,-0.03555012,1.095745,0.4082538,24
14,0.08496118,1.53033,0.5995519,25
14,-0.2734917,0.7407265,0.5108698,26
14,-0.1855856,0.7807703,0.4026978,27
14,0.3616025,1.21112,0.3963083,28
14,0.3610181,1.365815,0.5070471,29
14,-0.1307618,0.9712421,0.4549827,30
14,0.2137938,1.497242,0.5287755,31
14,0.4625494,1.197266,0.5155867,32
14,0.2819962,1.429074,0.6094685,33
14,0.486479,1.444968,0.5105163,34
14,0.3433447,1.545276,0.4856206,35
14,-0.09746766,1.228242,0.4548862,36
14,-0.2756942,0.8877759,0.5580969,37
14,0.1823518,1.586779,0.6386075,38
14,0.4378088,1.586583,0.6697654,39
14,0.4690611,1.287445,0.5249234,40
14,-0.0699521,1.480081,0.6029255,41
14,-0.3975077,1.263235,0.401674,42
14,-0.3921771,0.7227765,0.4044951,43
14,-0.1192146,1.56355,0.5287781,44
14,-0.4540289,1.012446,0.4928991,45
14,-0.2135239,0.6419716,0.6562223,46
14,-0.2468116,1.395077,0.4780116,47
14,-0.1319958,1.069153,0.4310918,48
14,0.04472727,1.162,0.6805048,49
14,-0.4909958,0.8741828,0.4646049,50
14,-0.00127694,1.598322,0.4283853,51
14,-0.4383569,0.8005948,0.3989186,52
14,-0.3983076,0.9266863,0.6854916,53
14,-0.4958167,1.310544,0.5744559,54
14,-0.3423207,0.9986584,0.4598346,55
14,-0.447132,1.38687,0.3920041,56
14,-0.4474133,1.120173,0.584811,57
14,-0.3403243,0.8205705,0.5116026,58
14,-0.34852,1.465042,0.438765,59
14,-0.4601558,1.49126,0.5391554,60
14,-0.4122945,0.632934,0.4862744,61
14,-0.3107,0.6458412,0.4642079,62
14,-0.3242923,1.346652,0.497197,63
14,-0.4871224,0.7175024,0.601703,64
14,-0.2424302,1.505803,0.5778082,65
14,-0.4560703,1.595855,0.6407719,66
14,-0.271665,1.596741,0.6456865,67
14,-0.3640755,1.560142,0.4690365,68
