Case,X,Y,Z,a,v,index
18,-0.3197303,0.6194752,0.4772826,0
18,-0.2087148,0.6101577,0.4577416,1
18,-0.2570816,0.7980679,0.5358847,2
18,-0.4690032,0.7035824,0.5242107,3
18,-0.0624736,0.6044362,0.4996912,4
18,0.05628341,0.6324747,0.4063657,5
18,-0.1454047,0.7282166,0.5213511,6
18,-0.3799525,0.8175563,0.4121344,7
18,-0.00446102,0.7480824,0.6265929,8
18,-0.02904853,0.9619017,0.4468839,9
18,0.04199016,1.132201,0.5852111,10
18,-0.09693056,1.048947,0.406871,11
18,-0.4669473,0.888384,0.4355256,12
18,0.1763592,0.6927515,0.4958972,13
18,0.1357405,1.063312,0.5050995,14
18,0.2421894,0.8051753,0.605957,15
18,0.3385248,1.003764,0.4978076,16
18,-0.3852154,0.9737144,0.458543,17
18,-0.4813076,1.145322,0.5117356,18
18,-0.4830022,1.026774,0.589457,19
18,-0.05220798,1.223658,0.42568,20
18,0.3857364,0.7432073,0.4373365,21
18,-0.06575927,1.471786,0.4821149,22
18,0.2772986,0.9111686,0.5867194,23
18,0.0461691,1.477745,0.6807518,24
18,0.1881331,1.435242,0.3971806,25
18,-0.05229598,1.587889,0.5323989,26
18,0.431295,0.8449447,0.6039669,27
18,-0.2369038,1.430692,0.6253862,28
18,-0.3618361,1.267425,0.519775,29
18,0.3197973,1.405741,0.4127613,30
18,0.297629,0.6198196,0.4769174,31
18,0.1581602,1.557489,0.5082432,32
18,-0.2277676,1.585827,0.4236401,33
18,0.4473408,1.089912,0.4292274,34
18,-0.3464934,1.466601,0.4691039,35
18,0.4660434,1.202582,0.4790132,36
18,-0.466611,1.316482,0.5035044,37
18,0.4438223,0.6372915,0.6035825,38
18,-0.4563255,1.553414,0.5519217,39
18,-0.4967608,1.444587,0.4425472,40
18,-0.3451278,1.590344,0.481889,41
18,0.3506388,1.560984,0.4312857,42
18,0.4849116,1.592799,0.585626,43
18,0.4533786,1.38444,0.6236484,44
18,0.4554065,0.9736408,0.4873947,45
