Case,X,Y,Z,a,v,index
29,-0.1152269,1.459708,0.4818417,0
29,0.08639407,1.14352,0.4248528,1
29,-0.2957572,1.355853,0.4740052,2
29,-0.1006594,1.210386,0.4340393,3
29,0.1747785,1.422019,0.4092928,4
29,0.0797019,1.585255,0.477335,5
29,0.3974426,1.175603,0.4909107,6
29,0.1339665,1.035326,0.6800206,7
29,0.2134618,1.578127,0.5084742,8
29,0.2675947,1.354327,0.426124,9
29,0.3676519,0.9931097,0.630704,10
29,-0.1867914,1.375142,0.4378771,11
29,-0.4080095,1.388047,0.4726571,12
29,0.3123724,1.482345,0.5789356,13
29,0.003992617,1.487729,0.6703711,14
29,-0.2670633,1.576562,0.4847691,15
29,0.4307281,1.530177,0.5035484,16
29,-0.2237729,0.7959017,0.3985645,17
29,-0.418207,1.518465,0.6589856,18
29,0.422358,1.407844,0.4453086,19
29,-0.3420761,0.8170471,0.4130502,20
29,-0.3194771,1.469309,0.5906463,21
29,-0.005096912,1.042447,0.4428861,22
29,-0.1188856,1.575455,0.4450082,23
29,0.4711949,0.8552654,0.5767616,24
29,-0.3687426,1.267335,0.4322654,25
29,-0.3698151,1.004688,0.4469627,26
29,-0.09956709,0.7048731,0.4855787,27
29,0.01950109,1.240084,0.4504424,28
29,-0.3650328,0.6819937,0.4940197,29
29,-0.4998064,0.8295761,0.4019836,30
29,-0.4837612,0.945189,0.4163802,31
29,0.1039754,0.7678976,0.3968751,32
29,-0.4697825,1.084587,0.4275666,33
29,0.08473557,0.6127239,0.4481934,34
29,-0.2064633,0.6379846,0.4169297,35
29,0.4887085,1.049595,0.6188785,36
29,0.2644665,0.6705368,0.5048222,37
29,0.3045452,0.7759336,0.4718736,38
29,-0.4996241,1.242079,0.4057466,39
29,0.3852997,1.299301,0.4770963,40
29,-0.4974052,0.6693391,0.6618366,41
29,0.4931325,1.24607,0.6551412,42
29,0.4408292,0.627739,0.428215,43
29,0.4145756,0.7570799,0.4920896,44
29,0.3012792,0.8860451,0.52249,45
29,-0.02699968,0.600678,0.4588809,46
