Case,X,Y,Z,a,v,index
24,0.3399369,1.216096,0.4866335,0
24,0.06045675,1.242463,0.5111176,1
24,0.09575808,1.128646,0.4509519,2
24,-0.04675952,1.160851,0.4561706,3
24,0.324496,0.9866744,0.4177095,4
24,0.1130248,0.7565259,0.6240985,5
24,0.4371348,1.323224,0.4671797,6
24,0.01219052,0.993651,0.5040611,7
24,0.4899578,1.448773,0.599748,8
24,-0.08088779,0.7157208,0.570776,9
24,0.2798242,1.393262,0.5266664,10
24,0.4326222,1.079491,0.4018685,11
24,0.231475,1.499813,0.6424074,12
24,0.1813222,0.66944,0.5324793,13
24,0.2114862,0.8323228,0.4299844,14
24,0.347777,1.531862,0.4248324,15
24,0.04579347,0.6181342,0.4256692,16
24,0.3789772,0.7554146,0.396672,17
24,0.4534262,0.9606633,0.5204411,18
24,-0.1630268,0.6355991,0.4896945,19
24,0.4731272,1.594054,0.6035324,20
24,0.3481997,0.8743489,0.5152618,21
24,-0.09415591,1.049701,0.4130352,22
24,-0.3062166,0.7568684,0.5237714,23
24,0.09968913,1.580411,0.4603788,24
24,-0.01366416,1.448282,0.499085,25
24,0.4947066,0.8434402,0.4489852,26
24,0.4692273,0.666739,0.4808497,27
24,0.3015789,0.6701624,0.4244505,28
24,-0.2236644,1.392837,0.6222939,29
24,-0.3491482,0.8810123,0.4977881,30
24,-0.08311296,1.559227,0.4353482,31
24,0.4901053,1.173903,0.6568769,32
24,-0.4858206,0.7401143,0.5253966,33
24,-0.4827951,0.8773026,0.4641392,34
24,-0.3259304,1.586941,0.4204174,35
24,-0.3852929,0.6316778,0.531596,36
24,-0.4429477,1.002318,0.4313528,37
24,-0.4158984,1.272499,0.6649838,38
24,-0.4854766,1.113615,0.5645383,39
24,-0.2744391,0.6213977,0.5269988,40
24,-0.3660442,1.457761,0.5365891,41
24,-0.2118069,1.579481,0.4971699,42
24,-0.4868219,1.46849,0.5715564,43
24,-0.4970936,0.6127017,0.58421,44
24,-0.3013878,1.302453,0.4523319,45
