Case,X,Y,Z,a,v,index
9,0.3488177,0.778896,0.4791242,0
9,0.3008358,0.697028,0.6731116,1
9,0.4347376,0.6616335,0.53122,2
9,0.4536091,0.8791662,0.4774866,3
9,0.469316,0.7732154,0.6382236,4
9,0.303499,0.6022884,0.6626675,5
9,0.4362853,1.009791,0.4500266,6
9,0.4921825,1.09003,0.4953108,7
9,0.2136672,1.06798,0.399499,8
9,0.4540554,1.203233,0.5900265,9
9,0.3462772,0.8885531,0.5305883,10
9,0.1992872,0.742202,0.6132044,11
9,0.1511558,0.6208963,0.6369007,12
9,0.09459203,0.7237913,0.413862,13
9,0.3664721,1.22648,0.5300197,14
9,0.01683468,0.6572207,0.5649902,15
9,0.09791124,1.003045,0.4812651,16
9,0.2694829,1.346195,0.5146848,17
9,-0.04950175,0.7397292,0.5054224,18
9,0.4477885,1.34988,0.5130035,19
9,0.05844051,1.102358,0.4604923,20
9,-0.1490551,0.6450445,0.4320966,21
9,-0.05454108,0.9386307,0.4238971,22
9,0.2576457,0.8286129,0.5033568,23
9,-0.1833769,0.7980596,0.5536213,24
9,0.1739385,1.182791,0.4686224,25
9,0.06532264,1.192267,0.5346583,26
9,0.3663334,1.414148,0.5397023,27
9,-0.05846703,1.178781,0.6693385,28
9,0.1211624,1.277744,0.5225698,29
9,-0.2739692,0.6033288,0.4409891,30
9,-0.360884,0.802093,0.4908378,31
9,-0.3686657,0.9135329,0.4696009,32
9,-0.271823,0.7781336,0.4713562,33
9,0.3106644,1.544148,0.4227155,34
9,-0.07319194,1.089597,0.5286011,35
9,-0.461977,0.9921564,0.4434271,36
9,-0.4426965,0.7587916,0.4846536,37
9,-0.4118688,1.141658,0.442927,38
9,0.4530125,1.510748,0.4649362,39
9,-0.3675558,0.6743289,0.5703772,40
9,-0.4503772,0.6142411,0.661577,41
9,0.4054822,1.590431,0.4201742,42
9,0.4940095,1.42846,0.5325702,43
9,-0.4615832,0.8611921,0.4598486,44
9,-0.1720218,1.029858,0.4078133,45
9,-0.1882941,1.121469,0.474543,46
9,-0.005484343,1.017635,0.506952,47
9,-0.4927758,1.080562,0.5316043,48
9,-0.129785,1.282464,0.5635558,49
9,0.1338615,1.55652,0.4899116,50
9,0.05117142,1.337271,0.5836391,51
9,0.2737904,1.451555,0.5514042,52
9,0.2217969,1.588822,0.519411,53
9,-0.0623205,1.34612,0.4781068,54
9,-0.3465214,1.333844,0.4577368,55
9,-0.3321229,1.441937,0.4193064,56
9,-0.03568828,1.524695,0.4237608,57
9,-0.3659637,1.221476,0.5054659,58
9,-0.4825236,1.350485,0.4438808,59
9,-0.2203856,1.46721,0.4704708,60
9,-0.4825652,1.23419,0.5630056,61
9,-0.1104492,1.58437,0.4936401,62
9,-0.2681144,1.55238,0.4331134,63
9,0.02951533,1.593865,0.5057153,64
9,-0.4725565,1.452929,0.4092873,65
9,-0.4162961,1.582988,0.5193585,66
9,-0.1087166,1.461608,0.4002451,67
