Case,X,Y,Z,a,v,index
22,-0.4512751,0.8891097,0.5013247,0
22,-0.4284178,0.9991384,0.5102971,1
22,-0.3900135,1.180639,0.4804442,2
22,-0.4094281,1.307068,0.4446426,3
22,-0.3007981,0.8908958,0.6563461,4
22,-0.3099414,1.368162,0.4023921,5
22,-0.3859128,0.7754269,0.4320518,6
22,-0.3256114,0.6419181,0.514102,7
22,-0.05527267,1.178871,0.4805299,8
22,0.01678163,1.079205,0.4572016,9
22,-0.2511931,0.770799,0.5412731,10
22,-0.1653779,1.466244,0.5957062,11
22,0.1403272,1.154643,0.4976946,12
22,-0.4862301,0.6625152,0.4980102,13
22,0.04512173,1.227386,0.4771736,14
22,-0.1144693,1.052389,0.5656714,15
22,-0.02249545,1.493781,0.4818267,16
22,-0.1191965,0.6047921,0.5147542,17
22,-0.4123527,1.51706,0.5652006,18
22,-0.1066378,0.7231603,0.4254609,19
22,0.0418278,0.6670396,0.40746,20
22,0.1505885,1.481281,0.6587852,21
22,0.3374889,1.39797,0.4829029,22
22,-0.2447497,1.557319,0.466691,23
22,0.1266304,0.7709303,0.5430129,24
22,0.1755745,0.6673403,0.4013905,25
22,0.3413255,1.568191,0.4076601,26
22,0.0342465,1.593977,0.4739999,27
22,0.2660382,0.772312,0.4059344,28
22,0.3426709,1.01746,0.4967806,29
22,0.1577493,1.59708,0.4219995,30
22,0.3897439,0.6955571,0.5786834,31
22,0.459448,0.8848189,0.558345,32
22,0.3794029,1.256297,0.4643272,33
22,0.4912478,1.072582,0.4933929,34
22,0.303413,0.6001944,0.5154781,35
22,-0.1229964,1.578539,0.6021701,36
22,0.4795337,1.564472,0.4906566,37
22,0.3569711,0.8379015,0.445545,38
22,0.4356753,1.451411,0.5422671,39
22,0.4677022,1.344179,0.6342311,40
22,0.3855085,1.133822,0.5110573,41
