Case,X,Y,Z,a,v,index
3,-0.2780068,1.470732,0.4558567,0
3,-0.311669,1.367476,0.4130351,1
3,-0.4416369,1.528287,0.5682549,2
3,-0.2730231,1.56808,0.4908394,3
3,-0.3850312,1.451385,0.6292678,4
3,-0.488465,1.357495,0.4152964,5
3,-0.3862573,1.271523,0.4303439,6
3,-0.1640204,1.570835,0.4878154,7
3,-0.1888795,1.413711,0.5163031,8
3,-0.006198049,1.4971,0.5183536,9
3,-0.495806,1.448394,0.4938289,10
3,-0.4873517,1.250602,0.5123608,11
3,-0.4265938,1.11304,0.4594452,12
3,-0.001387745,1.594367,0.479228,13
3,-0.119002,1.485277,0.4404406,14
3,-0.3359566,1.151986,0.4161796,15
3,-0.1641217,1.190305,0.4122478,16
3,-0.4754477,1.025969,0.5492519,17
3,-0.3653596,0.9616824,0.6169721,18
3,0.1673894,1.534005,0.4264221,19
3,0.1249143,1.299602,0.4648219,20
3,-0.05445933,1.209683,0.611411,21
3,-0.1496458,1.086043,0.5267183,22
3,-0.05480605,1.101994,0.504535,23
3,0.2631181,1.508373,0.4130551,24
3,-0.4714012,0.9142951,0.531535,25
3,0.0792824,1.171135,0.5475973,26
3,0.1958642,1.143649,0.5223993,27
3,0.04406834,0.9690115,0.4732509,28
3,0.3639746,1.488266,0.5769295,29
3,0.1805395,0.9927279,0.5286144,30
3,-0.1285705,0.9379319,0.4877424,31
3,-0.2786028,0.8873794,0.5019934,32
3,0.3132661,1.591809,0.3873158,33
3,0.08881646,1.076876,0.5616832,34
3,0.345085,0.9538922,0.4656199,35
3,0.1564491,0.7184366,0.4415089,36
3,-0.3701381,0.860936,0.5244571,37
3,0.2545202,1.055502,0.4099841,38
3,-0.04273769,1.000663,0.5951339,39
3,0.09721261,1.595712,0.5323666,40
3,0.08879751,0.8855755,0.5225874,41
3,0.4132206,0.8303999,0.5924153,42
3,0.2864301,1.297933,0.4965525,43
3,0.2117199,1.239411,0.6569842,44
3,0.4122747,1.388731,0.4875103,45
3,0.3201192,0.7763557,0.4303922,46
3,0.4353959,1.254677,0.463456,47
3,-0.4987572,0.7581188,0.4450691,48
3,0.03205782,1.260852,0.5322587,49
3,-0.1143249,0.7264947,0.528473,50
3,0.4229287,1.58591,0.459668,51
3,-0.1882083,0.8242181,0.6257904,52
3,0.2861532,0.6611179,0.4144641,53
3,-0.2325762,0.7358916,0.4629384,54
3,-0.2026304,0.6036414,0.5559957,55
3,0.2391597,1.41082,0.4676529,56
3,0.4844208,1.500907,0.4713997,57
3,-0.3595264,0.6742043,0.4199554,58
3,0.001459897,0.6326764,0.6104902,59
3,-0.3393167,0.7691972,0.5676537,60
3,-0.1046062,0.6289529,0.4791805,61
3,0.1098998,0.6195414,0.6573237,62
3,-0.4616017,0.6556247,0.4916455,63
3,0.4212714,1.152434,0.3962777,64
3,0.377198,0.6910788,0.4680503,65
3,0.4599636,0.6160378,0.4504822,66
3,0.4745601,0.7107657,0.419783,67
3,0.4373066,0.9991521,0.416018,68
3,0.3621837,0.6008539,0.4241499,69
3,0.4978318,0.8881812,0.5430378,70
