Case,X,Y,Z,a,v,index
8,-0.3458372,1.34005,0.438448,0
8,-0.4034975,1.438043,0.4027338,1
8,-0.2210229,1.252571,0.5046261,2
8,-0.2234449,1.139754,0.3917296,3
8,-0.3629966,1.547799,0.4427605,4
8,-0.3263729,1.170487,0.498358,5
8,-0.3106747,1.453125,0.5490201,6
8,-0.1876021,1.374695,0.4266191,7
8,-0.434588,1.253718,0.5142463,8
8,-0.481371,1.346345,0.6152186,9
8,-0.1214565,1.143061,0.4713504,10
8,-0.3765599,1.061554,0.4992956,11
8,-0.4696719,1.162914,0.4160054,12
8,-0.1314842,1.051242,0.6557573,13
8,0.01798838,1.112967,0.4765275,14
8,-0.1990624,0.9465977,0.484382,15
8,-0.46455,1.549123,0.3939281,16
8,-0.3628358,0.8663869,0.3940535,17
8,0.1327474,1.145534,0.5827093,18
8,-0.03909609,1.015933,0.4085337,19
8,-0.0005242527,1.517046,0.4115293,20
8,0.07508183,1.251856,0.5192661,21
8,-0.4600436,0.9263271,0.5027835,22
8,0.06344026,0.9957095,0.4025754,23
8,-0.4929889,1.456939,0.4887403,24
8,-0.06884298,1.276343,0.5858988,25
8,-0.4636094,0.749092,0.4478766,26
8,-0.161178,1.53544,0.4626247,27
8,-0.3400123,0.652235,0.5140474,28
8,-0.3642945,0.7491822,0.5000947,29
8,0.2070844,1.030413,0.5371727,30
8,0.09054881,1.475584,0.5173703,31
8,0.2889305,0.9156278,0.421884,32
8,-0.2217135,0.6874443,0.4117511,33
8,0.2499607,1.152338,0.5135833,34
8,-0.271061,1.569584,0.5638165,35
8,-0.01350144,1.204941,0.528725,36
8,-0.1223787,0.8903338,0.6064416,37
8,-0.4927061,1.075637,0.67109,38
8,-0.4341244,0.6346959,0.4308215,39
8,0.07739168,1.577726,0.5317225,40
8,-0.1257834,1.440262,0.3899661,41
8,0.3622563,1.071604,0.5901081,42
8,0.2348415,0.8025746,0.4435172,43
8,0.4662862,0.9684478,0.3998638,44
8,0.4490998,0.8749988,0.463788,45
8,-0.2705262,0.8253342,0.5516238,46
8,0.1950276,1.453938,0.4381954,47
8,0.4645781,1.127269,0.495393,48
8,0.2048156,0.7148217,0.4183273,49
8,0.1868493,1.568223,0.405244,50
8,0.1889755,1.221253,0.5326779,51
8,0.3776906,0.7358972,0.4272181,52
8,-0.07403904,0.7198348,0.4408827,53
8,0.2808518,1.293569,0.5424225,54
8,0.3331667,0.8164567,0.6170716,55
8,-0.07380074,0.6130551,0.4219269,56
8,0.3597055,1.420712,0.6573097,57
8,0.352183,0.6455948,0.6540203,58
8,0.4926065,1.278237,0.4663855,59
8,0.4458382,1.550118,0.4806266,60
8,0.342128,1.559139,0.4568014,61
8,-0.07970515,1.597633,0.3927028,62
8,0.04744184,0.654357,0.6224853,63
8,0.2439999,0.6294937,0.4403972,64
8,0.4939827,0.7944577,0.5386844,65
8,0.4795541,0.6492746,0.5200692,66
8,0.4879236,1.444523,0.3945411,67
8,0.4114022,1.33564,0.4001523,68
8,0.3683658,0.9649266,0.4194593,69
8,0.1412664,0.6238554,0.6030557,70
