Case,X,Y,Z,a,v,index
27,-0.4043737,1.023242,0.478054,0
27,-0.3413654,0.8406861,0.4891324,1
27,-0.2237309,0.8179217,0.3958593,2
27,-0.1360621,1.026659,0.4971504,3
27,-0.08939978,1.183312,0.6684332,4
27,-0.1621246,0.6650287,0.4707938,5
27,-0.007927567,0.6799365,0.4348316,6
27,-0.2774536,0.7105929,0.5478023,7
27,0.1072642,0.6965817,0.458043,8
27,-0.3681386,0.6182284,0.4083328,9
27,-0.4252845,0.7333893,0.5234485,10
27,-0.446298,0.8808436,0.3897735,11
27,0.02956063,1.010132,0.4079041,12
27,0.3716919,1.02324,0.6701375,13
27,0.1819428,0.8249121,0.4788501,14
27,-0.4915114,0.6105524,0.4267375,15
27,0.1060021,1.090734,0.3999176,16
27,0.301729,0.9285388,0.6000329,17
27,0.2398115,0.6712039,0.4310058,18
27,0.1034955,1.207892,0.3874418,19
27,0.3399343,0.817396,0.6681507,20
27,-0.3602212,1.349825,0.6864812,21
27,-0.4596093,1.15985,0.5040089,22
27,-0.1136853,1.445098,0.5316379,23
27,0.01870543,1.564901,0.6667627,24
27,-0.2197961,1.376015,0.4907762,25
27,0.4458845,1.273794,0.446606,26
27,0.4837519,1.101624,0.4051854,27
27,0.3263878,1.443631,0.4177123,28
27,0.4580548,0.6942778,0.5128087,29
27,-0.4667735,1.294455,0.3994007,30
27,0.328733,1.309008,0.615549,31
27,0.179319,1.519936,0.5106787,32
27,-0.4892363,1.402777,0.5574614,33
27,0.4886425,0.8995744,0.6289398,34
27,-0.2597047,1.510701,0.4373819,35
27,0.3473152,1.553221,0.5298121,36
27,0.4812436,1.541495,0.4864413,37
27,0.4376163,1.436062,0.4562964,38
27,-0.4740822,1.532675,0.4086743,39
27,-0.09351149,1.599919,0.6222796,40
27,-0.3740522,1.472814,0.4279724,41
27,0.3563902,0.6021509,0.6462139,42
