Case,X,Y,Z,a,v,index
24,0.3399369,1.216096,0.4791881,0
24,0.06045675,1.242463,0.5888093,1
24,0.09575808,1.128646,0.6281708,2
24,-0.04675952,1.160851,0.4692473,3
24,0.324496,0.9866744,0.659662,4
24,0.1130248,0.7565259,0.4189085,5
24,0.4371348,1.323224,0.403762,6
24,0.01219052,0.993651,0.6642529,7
24,0.4899578,1.448773,0.5280367,8
24,-0.08088779,0.7157208,0.468098,9
24,0.2798242,1.393262,0.507937,10
24,0.4326222,1.079491,0.6006833,11
24,0.231475,1.499813,0.4440991,12
24,0.1813222,0.66944,0.3922685,13
24,0.2114862,0.8323228,0.502081,14
24,0.347777,1.531862,0.5657093,15
24,0.04579347,0.6181342,0.5891408,16
24,0.3789772,0.7554146,0.6326814,17
24,0.4534262,0.9606633,0.4043432,18
24,-0.1630268,0.6355991,0.6589262,19
24,0.4731272,1.594054,0.3906157,20
24,0.3481997,0.8743489,0.5151035,21
24,-0.09415591,1.049701,0.5969912,22
24,-0.3062166,0.7568684,0.4508605,23
24,0.09968913,1.580411,0.5028476,24
24,-0.01366416,1.448282,0.6596034,25
24,0.4947066,0.8434402,0.4060533,26
24,0.4692273,0.666739,0.4619018,27
24,0.3015789,0.6701624,0.518293,28
24,-0.2236644,1.392837,0.5240126,29
24,-0.3491482,0.8810123,0.4699105,30
24,-0.08311296,1.559227,0.4367946,31
24,0.4901053,1.173903,0.6495562,32
24,-0.4858206,0.7401143,0.5047753,33
24,-0.4827951,0.8773026,0.4283179,34
24,-0.3259304,1.586941,0.6619983,35
24,-0.3852929,0.6316778,0.5536925,36
24,-0.4429477,1.002318,0.4680656,37
24,-0.4158984,1.272499,0.4587882,38
24,-0.4854766,1.113615,0.6235162,39
24,-0.2744391,0.6213977,0.4869606,40
24,-0.3660442,1.457761,0.5313412,41
24,-0.2118069,1.579481,0.5766332,42
24,-0.4868219,1.46849,0.4072801,43
24,-0.4970936,0.6127017,0.4063942,44
24,-0.3013878,1.302453,0.5604212,45
