Case,X,Y,Z,a,v,index
29,-0.1152269,1.459708,0.4823095,0
29,0.08639407,1.14352,0.4470635,1
29,-0.2957572,1.355853,0.5209598,2
29,-0.1006594,1.210386,0.6382934,3
29,0.1747785,1.422019,0.534448,4
29,0.0797019,1.585255,0.5664089,5
29,0.3974426,1.175603,0.4196721,6
29,0.1339665,1.035326,0.6205679,7
29,0.2134618,1.578127,0.4949687,8
29,0.2675947,1.354327,0.4766984,9
29,0.3676519,0.9931097,0.4964215,10
29,-0.1867914,1.375142,0.4385134,11
29,-0.4080095,1.388047,0.4124204,12
29,0.3123724,1.482345,0.57601,13
29,0.003992617,1.487729,0.4946539,14
29,-0.2670633,1.576562,0.4832874,15
29,0.4307281,1.530177,0.5796646,16
29,-0.2237729,0.7959017,0.5885178,17
29,-0.418207,1.518465,0.4306461,18
29,0.422358,1.407844,0.5267692,19
29,-0.3420761,0.8170471,0.6487054,20
29,-0.3194771,1.469309,0.4390006,21
29,-0.005096912,1.042447,0.6643956,22
29,-0.1188856,1.575455,0.4871722,23
29,0.4711949,0.8552654,0.6447234,24
29,-0.3687426,1.267335,0.3926816,25
29,-0.3698151,1.004688,0.5228158,26
29,-0.09956709,0.7048731,0.5234127,27
29,0.01950109,1.240084,0.3929205,28
29,-0.3650328,0.6819937,0.4345303,29
29,-0.4998064,0.8295761,0.6411133,30
29,-0.4837612,0.945189,0.4271928,31
29,0.1039754,0.7678976,0.4476861,32
29,-0.4697825,1.084587,0.5466668,33
29,0.08473557,0.6127239,0.5808998,34
29,-0.2064633,0.6379846,0.4080091,35
29,0.4887085,1.049595,0.4491532,36
29,0.2644665,0.6705368,0.5284967,37
29,0.3045452,0.7759336,0.4091696,38
29,-0.4996241,1.242079,0.52004,39
29,0.3852997,1.299301,0.5257458,40
29,-0.4974052,0.6693391,0.4814934,41
29,0.4931325,1.24607,0.5485783,42
29,0.4408292,0.627739,0.3961598,43
29,0.4145756,0.7570799,0.6756095,44
29,0.3012792,0.8860451,0.3907255,45
29,-0.02699968,0.600678,0.4949166,46
