Case,X,Y,Z,a,v,index
22,-0.4512751,0.8891097,0.5722051,0
22,-0.4284178,0.9991384,0.6726774,1
22,-0.3900135,1.180639,0.404303,2
22,-0.4094281,1.307068,0.5138513,3
22,-0.3007981,0.8908958,0.5176289,4
22,-0.3099414,1.368162,0.400022,5
22,-0.3859128,0.7754269,0.4424632,6
22,-0.3256114,0.6419181,0.4129272,7
22,-0.05527267,1.178871,0.5586927,8
22,0.01678163,1.079205,0.4807333,9
22,-0.2511931,0.770799,0.4493454,10
22,-0.1653779,1.466244,0.4118766,11
22,0.1403272,1.154643,0.5357297,12
22,-0.4862301,0.6625152,0.4286238,13
22,0.04512173,1.227386,0.4193639,14
22,-0.1144693,1.052389,0.4999289,15
22,-0.02249545,1.493781,0.3898352,16
22,-0.1191965,0.6047921,0.481635,17
22,-0.4123527,1.51706,0.5229425,18
22,-0.1066378,0.7231603,0.513715,19
22,0.0418278,0.6670396,0.4738388,20
22,0.1505885,1.481281,0.478157,21
22,0.3374889,1.39797,0.5952306,22
22,-0.2447497,1.557319,0.5199555,23
22,0.1266304,0.7709303,0.5279837,24
22,0.1755745,0.6673403,0.5171633,25
22,0.3413255,1.568191,0.4201367,26
22,0.0342465,1.593977,0.5939989,27
22,0.2660382,0.772312,0.4921142,28
22,0.3426709,1.01746,0.502564,29
22,0.1577493,1.59708,0.526069,30
22,0.3897439,0.6955571,0.4265521,31
22,0.459448,0.8848189,0.5776143,32
22,0.3794029,1.256297,0.4624071,33
22,0.4912478,1.072582,0.4683062,34
22,0.303413,0.6001944,0.5894789,35
22,-0.1229964,1.578539,0.4195943,36
22,0.4795337,1.564472,0.4795628,37
22,0.3569711,0.8379015,0.5016735,38
22,0.4356753,1.451411,0.5088035,39
22,0.4677022,1.344179,0.5814255,40
22,0.3855085,1.133822,0.5021543,41
