Case,X,Y,Z,a,v,index
7,-0.3197303,0.6194752,0.5367445,0
7,-0.2288994,0.6118518,0.6223,1
7,-0.2684723,0.7655965,0.4589334,2
7,-0.4418626,0.6882902,0.5139166,3
7,-0.1092475,0.6071706,0.5981585,4
7,-0.2621471,0.9267849,0.670005,5
7,-0.01208273,0.6301112,0.6096724,6
7,-0.1771002,0.7084455,0.5588955,7
7,-0.369003,0.7815415,0.6716783,8
7,-0.06178272,0.7246993,0.409722,9
7,-0.08189976,0.8996423,0.5805832,10
7,-0.02377722,1.038978,0.4435405,11
7,-0.1374396,0.9708613,0.5218805,12
7,0.08221602,0.8925573,0.4586222,13
7,-0.4692136,0.7860814,0.5479677,14
7,0.08616108,0.6794285,0.434581,15
7,0.05292755,0.9826145,0.6558504,16
7,0.1461641,1.013827,0.5428002,17
7,-0.4787015,0.9138547,0.5867553,18
7,-0.3697257,0.9025645,0.4876621,19
7,0.06514013,1.126018,0.5349954,20
7,0.1775692,1.129011,0.4635925,21
7,-0.4844067,1.062822,0.5973155,22
7,-0.3670008,1.050887,0.4248302,23
7,-0.4484123,1.150846,0.5936007,24
7,0.2574697,0.7207106,0.4776867,25
7,-0.4132518,1.270209,0.6287081,26
7,-0.177464,1.075511,0.4415071,27
7,0.2334713,1.377326,0.536323,28
7,-0.03673741,1.128299,0.400309,29
7,-0.2002956,1.167941,0.5514973,30
7,0.3736222,0.6859351,0.5532173,31
7,0.08654445,1.316522,0.5055065,32
7,0.1170372,1.21386,0.4136307,33
7,0.378138,0.8843296,0.6085898,34
7,-0.03932703,1.25606,0.4295871,35
7,0.1570682,0.6124464,0.6557337,36
7,-0.4246038,1.398966,0.5687745,37
7,0.3984824,1.011159,0.5608822,38
7,0.2889054,0.6269898,0.5075563,39
7,0.3532325,1.320926,0.4503846,40
7,0.4518052,1.211723,0.4025379,41
7,0.4798469,1.061254,0.5327435,42
7,0.08975023,1.469856,0.4158103,43
7,0.3646182,0.7896065,0.6853486,44
7,0.4955791,0.8052853,0.524385,45
7,0.204542,1.478765,0.5647179,46
7,0.3663836,1.165688,0.3976979,47
7,-0.3017452,1.359845,0.5161226,48
7,0.4593034,0.9393228,0.4007466,49
7,0.1559528,1.571309,0.4983421,50
7,0.3182267,1.590528,0.5001734,51
7,0.03726441,1.592769,0.4644542,52
7,0.4865476,0.7129642,0.5149562,53
7,0.4353801,1.377072,0.587075,54
7,0.3141982,1.447388,0.5336,55
7,0.446219,0.6164688,0.4550583,56
7,0.4586262,1.570512,0.5692866,57
7,0.4585413,1.477788,0.4067922,58
7,-0.07488546,1.53842,0.4831839,59
7,-0.224272,1.444457,0.4703749,60
7,-0.1784089,1.543609,0.4051592,61
7,-0.4725656,1.50854,0.4655098,62
7,-0.09854433,1.436943,0.4844035,63
7,-0.4996533,1.34722,0.5622887,64
7,-0.2748905,1.584423,0.5144992,65
7,-0.127295,1.223146,0.5512424,66
7,-0.3117619,1.499223,0.6324821,67
7,-0.3768137,1.565236,0.4909466,68
