Case,X,Y,Z,a,v,index
8,-0.3458372,1.34005,0.4022121,0
8,-0.4034975,1.438043,0.4548723,1
8,-0.2210229,1.252571,0.5006474,2
8,-0.2234449,1.139754,0.4467792,3
8,-0.3629966,1.547799,0.5267676,4
8,-0.3263729,1.170487,0.4016906,5
8,-0.3106747,1.453125,0.4123361,6
8,-0.1876021,1.374695,0.6590128,7
8,-0.434588,1.253718,0.3927181,8
8,-0.481371,1.346345,0.4420343,9
8,-0.1214565,1.143061,0.4493542,10
8,-0.3765599,1.061554,0.426957,11
8,-0.4696719,1.162914,0.5145215,12
8,-0.1314842,1.051242,0.6234288,13
8,0.01798838,1.112967,0.6693226,14
8,-0.1990624,0.9465977,0.4377435,15
8,-0.46455,1.549123,0.4320553,16
8,-0.3628358,0.8663869,0.4120704,17
8,0.1327474,1.145534,0.4240665,18
8,-0.03909609,1.015933,0.3988557,19
8,-0.0005242527,1.517046,0.6291084,20
8,0.07508183,1.251856,0.5156802,21
8,-0.4600436,0.9263271,0.5086383,22
8,0.06344026,0.9957095,0.5731541,23
8,-0.4929889,1.456939,0.6705657,24
8,-0.06884298,1.276343,0.5633086,25
8,-0.4636094,0.749092,0.5117258,26
8,-0.161178,1.53544,0.5128471,27
8,-0.3400123,0.652235,0.3901926,28
8,-0.3642945,0.7491822,0.5240145,29
8,0.2070844,1.030413,0.5352592,30
8,0.09054881,1.475584,0.5123079,31
8,0.2889305,0.9156278,0.4766841,32
8,-0.2217135,0.6874443,0.5921524,33
8,0.2499607,1.152338,0.6469706,34
8,-0.271061,1.569584,0.5900741,35
8,-0.01350144,1.204941,0.6004535,36
8,-0.1223787,0.8903338,0.4997828,37
8,-0.4927061,1.075637,0.4002988,38
8,-0.4341244,0.6346959,0.6188905,39
8,0.07739168,1.577726,0.3992242,40
8,-0.1257834,1.440262,0.4384229,41
8,0.3622563,1.071604,0.5423245,42
8,0.2348415,0.8025746,0.4532012,43
8,0.4662862,0.9684478,0.5124421,44
8,0.4490998,0.8749988,0.4284233,45
8,-0.2705262,0.8253342,0.6101722,46
8,0.1950276,1.453938,0.684551,47
8,0.4645781,1.127269,0.4155256,48
8,0.2048156,0.7148217,0.5254995,49
8,0.1868493,1.568223,0.4268439,50
8,0.1889755,1.221253,0.4913738,51
8,0.3776906,0.7358972,0.6013434,52
8,-0.07403904,0.7198348,0.4001586,53
8,0.2808518,1.293569,0.4365616,54
8,0.3331667,0.8164567,0.6002681,55
8,-0.07380074,0.6130551,0.4098724,56
8,0.3597055,1.420712,0.4340819,57
8,0.352183,0.6455948,0.5219449,58
8,0.4926065,1.278237,0.6179527,59
8,0.4458382,1.550118,0.4056211,60
8,0.342128,1.559139,0.5498293,61
8,-0.07970515,1.597633,0.5988482,62
8,0.04744184,0.654357,0.4506921,63
8,0.2439999,0.6294937,0.4121244,64
8,0.4939827,0.7944577,0.5582135,65
8,0.4795541,0.6492746,0.5616667,66
8,0.4879236,1.444523,0.5212629,67
8,0.4114022,1.33564,0.4310473,68
8,0.3683658,0.9649266,0.5188335,69
8,0.1412664,0.6238554,0.4711101,70
