Case,X,Y,Z,a,v,index
15,-0.2514899,1.049975,0.5640752,0
15,-0.3765767,1.028103,0.6261388,1
15,-0.3250244,0.8787388,0.3907406,2
15,-0.157049,1.030898,0.510455,3
15,-0.1188707,1.159069,0.6512991,4
15,-0.1783729,0.735019,0.6038492,5
15,-0.05221164,0.7472163,0.5151062,6
15,-0.2727329,0.7722988,0.6137992,7
15,-0.03257033,0.6362029,0.5060222,8
15,0.03165966,0.9217459,0.5293194,9
15,0.1362704,1.04142,0.5143523,10
15,-0.1142328,0.9452485,0.4521139,11
15,-0.3140677,0.6624167,0.4611738,12
15,0.04417622,0.7052257,0.6387043,13
15,-0.347742,1.177143,0.629894,14
15,-0.2290961,0.6047928,0.5764219,15
15,-0.4668721,1.117046,0.4129681,16
15,-0.1186628,0.6642889,0.4214824,17
15,-0.4575211,0.9523044,0.4722792,18
15,-0.4395212,1.216139,0.5208218,19
15,-0.3731313,1.356198,0.5437037,20
15,-0.0008679628,1.059167,0.4774481,21
15,-0.4240541,0.6564543,0.6362244,22
15,-0.4945323,1.341327,0.6088161,23
15,-0.4334149,0.8223709,0.6164215,24
15,0.1885309,0.9556372,0.4662775,25
15,0.2384646,1.094679,0.4710398,26
15,-0.1436331,1.287358,0.5822952,27
15,-0.2283081,1.457681,0.5042157,28
15,-0.3745559,0.75365,0.6660789,29
15,-0.2862582,1.307155,0.4770593,30
15,0.2101701,0.7263932,0.4866001,31
15,-0.4962783,0.7370754,0.5041456,32
15,-0.3908693,1.468725,0.5620342,33
15,-0.4002871,1.566301,0.3947592,34
15,0.1451737,0.6356013,0.3953589,35
15,-0.02644148,1.174369,0.4469413,36
15,-0.4839745,1.515025,0.4072767,37
15,0.2772475,0.8576009,0.6130918,38
15,-0.2826103,1.538617,0.6106772,39
15,0.141388,1.22203,0.4285596,40
15,-0.05218831,1.287675,0.3956278,41
15,0.2643947,0.6420445,0.5339737,42
15,-0.1180031,1.551017,0.4983155,43
15,0.07734817,1.126274,0.4998797,44
15,0.3323783,1.18156,0.6660591,45
15,0.4964567,1.112132,0.4757197,46
15,0.3624989,1.282096,0.4027061,47
15,0.04661661,1.25694,0.3998327,48
15,0.1316653,1.313992,0.4048216,49
15,0.2098472,1.413127,0.5243313,50
15,0.1517617,1.546405,0.4907802,51
15,0.3769392,1.445287,0.4245823,52
15,0.3833847,1.101083,0.4625631,53
15,0.3806496,0.9001234,0.4867761,54
15,0.372864,0.7713265,0.3941234,55
15,0.4235351,0.6814964,0.5234038,56
15,0.02697742,1.519258,0.4278934,57
15,-0.2063714,1.598393,0.436627,58
15,0.4374571,1.333073,0.5351968,59
15,0.4867771,0.9063942,0.4028465,60
15,0.4833586,1.225502,0.4215293,61
15,0.4841002,0.9981059,0.4287498,62
15,0.4587163,0.8060363,0.4100694,63
15,0.2646864,1.556109,0.5064437,64
15,0.3944745,1.006539,0.6088172,65
15,0.4396834,1.512322,0.4344805,66
15,0.3551027,1.563716,0.634478,67
15,0.4893495,1.423521,0.6443081,68
