Case,X,Y,Z,a,v,index
9,0.3488177,0.778896,0.5878353,0
9,0.3008358,0.697028,0.5376834,1
9,0.4347376,0.6616335,0.5242878,2
9,0.4536091,0.8791662,0.5108404,3
9,0.469316,0.7732154,0.4853356,4
9,0.303499,0.6022884,0.6665405,5
9,0.4362853,1.009791,0.4710979,6
9,0.4921825,1.09003,0.4718019,7
9,0.2136672,1.06798,0.6545192,8
9,0.4540554,1.203233,0.4074191,9
9,0.3462772,0.8885531,0.5453429,10
9,0.1992872,0.742202,0.4186458,11
9,0.1511558,0.6208963,0.4344504,12
9,0.09459203,0.7237913,0.3923391,13
9,0.3664721,1.22648,0.6380206,14
9,0.01683468,0.6572207,0.4249929,15
9,0.09791124,1.003045,0.6014107,16
9,0.2694829,1.346195,0.4697733,17
9,-0.04950175,0.7397292,0.428712,18
9,0.4477885,1.34988,0.6669149,19
9,0.05844051,1.102358,0.4440868,20
9,-0.1490551,0.6450445,0.5614961,21
9,-0.05454108,0.9386307,0.4290181,22
9,0.2576457,0.8286129,0.4180649,23
9,-0.1833769,0.7980596,0.5260257,24
9,0.1739385,1.182791,0.4191251,25
9,0.06532264,1.192267,0.6732751,26
9,0.3663334,1.414148,0.495368,27
9,-0.05846703,1.178781,0.5146698,28
9,0.1211624,1.277744,0.6804717,29
9,-0.2739692,0.6033288,0.5894686,30
9,-0.360884,0.802093,0.6413327,31
9,-0.3686657,0.9135329,0.4335861,32
9,-0.271823,0.7781336,0.4259481,33
9,0.3106644,1.544148,0.5566859,34
9,-0.07319194,1.089597,0.4740657,35
9,-0.461977,0.9921564,0.530399,36
9,-0.4426965,0.7587916,0.3956988,37
9,-0.4118688,1.141658,0.4329019,38
9,0.4530125,1.510748,0.5256053,39
9,-0.3675558,0.6743289,0.4386336,40
9,-0.4503772,0.6142411,0.6303658,41
9,0.4054822,1.590431,0.4055465,42
9,0.4940095,1.42846,0.5825996,43
9,-0.4615832,0.8611921,0.5253717,44
9,-0.1720218,1.029858,0.5340229,45
9,-0.1882941,1.121469,0.5650782,46
9,-0.005484343,1.017635,0.6179159,47
9,-0.4927758,1.080562,0.5338272,48
9,-0.129785,1.282464,0.4415349,49
9,0.1338615,1.55652,0.5798861,50
9,0.05117142,1.337271,0.6298576,51
9,0.2737904,1.451555,0.5991636,52
9,0.2217969,1.588822,0.4220417,53
9,-0.0623205,1.34612,0.6468648,54
9,-0.3465214,1.333844,0.5702528,55
9,-0.3321229,1.441937,0.4502716,56
9,-0.03568828,1.524695,0.6099844,57
9,-0.3659637,1.221476,0.459391,58
9,-0.4825236,1.350485,0.3940327,59
9,-0.2203856,1.46721,0.4899305,60
9,-0.4825652,1.23419,0.4380727,61
9,-0.1104492,1.58437,0.3917362,62
9,-0.2681144,1.55238,0.6278049,63
9,0.02951533,1.593865,0.5335242,64
9,-0.4725565,1.452929,0.4894209,65
9,-0.4162961,1.582988,0.4154368,66
9,-0.1087166,1.461608,0.4962005,67
