Case,X,Y,Z,a,v,index
14,0.36376,0.884906,0.5490315,0
14,0.2547567,0.7643464,0.3986133,1
14,0.4222893,1.003182,0.5245159,2
14,0.4514893,0.9144663,0.5117084,3
14,0.2525639,0.6183404,0.628719,4
14,0.3836802,0.7791331,0.5969077,5
14,0.1872445,0.6876346,0.6828531,6
14,0.3503054,0.6256751,0.4183425,7
14,0.2154516,1.1593,0.4171585,8
14,0.07340455,1.259845,0.624244,9
14,0.4311529,0.6667741,0.4774093,10
14,0.476893,0.7474097,0.6061276,11
14,0.3761159,1.114136,0.4698905,12
14,0.2041817,1.009449,0.4708259,13
14,0.07158756,0.9755515,0.4871197,14
14,0.09789193,0.6464261,0.4032755,15
14,0.005172789,0.636745,0.4531879,16
14,-0.07884657,1.318407,0.5176206,17
14,0.4918929,1.109912,0.4646863,18
14,0.1168615,1.097202,0.4657509,19
14,-0.09982759,0.7519195,0.4886276,20
14,-0.1191539,0.6519552,0.4171214,21
14,0.06323808,0.8725579,0.5409142,22
14,-0.01771775,0.9554681,0.4769813,23
14,-0.03555012,1.095745,0.4097518,24
14,0.08496118,1.53033,0.4373881,25
14,-0.2734917,0.7407265,0.5358697,26
14,-0.1855856,0.7807703,0.4219452,27
14,0.3616025,1.21112,0.4374271,28
14,0.3610181,1.365815,0.5286776,29
14,-0.1307618,0.9712421,0.4754741,30
14,0.2137938,1.497242,0.4590651,31
14,0.4625494,1.197266,0.4379283,32
14,0.2819962,1.429074,0.4851426,33
14,0.486479,1.444968,0.5627871,34
14,0.3433447,1.545276,0.3940839,35
14,-0.09746766,1.228242,0.6663451,36
14,-0.2756942,0.8877759,0.5342252,37
14,0.1823518,1.586779,0.4287408,38
14,0.4378088,1.586583,0.58978,39
14,0.4690611,1.287445,0.6699955,40
14,-0.0699521,1.480081,0.4826413,41
14,-0.3975077,1.263235,0.4097578,42
14,-0.3921771,0.7227765,0.5293406,43
14,-0.1192146,1.56355,0.4824294,44
14,-0.4540289,1.012446,0.5259193,45
14,-0.2135239,0.6419716,0.4457525,46
14,-0.2468116,1.395077,0.4935859,47
14,-0.1319958,1.069153,0.4655233,48
14,0.04472727,1.162,0.4336178,49
14,-0.4909958,0.8741828,0.5339097,50
14,-0.00127694,1.598322,0.3986723,51
14,-0.4383569,0.8005948,0.4397025,52
14,-0.3983076,0.9266863,0.3994497,53
14,-0.4958167,1.310544,0.4880111,54
14,-0.3423207,0.9986584,0.4121686,55
14,-0.447132,1.38687,0.4757229,56
14,-0.4474133,1.120173,0.542057,57
14,-0.3403243,0.8205705,0.4366465,58
14,-0.34852,1.465042,0.4269918,59
14,-0.4601558,1.49126,0.498366,60
14,-0.4122945,0.632934,0.4726463,61
14,-0.3107,0.6458412,0.4479261,62
14,-0.3242923,1.346652,0.6030753,63
14,-0.4871224,0.7175024,0.5817982,64
14,-0.2424302,1.505803,0.554906,65
14,-0.4560703,1.595855,0.3982528,66
14,-0.271665,1.596741,0.409819,67
14,-0.3640755,1.560142,0.4671358,68
