Case,X,Y,Z,a,v,index
21,0.1503742,1.105453,0.4501445,0
21,0.2652519,0.8869836,0.5740114,1
21,0.00965488,1.110198,0.4634564,2
21,0.4148624,1.108986,0.6281404,3
21,0.2683337,1.404044,0.4780549,4
21,0.3990864,1.320777,0.4372946,5
21,-0.1407425,1.160795,0.5840277,6
21,0.125744,1.492939,0.591779,7
21,-0.1260976,1.458038,0.4231845,8
21,-0.03289402,1.001854,0.5769083,9
21,0.4333869,1.512408,0.4853812,10
21,0.04926842,1.572926,0.4574677,11
21,0.4902207,1.1929,0.3934862,12
21,0.2572667,1.514809,0.5802001,13
21,-0.1939112,1.367578,0.4017802,14
21,0.4098923,0.9534307,0.571745,15
21,0.4287662,0.7709529,0.5167559,16
21,0.1534364,0.7708679,0.4752331,17
21,0.3271669,0.6391824,0.5209951,18
21,-0.2618656,1.493422,0.4776253,19
21,0.1788677,0.6150171,0.4534075,20
21,-0.04033139,0.6844602,0.5274577,21
21,-0.2123614,0.8288589,0.4852318,22
21,-0.1882064,0.703989,0.4301943,23
21,-0.405256,1.423318,0.4591311,24
21,-0.3478466,1.573303,0.5874985,25
21,-0.3598947,0.9974327,0.3993439,26
21,0.4951141,0.6291238,0.3988387,27
21,0.296602,0.7740636,0.5941303,28
21,-0.4848161,1.247143,0.4960353,29
21,-0.3899602,1.104665,0.4291953,30
21,0.08525407,0.6781737,0.5177315,31
21,-0.3706748,0.8240129,0.5412918,32
21,-0.4931551,1.49756,0.4831642,33
21,-0.1096162,1.599438,0.6287935,34
21,-0.4510778,0.6402363,0.6343726,35
21,-0.3134905,0.6974298,0.5523126,36
21,-0.3163974,1.339981,0.4244236,37
21,-0.4786918,0.9309626,0.4696361,38
21,-0.4987665,1.082841,0.570574,39
