Case,X,Y,Z,a,v,index
27,-0.4043737,1.023242,0.437196,0
27,-0.3413654,0.8406861,0.4867343,1
27,-0.2237309,0.8179217,0.6384018,2
27,-0.1360621,1.026659,0.6349795,3
27,-0.08939978,1.183312,0.4231702,4
27,-0.1621246,0.6650287,0.4708442,5
27,-0.007927567,0.6799365,0.4436095,6
27,-0.2774536,0.7105929,0.4369106,7
27,0.1072642,0.6965817,0.6857958,8
27,-0.3681386,0.6182284,0.4352281,9
27,-0.4252845,0.7333893,0.6072497,10
27,-0.446298,0.8808436,0.4907997,11
27,0.02956063,1.010132,0.4330998,12
27,0.3716919,1.02324,0.5963685,13
27,0.1819428,0.8249121,0.4729601,14
27,-0.4915114,0.6105524,0.499085,15
27,0.1060021,1.090734,0.4202497,16
27,0.301729,0.9285388,0.5488788,17
27,0.2398115,0.6712039,0.4834316,18
27,0.1034955,1.207892,0.495231,19
27,0.3399343,0.817396,0.3996651,20
27,-0.3602212,1.349825,0.4150962,21
27,-0.4596093,1.15985,0.6846426,22
27,-0.1136853,1.445098,0.5513072,23
27,0.01870543,1.564901,0.4963531,24
27,-0.2197961,1.376015,0.6139903,25
27,0.4458845,1.273794,0.5943043,26
27,0.4837519,1.101624,0.4634725,27
27,0.3263878,1.443631,0.3902481,28
27,0.4580548,0.6942778,0.5649115,29
27,-0.4667735,1.294455,0.3882241,30
27,0.328733,1.309008,0.5174688,31
27,0.179319,1.519936,0.532389,32
27,-0.4892363,1.402777,0.6829534,33
27,0.4886425,0.8995744,0.3958241,34
27,-0.2597047,1.510701,0.5630441,35
27,0.3473152,1.553221,0.4498377,36
27,0.4812436,1.541495,0.5800928,37
27,0.4376163,1.436062,0.4064316,38
27,-0.4740822,1.532675,0.4798463,39
27,-0.09351149,1.599919,0.4806803,40
27,-0.3740522,1.472814,0.4119177,41
27,0.3563902,0.6021509,0.6551133,42
