Case,X,Y,Z,a,v,index
3,-0.2780068,1.470732,0.4868284,0
3,-0.311669,1.367476,0.6009089,1
3,-0.4416369,1.528287,0.5667949,2
3,-0.2730231,1.56808,0.4886251,3
3,-0.3850312,1.451385,0.6834397,4
3,-0.488465,1.357495,0.5629253,5
3,-0.3862573,1.271523,0.4733126,6
3,-0.1640204,1.570835,0.4103461,7
3,-0.1888795,1.413711,0.5129054,8
3,-0.006198049,1.4971,0.5349151,9
3,-0.495806,1.448394,0.5738475,10
3,-0.4873517,1.250602,0.609522,11
3,-0.4265938,1.11304,0.4798071,12
3,-0.001387745,1.594367,0.6295362,13
3,-0.119002,1.485277,0.3918965,14
3,-0.3359566,1.151986,0.516786,15
3,-0.1641217,1.190305,0.5343891,16
3,-0.4754477,1.025969,0.4298128,17
3,-0.3653596,0.9616824,0.5108697,18
3,0.1673894,1.534005,0.4572321,19
3,0.1249143,1.299602,0.4922595,20
3,-0.05445933,1.209683,0.3949811,21
3,-0.1496458,1.086043,0.4265316,22
3,-0.05480605,1.101994,0.4820617,23
3,0.2631181,1.508373,0.6495831,24
3,-0.4714012,0.9142951,0.5689417,25
3,0.0792824,1.171135,0.6129773,26
3,0.1958642,1.143649,0.4986639,27
3,0.04406834,0.9690115,0.4745776,28
3,0.3639746,1.488266,0.4606193,29
3,0.1805395,0.9927279,0.5543678,30
3,-0.1285705,0.9379319,0.6460991,31
3,-0.2786028,0.8873794,0.6002879,32
3,0.3132661,1.591809,0.6633565,33
3,0.08881646,1.076876,0.4963166,34
3,0.345085,0.9538922,0.6668607,35
3,0.1564491,0.7184366,0.3939492,36
3,-0.3701381,0.860936,0.3944875,37
3,0.2545202,1.055502,0.6096344,38
3,-0.04273769,1.000663,0.4024763,39
3,0.09721261,1.595712,0.4157088,40
3,0.08879751,0.8855755,0.4960907,41
3,0.4132206,0.8303999,0.6209568,42
3,0.2864301,1.297933,0.6293058,43
3,0.2117199,1.239411,0.4422656,44
3,0.4122747,1.388731,0.5086212,45
3,0.3201192,0.7763557,0.4350753,46
3,0.4353959,1.254677,0.4021434,47
3,-0.4987572,0.7581188,0.4559846,48
3,0.03205782,1.260852,0.445225,49
3,-0.1143249,0.7264947,0.4566251,50
3,0.4229287,1.58591,0.4791115,51
3,-0.1882083,0.8242181,0.5413795,52
3,0.2861532,0.6611179,0.6688994,53
3,-0.2325762,0.7358916,0.5445819,54
3,-0.2026304,0.6036414,0.6452312,55
3,0.2391597,1.41082,0.4981062,56
3,0.4844208,1.500907,0.4119342,57
3,-0.3595264,0.6742043,0.5736228,58
3,0.001459897,0.6326764,0.533222,59
3,-0.3393167,0.7691972,0.3955469,60
3,-0.1046062,0.6289529,0.4043321,61
3,0.1098998,0.6195414,0.6171166,62
3,-0.4616017,0.6556247,0.5363978,63
3,0.4212714,1.152434,0.5103587,64
3,0.377198,0.6910788,0.4873664,65
3,0.4599636,0.6160378,0.626191,66
3,0.4745601,0.7107657,0.6258693,67
3,0.4373066,0.9991521,0.496866,68
3,0.3621837,0.6008539,0.6058278,69
3,0.4978318,0.8881812,0.5394754,70
