Case,X,Y,Z,a,v,index
85,-0.2139462,1.558106,0.5696776,0
85,-0.312893,1.363231,0.6084141,1
85,-0.1634072,1.425771,0.431172,2
85,-0.3818776,1.513147,0.4313843,3
85,-0.4139592,1.297595,0.4244101,4
85,-0.4787642,1.571647,0.4543591,5
85,-0.4879319,1.119081,0.5330885,6
85,-0.02884799,1.574603,0.4489219,7
85,-0.3709755,1.188385,0.4826176,8
85,-0.1203653,1.13903,0.561072,9
85,0.07355362,1.051338,0.5166813,10
85,-0.347259,1.022236,0.5049224,11
85,-0.4823675,1.454529,0.5465146,12
85,0.008552849,1.213364,0.471881,13
85,-0.04575506,0.9980557,0.5431255,14
85,0.1665425,1.538146,0.5781058,15
85,3.385544E-05,1.447765,0.433052,16
85,-0.3680019,0.8980531,0.4581675,17
85,-0.4881732,0.9372178,0.400498,18
85,-0.3772328,0.7559019,0.4298673,19
85,-0.2645843,0.8185373,0.4287773,20
85,-0.2186997,0.6059503,0.4024324,21
85,0.2025394,0.7262005,0.6227076,22
85,0.411364,0.7432996,0.5426356,23
85,0.03496486,0.646644,0.6581916,24
85,-0.1395552,0.7348905,0.6835282,25
85,0.1429704,0.6020206,0.6076695,26
85,-0.3421207,0.6203352,0.5973212,27
85,0.2671021,1.491992,0.4858845,28
85,0.3027369,0.8099682,0.555694,29
85,0.4015216,0.8833902,0.5107161,30
85,0.3538025,1.033955,0.5410544,31
85,0.3916457,1.46385,0.4451253,32
85,0.4734548,1.088447,0.5185108,33
85,0.3053972,0.640545,0.5982144,34
85,0.324824,1.224478,0.4771214,35
85,0.4673586,1.296658,0.4570013,36
85,0.3530414,1.359789,0.5611417,37
85,-0.4988022,0.6248736,0.5303444,38
85,0.4886268,0.6160533,0.6795839,39
85,0.3725733,1.594157,0.5966728,40
85,-0.478303,0.81604,0.4781778,41
85,0.4835764,1.567441,0.6299335,42
