Case,X,Y,Z,a,v,index
126,0.1503742,1.105453,0.6073878,0
126,0.2652519,0.8869836,0.5197555,1
126,0.00965488,1.110198,0.3979993,2
126,0.4148624,1.108986,0.651729,3
126,0.2683337,1.404044,0.529648,4
126,0.3990864,1.320777,0.5482166,5
126,-0.1407425,1.160795,0.4215308,6
126,0.125744,1.492939,0.6677694,7
126,-0.1260976,1.458038,0.4149535,8
126,-0.03289402,1.001854,0.6615404,9
126,0.4333869,1.512408,0.4473081,10
126,0.04926842,1.572926,0.5075781,11
126,0.4902207,1.1929,0.3877201,12
126,0.2572667,1.514809,0.6716371,13
126,-0.1939112,1.367578,0.4819095,14
126,0.4098923,0.9534307,0.6724938,15
126,0.4287662,0.7709529,0.5242906,16
126,0.1534364,0.7708679,0.6451864,17
126,0.3271669,0.6391824,0.5827302,18
126,-0.2618656,1.493422,0.4015944,19
126,0.1788677,0.6150171,0.5423665,20
126,-0.04033139,0.6844602,0.4622369,21
126,-0.2123614,0.8288589,0.4845453,22
126,-0.1882064,0.703989,0.6245828,23
126,-0.405256,1.423318,0.4705523,24
126,-0.3478466,1.573303,0.5228039,25
126,-0.3598947,0.9974327,0.5321245,26
126,0.4951141,0.6291238,0.5189391,27
126,0.296602,0.7740636,0.537291,28
126,-0.4848161,1.247143,0.4570277,29
126,-0.3899602,1.104665,0.4295684,30
126,0.08525407,0.6781737,0.4458345,31
126,-0.3706748,0.8240129,0.6646845,32
126,-0.4931551,1.49756,0.509187,33
126,-0.1096162,1.599438,0.5648159,34
126,-0.4510778,0.6402363,0.5201142,35
126,-0.3134905,0.6974298,0.4423566,36
126,-0.3163974,1.339981,0.6563232,37
126,-0.4786918,0.9309626,0.3880261,38
126,-0.4987665,1.082841,0.6548792,39
