Case,X,Y,Z,a,v,index
45,-0.09231296,0.6553661,0.6459737,0
45,0.1036015,0.6733572,0.6657138,1
45,0.01235992,0.6099758,0.4375027,2
45,0.2154669,0.6265669,0.4147174,3
45,-0.2740204,0.6724259,0.4456721,4
45,0.3446485,0.6320571,0.4686404,5
45,0.3713085,0.7707636,0.459233,6
45,-0.1668584,0.7924962,0.4369495,7
45,0.4507063,0.9519517,0.6060935,8
45,-0.3000184,0.8777623,0.3917225,9
45,0.04450941,1.007814,0.505556,10
45,-0.4381813,0.767274,0.5948692,11
45,0.2577174,0.7533494,0.411051,12
45,-0.4070268,0.6073884,0.4832456,13
45,0.3478838,1.013041,0.4032446,14
45,-0.09455866,1.124677,0.5067651,15
45,-0.06408998,0.9785857,0.6742738,16
45,0.3659194,1.123966,0.551439,17
45,0.4770021,0.6270764,0.4019719,18
45,0.4947848,1.152555,0.6430733,19
45,0.3144808,0.88965,0.454997,20
45,0.4901394,0.7652312,0.3881112,21
45,0.07217544,1.143998,0.5117928,22
45,0.328065,1.230495,0.6336679,23
45,-0.4099138,1.00484,0.4026637,24
45,0.411155,1.399091,0.4324868,25
45,-0.3480504,1.282832,0.4689971,26
45,-0.4171035,1.191808,0.3888432,27
45,0.2607092,1.432945,0.4052825,28
45,-0.4404407,1.355422,0.6622832,29
45,-0.4888638,1.083289,0.3891402,30
45,-0.462481,0.8916916,0.4725632,31
45,0.4243038,1.542533,0.6309242,32
45,0.4598138,1.275589,0.6588897,33
45,-0.3660868,1.522563,0.5208458,34
45,0.2492132,1.553217,0.5203551,35
45,0.1300951,1.557388,0.6289448,36
45,-0.06219414,1.501617,0.4971226,37
45,-0.3289775,1.399726,0.535382,38
45,-0.2322729,1.561256,0.48408,39
45,-0.485131,1.563861,0.4190005,40
