Case,X,Y,Z,a,v,index
170,0.009501994,1.167466,0.3957966,0
170,0.1867266,1.462806,0.4593881,1
170,-0.09964421,1.560996,0.4158295,2
170,0.4607139,1.235311,0.6278299,3
170,-0.09557852,1.443615,0.4212418,4
170,0.4994676,1.111667,0.4863159,5
170,0.4908717,1.357578,0.5088953,6
170,-0.2088888,1.513801,0.6187533,7
170,0.3572323,1.485583,0.5916973,8
170,0.4905676,1.503937,0.6563187,9
170,0.4629035,0.955566,0.5272362,10
170,0.3882641,1.591805,0.3967124,11
170,0.2695013,1.572758,0.681456,12
170,0.3607178,1.316786,0.4766946,13
170,-0.2690013,1.350988,0.607651,14
170,0.2826281,1.394963,0.5249907,15
170,0.0120346,1.052443,0.4069148,16
170,0.07632858,1.554364,0.4077848,17
170,-0.02103782,0.6345962,0.622295,18
170,-0.1466841,1.075139,0.4674142,19
170,0.2457824,0.8231745,0.5298672,20
170,-0.1689799,0.7627676,0.6757232,21
170,-0.06207523,0.9589568,0.5818487,22
170,-0.2844818,0.9043791,0.4443787,23
170,-0.3922611,1.213108,0.3940785,24
170,0.1517232,0.6683275,0.4188474,25
170,-0.4645724,1.385281,0.4509005,26
170,-0.4812332,1.020087,0.4987293,27
170,-0.4058843,0.850158,0.4253539,28
170,0.4134564,0.7548617,0.3988362,29
170,-0.494221,1.142682,0.4083686,30
170,0.2820135,0.6767685,0.4507837,31
170,-0.4986836,1.598936,0.5631424,32
170,-0.3259166,1.523617,0.433256,33
170,-0.2594055,0.6900633,0.524446,34
170,0.04998565,0.7735882,0.4537746,35
170,0.3518623,0.8958032,0.4311398,36
170,-0.1714083,0.6104065,0.6554639,37
170,0.4850643,0.6582474,0.4107572,38
170,-0.3655504,0.6531602,0.4710455,39
170,0.3784437,0.6016917,0.639348,40
170,0.4927448,0.8483266,0.5856673,41
170,-0.3169044,0.7844891,0.5293793,42
170,-0.4892783,0.7243062,0.4410958,43
