Case,X,Y,Z,a,v,index
180,-0.09231296,0.6553661,0.5121155,0
180,0.1036015,0.6733572,0.5210316,1
180,0.01235992,0.6099758,0.5139903,2
180,0.2154669,0.6265669,0.4429665,3
180,-0.2740204,0.6724259,0.3928618,4
180,0.3446485,0.6320571,0.5314162,5
180,0.3713085,0.7707636,0.4636773,6
180,-0.1668584,0.7924962,0.5136255,7
180,0.4507063,0.9519517,0.5544468,8
180,-0.3000184,0.8777623,0.6399524,9
180,0.04450941,1.007814,0.682546,10
180,-0.4381813,0.767274,0.6325814,11
180,0.2577174,0.7533494,0.4582623,12
180,-0.4070268,0.6073884,0.4718712,13
180,0.3478838,1.013041,0.5080816,14
180,-0.09455866,1.124677,0.4217385,15
180,-0.06408998,0.9785857,0.4931633,16
180,0.3659194,1.123966,0.4000709,17
180,0.4770021,0.6270764,0.4547855,18
180,0.4947848,1.152555,0.4202828,19
180,0.3144808,0.88965,0.4625872,20
180,0.4901394,0.7652312,0.4522051,21
180,0.07217544,1.143998,0.6800512,22
180,0.328065,1.230495,0.4357291,23
180,-0.4099138,1.00484,0.5815281,24
180,0.411155,1.399091,0.5303576,25
180,-0.3480504,1.282832,0.4658411,26
180,-0.4171035,1.191808,0.5717021,27
180,0.2607092,1.432945,0.4435272,28
180,-0.4404407,1.355422,0.5105224,29
180,-0.4888638,1.083289,0.5013437,30
180,-0.462481,0.8916916,0.604166,31
180,0.4243038,1.542533,0.6169791,32
180,0.4598138,1.275589,0.5154479,33
180,-0.3660868,1.522563,0.578932,34
180,0.2492132,1.553217,0.5042012,35
180,0.1300951,1.557388,0.4464796,36
180,-0.06219414,1.501617,0.5330254,37
180,-0.3289775,1.399726,0.5508302,38
180,-0.2322729,1.561256,0.5317334,39
180,-0.485131,1.563861,0.6254648,40
