Case,X,Y,Z,a,v,index
125,0.009501994,1.167466,0.4682481,0
125,0.1867266,1.462806,0.4595478,1
125,-0.09964421,1.560996,0.5977608,2
125,0.4607139,1.235311,0.5314712,3
125,-0.09557852,1.443615,0.4239986,4
125,0.4994676,1.111667,0.6060309,5
125,0.4908717,1.357578,0.4548355,6
125,-0.2088888,1.513801,0.4117558,7
125,0.3572323,1.485583,0.4159106,8
125,0.4905676,1.503937,0.4787114,9
125,0.4629035,0.955566,0.3963122,10
125,0.3882641,1.591805,0.4892733,11
125,0.2695013,1.572758,0.6402758,12
125,0.3607178,1.316786,0.6731042,13
125,-0.2690013,1.350988,0.5941267,14
125,0.2826281,1.394963,0.5488318,15
125,0.0120346,1.052443,0.4448365,16
125,0.07632858,1.554364,0.4311915,17
125,-0.02103782,0.6345962,0.3960901,18
125,-0.1466841,1.075139,0.4945005,19
125,0.2457824,0.8231745,0.5240805,20
125,-0.1689799,0.7627676,0.4122948,21
125,-0.06207523,0.9589568,0.5841094,22
125,-0.2844818,0.9043791,0.5271215,23
125,-0.3922611,1.213108,0.4018555,24
125,0.1517232,0.6683275,0.5695691,25
125,-0.4645724,1.385281,0.4457802,26
125,-0.4812332,1.020087,0.4074189,27
125,-0.4058843,0.850158,0.465175,28
125,0.4134564,0.7548617,0.4125385,29
125,-0.494221,1.142682,0.4625759,30
125,0.2820135,0.6767685,0.4068214,31
125,-0.4986836,1.598936,0.3887172,32
125,-0.3259166,1.523617,0.6661588,33
125,-0.2594055,0.6900633,0.4473146,34
125,0.04998565,0.7735882,0.4617088,35
125,0.3518623,0.8958032,0.6308764,36
125,-0.1714083,0.6104065,0.6614337,37
125,0.4850643,0.6582474,0.5713093,38
125,-0.3655504,0.6531602,0.5902813,39
125,0.3784437,0.6016917,0.4318488,40
125,0.4927448,0.8483266,0.6665967,41
125,-0.3169044,0.7844891,0.4808995,42
125,-0.4892783,0.7243062,0.3944656,43
