Case,X,Y,Z,a,v,index
77,-0.2780068,1.470732,0.4654348,0
77,-0.3191495,1.34453,0.5183778,1
77,-0.4779992,1.541077,0.4628961,2
77,-0.2719156,1.589713,0.4370969,3
77,-0.4088144,1.447086,0.4646835,4
77,-0.1559264,1.556402,0.6076863,5
77,-0.1529751,1.429497,0.5267982,6
77,-0.4471014,1.266195,0.5039969,7
77,-0.396771,1.159251,0.6264439,8
77,0.05855238,1.58949,0.5286655,9
77,-0.08360159,1.214856,0.4793329,10
77,-0.01573643,1.493653,0.536035,11
77,-0.4964016,1.072494,0.4114648,12
77,0.1883995,1.568918,0.4772155,13
77,-0.3531768,1.054007,0.5701093,14
77,-0.4945068,1.367984,0.4993498,15
77,-0.116456,1.015527,0.4253278,16
77,0.03971308,1.153224,0.4038192,17
77,-0.01982215,0.955097,0.6485117,18
77,-0.4473267,0.9350852,0.5327501,19
77,0.1005943,1.451986,0.4005463,20
77,-0.2611245,0.8642624,0.6673791,21
77,0.1333507,1.009739,0.4525048,22
77,0.217596,1.420658,0.4048672,23
77,0.3763959,1.547666,0.6090612,24
77,0.3501114,1.230271,0.4115224,25
77,-0.1402781,0.701728,0.6764072,26
77,-0.4314097,0.7761112,0.5101385,27
77,0.02652007,0.7307147,0.4500036,28
77,0.1373619,0.7408451,0.4498771,29
77,0.208514,0.642377,0.4713658,30
77,0.3904971,1.434248,0.5396654,31
77,-0.2734228,0.7546922,0.4991282,32
77,0.4856389,1.162052,0.4057455,33
77,-0.01060444,0.6132415,0.4469869,34
77,0.3890041,0.7041485,0.6274794,35
77,0.4880969,0.6285436,0.4382526,36
77,0.333151,0.9140787,0.462203,37
77,-0.397907,0.6199264,0.4564023,38
77,0.386224,1.100352,0.5630568,39
77,0.4374813,0.8487814,0.4681684,40
77,-0.2563644,0.6340743,0.4303032,41
77,0.4807322,1.024816,0.4559408,42
77,0.3039011,0.7754599,0.3961906,43
77,0.4820269,1.342244,0.4182897,44
77,0.4955317,1.585192,0.405072,45
