Case,X,Y,Z,a,v,index
87,-0.4043737,1.023242,0.6406236,0
87,-0.3413654,0.8406861,0.6739618,1
87,-0.2237309,0.8179217,0.4574026,2
87,-0.1360621,1.026659,0.4990102,3
87,-0.08939978,1.183312,0.665954,4
87,-0.1621246,0.6650287,0.4071051,5
87,-0.007927567,0.6799365,0.581102,6
87,-0.2774536,0.7105929,0.5012357,7
87,0.1072642,0.6965817,0.4393283,8
87,-0.3681386,0.6182284,0.4281902,9
87,-0.4252845,0.7333893,0.5351639,10
87,-0.446298,0.8808436,0.6584665,11
87,0.02956063,1.010132,0.5431828,12
87,0.3716919,1.02324,0.6426198,13
87,0.1819428,0.8249121,0.506583,14
87,-0.4915114,0.6105524,0.6259378,15
87,0.1060021,1.090734,0.5781106,16
87,0.301729,0.9285388,0.5199238,17
87,0.2398115,0.6712039,0.651963,18
87,0.1034955,1.207892,0.4009234,19
87,0.3399343,0.817396,0.5709271,20
87,-0.3602212,1.349825,0.5036387,21
87,-0.4596093,1.15985,0.4634983,22
87,-0.1136853,1.445098,0.640438,23
87,0.01870543,1.564901,0.5636072,24
87,-0.2197961,1.376015,0.4284754,25
87,0.4458845,1.273794,0.4931552,26
87,0.4837519,1.101624,0.3888339,27
87,0.3263878,1.443631,0.4488147,28
87,0.4580548,0.6942778,0.5658296,29
87,-0.4667735,1.294455,0.3967806,30
87,0.328733,1.309008,0.4518284,31
87,0.179319,1.519936,0.4773609,32
87,-0.4892363,1.402777,0.4655576,33
87,0.4886425,0.8995744,0.5147003,34
87,-0.2597047,1.510701,0.4181711,35
87,0.3473152,1.553221,0.4665386,36
87,0.4812436,1.541495,0.5187501,37
87,0.4376163,1.436062,0.5614038,38
87,-0.4740822,1.532675,0.6272774,39
87,-0.09351149,1.599919,0.4551921,40
87,-0.3740522,1.472814,0.464835,41
87,0.3563902,0.6021509,0.4109496,42
