Case,X,Y,Z,a,v,index
81,0.1503742,1.105453,0.3913573,0
81,0.2652519,0.8869836,0.4653661,1
81,0.00965488,1.110198,0.543747,2
81,0.4148624,1.108986,0.4142611,3
81,0.2683337,1.404044,0.5803654,4
81,0.3990864,1.320777,0.5961748,5
81,-0.1407425,1.160795,0.6546705,6
81,0.125744,1.492939,0.4969934,7
81,-0.1260976,1.458038,0.3873428,8
81,-0.03289402,1.001854,0.4853444,9
81,0.4333869,1.512408,0.4245745,10
81,0.04926842,1.572926,0.6633464,11
81,0.4902207,1.1929,0.4482735,12
81,0.2572667,1.514809,0.4574256,13
81,-0.1939112,1.367578,0.545736,14
81,0.4098923,0.9534307,0.6506871,15
81,0.4287662,0.7709529,0.4521379,16
81,0.1534364,0.7708679,0.6648171,17
81,0.3271669,0.6391824,0.6493645,18
81,-0.2618656,1.493422,0.5103268,19
81,0.1788677,0.6150171,0.5678399,20
81,-0.04033139,0.6844602,0.5363404,21
81,-0.2123614,0.8288589,0.4815717,22
81,-0.1882064,0.703989,0.4581314,23
81,-0.405256,1.423318,0.5214753,24
81,-0.3478466,1.573303,0.4676336,25
81,-0.3598947,0.9974327,0.4824243,26
81,0.4951141,0.6291238,0.464916,27
81,0.296602,0.7740636,0.4311212,28
81,-0.4848161,1.247143,0.4716859,29
81,-0.3899602,1.104665,0.5402267,30
81,0.08525407,0.6781737,0.5261773,31
81,-0.3706748,0.8240129,0.5601622,32
81,-0.4931551,1.49756,0.4003578,33
81,-0.1096162,1.599438,0.5053725,34
81,-0.4510778,0.6402363,0.6490713,35
81,-0.3134905,0.6974298,0.4916737,36
81,-0.3163974,1.339981,0.5909151,37
81,-0.4786918,0.9309626,0.4874392,38
81,-0.4987665,1.082841,0.6691207,39
